timestamp,z_score,spread_percent,tatn_close,tatnp_close
2025-11-01 12:45:00,-0.5578655165400169,5.755537974683556,534.7,505.6
2025-11-01 13:00:00,-0.5939443485340758,5.702970297029686,533.8,505.0
2025-11-01 13:15:00,-0.6377820678250431,5.63909774436091,533.9,505.4
2025-11-01 13:30:00,-0.5722185548314431,5.73462527190034,534.7,505.7
2025-11-01 13:45:00,-0.5051506034664852,5.832344800316314,535.3,505.8
2025-11-01 14:00:00,-0.5011896697453736,5.838115970710467,534.8,505.3
2025-11-01 14:15:00,-0.46124260816038437,5.896319746735279,535.2,505.4
2025-11-01 14:30:00,-0.46124260816038437,5.896319746735279,535.2,505.4
2025-11-01 14:45:00,-0.5043590433283319,5.83349812141587,535.2,505.7
2025-11-01 15:00:00,-0.5644201564419441,5.745987715474543,533.7,504.7
2025-11-01 15:15:00,-0.520463398546836,5.81003371009321,533.6,504.3
2025-11-01 15:30:00,-0.6098508372644532,5.679794181674258,534.0,505.3
2025-11-01 15:45:00,-0.5258057024404451,5.802249851983432,536.1,506.7
2025-11-01 16:00:00,-0.5217013638502913,5.808229966528855,537.4,507.9
2025-11-01 16:15:00,-0.516986557394768,5.81509954661934,536.8,507.3
2025-11-01 16:30:00,-0.5877231901167669,5.71203466614143,536.7,507.7
2025-11-01 16:45:00,-0.6147600661988036,5.672641323616312,536.5,507.7
2025-11-01 17:00:00,-0.5884952159206119,5.710909807010633,536.8,507.8
2025-11-01 17:15:00,-0.6124581484874385,5.675995270003953,536.2,507.4
2025-11-01 17:30:00,-0.5256218682347954,5.802517702596388,537.9,508.4
2025-11-01 17:45:00,-0.5399022140141571,5.781710914454274,537.9,508.5
2025-11-01 18:00:00,-0.5992717379326316,5.6952081696779455,538.2,509.2
2025-11-01 18:15:00,-0.5699943523321802,5.737865985458845,538.1,508.9
2025-11-01 18:30:00,-0.5191834086333404,5.811898684468875,538.9,509.3
2025-11-01 19:00:00,-0.5025615463445186,5.836117115346839,538.6,508.9
2025-11-01 19:15:00,-0.5904093764124948,5.708120831698693,538.9,509.8
2025-11-01 19:30:00,-0.6584782547252479,5.6089429299862825,538.5,509.9
2025-11-01 19:45:00,-0.6756963326583824,5.583855799373039,538.9,510.4
2025-11-01 20:00:00,-0.6786974085310188,5.579483163664833,539.3,510.8
2025-11-01 20:15:00,-0.6368724818898833,5.64042303172736,539.4,510.6
2025-11-01 20:30:00,-0.7078021509119433,5.537076892975934,539.4,511.1
2025-11-01 20:45:00,-0.7488231990093183,5.477308294209715,539.2,511.2
2025-11-01 21:00:00,-0.7622490812343286,5.457746478873249,539.1,511.2
2025-11-01 21:15:00,-0.7502933777433837,5.4751662104028265,539.4,511.4
2025-11-01 21:30:00,-0.8145075543175844,5.381604696673192,538.5,511.0
2025-11-01 21:45:00,-0.8420872417635312,5.341420465662283,538.4,511.1
2025-11-01 22:00:00,-0.8199995960099954,5.373602667189648,537.3,509.9
2025-11-01 22:15:00,-0.7588062090976267,5.462762821772471,536.7,508.9
2025-11-01 22:30:00,-0.7453196479001188,5.482413047750034,536.8,508.9
2025-11-01 22:45:00,-0.7438402885236053,5.484568507961485,536.6,508.7
2025-11-01 23:00:00,-0.7693541056330527,5.447394296951824,536.2,508.5
2025-11-01 23:15:00,-0.7529030183668303,5.471363904743143,535.9,508.1
2025-11-01 23:30:00,-0.6644002807149187,5.600314403615636,537.4,508.9
2025-11-03 06:45:00,-0.9959852995953308,5.117187500000009,538.2,512.0
2025-11-03 07:00:00,-0.8612239820987804,5.313537800351642,539.1,511.9
2025-11-03 07:15:00,-0.916958651848255,5.232331120655975,539.0,512.2
2025-11-03 07:30:00,-0.8499603016586269,5.32994923857868,539.5,512.2
2025-11-03 07:45:00,-0.8894762935720172,5.272373540856035,541.1,514.0
2025-11-03 08:00:00,-0.8592213394316837,5.316455696202516,540.8,513.5
2025-11-03 08:15:00,-0.8071997817186533,5.392252287327226,541.4,513.7
2025-11-03 08:30:00,-0.8943976375586339,5.265203030891774,541.8,514.7
2025-11-03 08:45:00,-0.9420226333383239,5.195812330360616,542.6,515.8
2025-11-03 09:00:00,-0.5575842319363054,5.755947812739826,551.2,521.2
2025-11-03 09:15:00,-0.5469442158029697,5.771450557906888,549.8,519.8
2025-11-03 09:30:00,-0.47314782641373,5.878973573343527,552.9,522.2
2025-11-03 09:45:00,-0.652866874539881,5.617118838364532,552.8,523.4
2025-11-03 10:00:00,-0.8572336783217348,5.319351763584357,552.4,524.5
2025-11-03 10:15:00,-0.8261488986969956,5.364642993508983,551.9,523.8
2025-11-03 10:30:00,-0.8102221132121801,5.3878486816966165,551.6,523.4
2025-11-03 10:45:00,-0.8771742228166262,5.290297937356758,551.3,523.6
2025-11-03 11:00:00,-0.5771933643803548,5.727376861397482,553.8,523.8
2025-11-03 11:15:00,-0.5850536151795965,5.715924297457464,553.0,523.1
2025-11-03 11:30:00,-0.4716018791357044,5.881226053639854,552.7,522.0
2025-11-03 11:45:00,-0.4190094577301516,5.957854406130281,553.1,522.0
2025-11-03 12:00:00,-0.3313192430992152,6.085621040506828,552.6,520.9
2025-11-03 12:15:00,-0.35846760602578653,6.046065259117084,552.5,521.0
2025-11-03 12:30:00,-0.31089157603298556,6.115384615384611,551.8,520.0
2025-11-03 12:45:00,-0.286929499552006,6.150297905054769,552.3,520.3
2025-11-03 13:00:00,-0.30254542965219494,6.127545140222823,552.5,520.6
2025-11-03 13:15:00,-0.3157288929511359,6.108336534767567,552.4,520.6
2025-11-03 13:30:00,-0.21437229542285327,6.256015399422532,552.0,519.5
2025-11-03 13:45:00,-0.27211015877539285,6.171890021149773,552.2,520.1
2025-11-03 14:00:00,-0.31360408567950965,6.111432427221897,550.4,518.7
2025-11-03 14:15:00,-0.23008980735317372,6.233114627556913,550.5,518.2
2025-11-03 14:30:00,-0.3922011148868212,5.996914770536055,549.7,518.6
2025-11-03 14:45:00,-0.3424768444998306,6.069364161849711,550.5,519.0
2025-11-03 15:00:00,-0.41116097257798295,5.969289827255286,552.1,521.0
2025-11-03 15:15:00,-0.524957348984369,5.803485922237117,552.4,522.1
2025-11-03 15:30:00,-0.5342973692238491,5.7898773006134885,551.8,521.6
2025-11-03 15:45:00,-0.5674131922943784,5.741626794258381,552.5,522.5
2025-11-03 16:00:00,-0.6703791512610743,5.591603053435112,553.3,524.0
2025-11-03 16:15:00,-0.6790927476519257,5.5789071455865535,552.6,523.4
2025-11-03 16:30:00,-0.7038649695402557,5.542813455657503,552.2,523.2
2025-11-03 16:45:00,-0.7293786408490149,5.505639457082756,551.9,523.1
2025-11-03 17:00:00,-0.7394647575575459,5.490943755958044,553.3,524.5
2025-11-03 17:15:00,-0.5670999644368899,5.742083174360912,554.3,524.2
2025-11-03 17:30:00,-0.5723555925189965,5.734425604877114,555.0,524.9
2025-11-03 17:45:00,-0.5570219566397138,5.756767060617607,554.8,524.6
2025-11-03 18:00:00,-0.5139663239113009,5.819500095401642,554.6,524.1
2025-11-03 18:15:00,-0.5424271422871065,5.77803203661329,554.7,524.4
2025-11-03 18:30:00,-0.5562686585910165,5.7578646329838,554.7,524.5
2025-11-03 19:00:00,-0.5154899187608513,5.817280183101281,554.8,524.3
2025-11-03 19:15:00,-0.5270617465280291,5.800419767219989,554.5,524.1
2025-11-03 19:30:00,-0.5547612004321707,5.760061033759301,554.5,524.3
2025-11-03 19:45:00,-0.5016353422180452,5.837466615795472,554.8,524.2
2025-11-03 20:00:00,-0.4739103251134341,5.877862595419847,554.8,524.0
2025-11-03 20:15:00,-0.4322830939709142,5.938514416650742,554.8,523.7
2025-11-03 20:30:00,-0.4970443167637136,5.844155844155852,554.2,523.6
2025-11-03 20:45:00,-0.5109156430649374,5.823945006683218,554.2,523.7
2025-11-03 21:00:00,-0.4831676910064079,5.8643744030563605,554.2,523.5
2025-11-03 21:15:00,-0.52249898609767,5.807067812798472,553.9,523.5
2025-11-03 21:30:00,-0.5348504455356262,5.789071455865513,553.7,523.4
2025-11-03 21:45:00,-0.5356094177947573,5.787965616045843,553.8,523.5
2025-11-03 22:00:00,-0.5348504455356262,5.789071455865513,553.7,523.4
2025-11-03 22:15:00,-0.5356094177947573,5.787965616045843,553.8,523.5
2025-11-03 22:30:00,-0.5086245724235815,5.827283148643492,553.9,523.4
2025-11-03 22:45:00,-0.4847499844870964,5.862068965517242,552.6,522.0
2025-11-03 23:00:00,-0.6360550316116631,5.641614075349022,552.4,522.9
2025-11-03 23:15:00,-0.6491805068333601,5.622489959839361,552.3,522.9
2025-11-03 23:30:00,-0.6543394503028519,5.614973262032086,553.0,523.6
2025-11-05 06:45:00,-0.7949809252441941,5.410055438730632,551.4,523.1
2025-11-05 07:00:00,-0.7939007724901938,5.411629245826122,549.3,521.1
2025-11-05 07:15:00,-0.8423632937274259,5.341018251681073,548.3,520.5
2025-11-05 07:30:00,-0.690716724899254,5.56197074672824,548.5,519.6
2025-11-05 07:45:00,-0.8506305429456262,5.328972681800703,547.5,519.8
2025-11-05 08:00:00,-0.8520372505144999,5.326923076923085,547.7,520.0
2025-11-05 08:15:00,-0.8242230362375652,5.367449018853421,547.7,519.8
2025-11-05 08:30:00,-0.8791324731332233,5.287444722168821,547.6,520.1
2025-11-05 08:45:00,-0.8659363358645754,5.306671793885798,547.7,520.1
2025-11-05 09:00:00,-0.8493924537049613,5.330776605944387,549.3,521.5
2025-11-05 09:15:00,-0.926983342649676,5.217724918473055,548.5,521.3
2025-11-05 09:30:00,-0.8331849058099301,5.354391371340506,547.0,519.2
2025-11-05 09:45:00,-0.8700391441557015,5.300693909020815,546.3,518.8
2025-11-05 10:00:00,-0.6789256716263166,5.579150579150571,546.9,518.0
2025-11-05 10:15:00,-0.619433814097359,5.66583156677587,548.3,518.9
2025-11-05 10:30:00,-0.7076259713599792,5.537333590584614,547.0,518.3
2025-11-05 10:45:00,-0.7311950856418744,5.502992855763655,546.4,517.9
2025-11-05 11:00:00,-0.7267045041936344,5.50953573492583,547.7,519.1
2025-11-05 11:15:00,-0.6980594932025088,5.551272166538168,547.6,518.8
2025-11-05 11:30:00,-0.7531476211014554,5.471007513003268,547.5,519.1
2025-11-05 11:45:00,-0.7222346365556438,5.51604843359601,549.0,520.3
2025-11-05 12:00:00,-0.7603672377153928,5.460488367621608,548.5,520.1
2025-11-05 12:15:00,-0.8103079011365605,5.387723686742341,547.7,519.7
2025-11-05 12:30:00,-0.8757138764985317,5.292425695110259,549.1,521.5
2025-11-05 12:45:00,-0.8860964680456794,5.277298023412014,548.6,521.1
2025-11-05 13:00:00,-0.8134526182717747,5.383141762452115,550.1,522.0
2025-11-05 13:15:00,-0.856394707806988,5.320574162679415,550.3,522.5
2025-11-05 13:30:00,-0.8504244699012735,5.329272934906748,553.4,525.4
2025-11-05 13:45:00,-0.7582696221396564,5.463544641157436,554.0,525.3
2025-11-05 14:00:00,-0.7634938310934394,5.45593285005721,552.8,524.2
2025-11-05 14:15:00,-0.7314196563231455,5.502665651180494,554.1,525.2
2025-11-05 14:30:00,-0.7335756889962208,5.499524262607047,554.4,525.5
2025-11-05 14:45:00,-0.7271001932285701,5.508959207014863,553.5,524.6
2025-11-05 15:00:00,-0.7416190670837093,5.487804878048785,553.6,524.8
2025-11-05 15:15:00,-0.7684875507993455,5.448656887026115,553.5,524.9
2025-11-05 15:30:00,-0.8034793176838455,5.39767308792678,552.6,524.3
2025-11-05 15:45:00,-0.8378504394318416,5.3475935828877,551.6,523.6
2025-11-05 16:00:00,-0.8373614493580298,5.348306052531404,553.5,525.4
2025-11-05 16:15:00,-0.8242984288147708,5.367339170156082,553.6,525.4
2025-11-05 16:30:00,-0.7988783625778095,5.404376784015219,553.9,525.5
2025-11-05 16:45:00,-0.8277631546171257,5.362290985969653,548.2,520.3
2025-11-05 17:00:00,-0.8727576138572876,5.296733036922507,544.7,517.3
2025-11-05 17:15:00,-1.0438966206120606,5.047379617095338,543.2,517.1
2025-11-05 17:30:00,-1.1407126938490966,4.906316399459132,543.1,517.7
2025-11-05 17:45:00,-1.1779115919140462,4.852116760100533,542.4,517.3
2025-11-05 18:00:00,-0.9571680091975721,5.173745173745159,544.8,518.0
2025-11-05 18:15:00,-0.9509877500764455,5.1827499516534425,543.9,517.1
2025-11-05 18:30:00,-0.835085011079438,5.351622874806794,545.3,517.6
2025-11-05 19:00:00,-0.9863867261573899,5.131172839506171,545.0,518.4
2025-11-05 19:15:00,-0.934807653125137,5.206324720401079,545.6,518.6
2025-11-05 19:30:00,-0.9027519591584369,5.253030594573782,547.0,519.7
2025-11-05 19:45:00,-0.8742417214500979,5.294570658452069,546.9,519.4
2025-11-05 20:00:00,-0.940311330551229,5.198305737389286,546.4,519.4
2025-11-05 20:15:00,-0.9813111087624767,5.138568129330245,546.3,519.6
2025-11-05 20:30:00,-0.9884235587171777,5.12820512820511,545.3,518.7
2025-11-05 20:45:00,-0.9494143676725455,5.185042405551288,545.7,518.8
2025-11-05 21:00:00,-0.9704176443200027,5.154440154440154,544.7,518.0
2025-11-05 21:15:00,-0.9306687389526804,5.212355212355213,545.0,518.0
2025-11-05 21:30:00,-0.8853632056405449,5.278366403390478,546.5,519.1
2025-11-05 21:45:00,-0.9118063225483659,5.239838181467915,546.3,519.1
2025-11-05 22:00:00,-0.898584764094463,5.259102292429185,546.4,519.1
2025-11-05 22:15:00,-0.9118063225483659,5.239838181467915,546.3,519.1
2025-11-05 22:30:00,-0.898584764094463,5.259102292429185,546.4,519.1
2025-11-05 22:45:00,-0.9145753419127198,5.235803657362848,546.7,519.5
2025-11-05 23:00:00,-0.9396242982208812,5.199306759098787,546.3,519.3
2025-11-05 23:15:00,-0.8700391441557015,5.300693909020815,546.3,518.8
2025-11-05 23:30:00,-0.8735419662988277,5.295590217600621,546.8,519.3
2025-11-06 06:45:00,-1.0189230965273364,5.0837666088966005,545.7,519.3
2025-11-06 07:00:00,-0.9708253254006933,5.153846153846153,546.8,520.0
2025-11-06 07:15:00,-0.7913803219302948,5.415301599537492,547.0,518.9
2025-11-06 07:30:00,-0.8242230362375652,5.367449018853421,547.7,519.8
2025-11-06 07:45:00,-0.8374267895915958,5.348210850327062,547.6,519.8
2025-11-06 08:00:00,-0.9173401004278912,5.231775341411815,547.1,519.9
2025-11-06 08:15:00,-0.9194108790447377,5.228758169934622,547.4,520.2
2025-11-06 08:30:00,-0.8624315880911493,5.311778290993074,547.2,519.6
2025-11-06 08:45:00,-0.9464827374363176,5.1893138573899655,547.3,520.3
2025-11-06 09:00:00,-0.9013639636770643,5.2550529355149145,546.8,519.5
2025-11-06 09:15:00,-0.9138834869107735,5.236811705814404,546.6,519.4
2025-11-06 09:30:00,-0.7978155295295195,5.405925355906116,547.9,519.8
2025-11-06 09:45:00,-0.8213860341692174,5.37158259530226,547.3,519.4
2025-11-06 10:00:00,-0.8992927423839675,5.2580707519814585,544.5,517.3
2025-11-06 10:15:00,-1.0238859936118219,5.0765355551249725,542.3,516.1
2025-11-06 10:30:00,-1.0691119180904245,5.010640355968277,542.8,516.9
2025-11-06 10:45:00,-1.063113735002196,5.019379844961236,541.9,516.0
2025-11-06 11:00:00,-1.0385289295775442,5.055200464846021,542.4,516.3
2025-11-06 11:15:00,-0.9935244959103422,5.120772946859908,544.0,517.5
2025-11-06 11:30:00,-0.9461659883987417,5.189775367931859,543.2,516.4
2025-11-06 11:45:00,-1.0418856839239423,5.050309597523217,542.9,516.8
2025-11-06 12:00:00,-1.0671148459046431,5.0135501355013545,542.5,516.6
2025-11-06 12:15:00,-1.059772361105974,5.024248302618806,541.4,515.5
2025-11-06 12:30:00,-1.0071959177630583,5.100853374709069,541.9,515.6
2025-11-06 12:45:00,-0.9498099594014017,5.1844660194174885,541.7,515.0
2025-11-06 13:00:00,-1.0611096881802053,5.0222997866976815,541.6,515.7
2025-11-06 13:15:00,-1.0044778476510576,5.104813664596275,541.5,515.2
2025-11-06 13:30:00,-1.0697513165680586,5.00970873786406,540.8,515.0
2025-11-06 13:45:00,-0.9904734402915981,5.125218404193355,541.5,515.1
2025-11-06 14:00:00,-0.9908239412817664,5.124707716289945,539.5,513.2
2025-11-06 14:15:00,-0.9534737962895955,5.179127725856692,540.2,513.6
2025-11-06 14:30:00,-1.066409898778509,5.014577259475206,540.3,514.5
2025-11-06 14:45:00,-1.075749546874106,5.000969180073667,541.7,515.9
2025-11-06 15:00:00,-1.1468280978607888,4.8974061169183125,541.9,516.6
2025-11-06 15:15:00,-1.1056542376650018,4.957397366382654,542.0,516.4
2025-11-06 15:30:00,-1.071086067695938,5.007763975155277,541.0,515.2
2025-11-06 15:45:00,-1.0198306870414187,5.082444228903982,541.7,515.5
2025-11-06 16:00:00,-1.0089702409313777,5.098268145553608,540.1,513.9
2025-11-06 16:15:00,-0.9576215167396885,5.17308440295603,540.8,514.2
2025-11-06 16:30:00,-1.0550835334007527,5.03108003108006,540.7,514.8
2025-11-06 16:45:00,-1.0650715124968535,5.016527318685604,540.1,514.3
2025-11-06 17:00:00,-1.1204274075348646,4.93587252234744,540.0,514.6
2025-11-06 17:15:00,-1.1385896641645579,4.909409701928702,538.5,513.3
2025-11-06 17:30:00,-1.176755529296956,4.853801169590644,537.9,513.0
2025-11-06 17:45:00,-1.1754562645961997,4.855694227769125,537.7,512.8
2025-11-06 18:00:00,-1.1633767554306285,4.873294346978563,538.0,513.0
2025-11-06 18:15:00,-1.1484074979578216,4.895104895104896,540.0,514.8
2025-11-06 18:30:00,-1.0557541464690685,5.03010293260826,540.8,514.9
2025-11-06 19:00:00,-1.1070902310998998,4.955305091333084,540.1,514.6
2025-11-06 19:15:00,-1.029095335074909,5.068945426296367,541.0,514.9
2025-11-06 19:30:00,-1.0024365236807495,5.1077879199844745,541.2,514.9
2025-11-06 19:45:00,-1.0297708641791627,5.067961165048551,541.1,515.0
2025-11-06 20:00:00,-1.0750841105276165,5.001938735944189,541.6,515.8
2025-11-06 20:15:00,-1.0331445783962705,5.063045586808923,541.6,515.5
2025-11-06 20:30:00,-1.049812744704853,5.03875968992249,542.0,516.0
2025-11-06 20:45:00,-1.077744308986759,4.998062766369604,542.0,516.2
2025-11-06 21:00:00,-1.1335425558681003,4.916763453348816,542.0,516.6
2025-11-06 21:15:00,-1.0491424098575495,5.039736383019955,541.9,515.9
2025-11-06 21:30:00,-1.089715715596851,4.980620155038773,541.7,516.0
2025-11-06 21:45:00,-1.0358388413492483,5.059119984493132,542.0,515.9
2025-11-06 22:00:00,-1.1056542376650018,4.957397366382654,542.0,516.4
2025-11-06 22:15:00,-1.0671148459046431,5.0135501355013545,542.5,516.6
2025-11-06 22:30:00,-1.0119424062638576,5.09393763315904,542.6,516.3
2025-11-06 22:45:00,-0.972062621293366,5.152043385628513,542.9,516.3
2025-11-06 23:00:00,-0.972062621293366,5.152043385628513,542.9,516.3
2025-11-06 23:15:00,-0.8100792763230422,5.3880567982882654,541.8,514.1
2025-11-06 23:30:00,-0.7804786955071542,5.43118551683861,541.6,513.7
2025-11-07 06:45:00,-1.0463417949485956,5.043816942551116,539.4,513.5
2025-11-07 07:00:00,-0.8224413932835349,5.370044913102912,539.6,512.1
2025-11-07 07:15:00,-0.8274724778781324,5.362714508580346,540.3,512.8
2025-11-07 07:30:00,-0.8697529540105052,5.301110894562444,540.3,513.1
2025-11-07 07:45:00,-0.8521016342949432,5.3268292682926655,539.8,512.5
2025-11-07 08:00:00,-0.8958012781041572,5.263157894736836,540.0,513.0
2025-11-07 08:15:00,-0.9760739213021062,5.146198830409343,539.4,513.0
2025-11-07 08:30:00,-0.9218597594698182,5.225190095535215,539.7,512.9
2025-11-07 08:45:00,-0.9479284040497786,5.187207488299528,539.4,512.8
2025-11-07 09:00:00,-0.7453483871820139,5.482371173963574,544.5,516.2
2025-11-07 09:15:00,-0.7726636964408311,5.442572147975988,544.4,516.3
2025-11-07 09:30:00,-0.7402389685896233,5.489815712900081,543.8,515.5
2025-11-07 09:45:00,-0.8305826774861316,5.3581828771112505,542.7,515.1
2025-11-07 10:00:00,-0.7230587601540838,5.51484766679522,547.2,518.6
2025-11-07 10:15:00,-0.5854260408830977,5.715381664748764,551.2,521.4
2025-11-07 10:30:00,-0.6914639169435234,5.56088207094918,550.5,521.5
2025-11-07 10:45:00,-0.6132464987494278,5.674846625766872,551.2,521.6
2025-11-07 11:00:00,-0.4700572593093358,5.883476599808968,554.3,523.5
2025-11-07 11:15:00,-0.5426600057994597,5.777692749186891,552.9,522.7
2025-11-07 11:30:00,-0.6441833077747212,5.629770992366412,553.5,524.0
2025-11-07 11:45:00,-0.6478667080742813,5.624404194470922,554.0,524.5
2025-11-07 12:00:00,-0.5947788661118599,5.701754385964919,554.3,524.4
2025-11-07 12:15:00,-0.6703791512610743,5.591603053435112,553.3,524.0
2025-11-07 12:30:00,-0.6209547280242289,5.663615560640745,554.1,524.4
2025-11-07 12:45:00,-0.5761010384930019,5.728968405024748,555.5,525.4
2025-11-07 13:00:00,-0.6268756960272747,5.65498857578064,554.9,525.2
2025-11-07 13:15:00,-0.6059405642176905,5.685491538315257,555.8,525.9
2025-11-07 13:30:00,-0.5831878391918431,5.718642775447957,554.6,524.6
2025-11-07 13:45:00,-0.5270617465280291,5.800419767219989,554.5,524.1
2025-11-07 14:00:00,-0.5240210679139412,5.804850105021964,554.1,523.7
2025-11-07 14:15:00,-0.4715993685179258,5.88122971166698,554.5,523.7
2025-11-07 14:30:00,-0.4322830939709142,5.938514416650742,554.8,523.7
2025-11-07 14:45:00,-0.4862407221428853,5.859896926894459,554.6,523.9
2025-11-07 15:00:00,-0.5585276914969349,5.754573170731714,555.0,524.8
2025-11-07 15:15:00,-0.6246574480604219,5.658220613450182,554.6,524.9
2025-11-07 15:30:00,-0.6530116861012276,5.616907844630625,554.7,525.2
2025-11-07 15:45:00,-0.7706236414341044,5.445544554455428,553.8,525.2
2025-11-07 16:00:00,-0.6798765782398889,5.577765086617181,554.6,525.3
2025-11-07 16:15:00,-0.6552124806983259,5.613701236917224,555.0,525.5
2025-11-07 16:30:00,-0.7060075928731498,5.539691604797259,554.4,525.3
2025-11-07 16:45:00,-0.7335756889962208,5.499524262607047,554.4,525.5
2025-11-07 17:00:00,-0.6423327574810201,5.632467286174858,557.0,527.3
2025-11-07 17:15:00,-0.6185137644039042,5.667172100075812,557.5,527.6
2025-11-07 17:30:00,-0.5342326364150269,5.789971617786183,559.1,528.5
2025-11-07 17:45:00,-0.5616988545046236,5.7499527142046425,559.1,528.7
2025-11-07 18:00:00,-0.48232402427418536,5.865603644646944,557.7,526.8
2025-11-07 18:15:00,-0.46776181342540846,5.886821116597041,557.6,526.6
2025-11-07 18:30:00,-0.3710297486983139,6.027761931926223,557.6,525.9
2025-11-07 19:00:00,-0.4387079546470133,5.929153248721364,559.2,527.9
2025-11-07 19:15:00,-0.4425586002444482,5.923542770628321,559.7,528.4
2025-11-07 19:30:00,-0.4074722376628804,5.974664397806784,560.5,528.9
2025-11-07 19:45:00,-0.4165808902012144,5.961392884178651,559.9,528.4
2025-11-07 20:00:00,-0.49906625798880233,5.841209829867666,559.9,529.0
2025-11-07 20:15:00,-0.4731180122669593,5.879017013232524,560.1,529.0
2025-11-07 20:30:00,-0.40070834752518303,5.984519539361899,561.4,529.7
2025-11-07 20:45:00,-0.35478066472013553,6.051437216338873,560.8,528.8
2025-11-07 21:00:00,-0.36070101022470935,6.042811138473181,559.8,527.9
2025-11-07 21:15:00,-0.3196237792565514,6.102661596958181,558.1,526.0
2025-11-07 21:30:00,-0.33232566384413825,6.084154662623198,559.7,527.6
2025-11-07 21:45:00,-0.3721352288168347,6.026151222285381,559.5,527.7
2025-11-07 22:00:00,-0.3752679195899495,6.021586820677882,559.9,528.1
2025-11-07 22:15:00,-0.30949171656463575,6.11742424242423,560.3,528.0
2025-11-07 22:30:00,-0.2874910869825535,6.149479659413437,561.0,528.5
2025-11-07 22:45:00,-0.3198037363210526,6.102399395427938,561.6,529.3
2025-11-07 23:00:00,-0.36183741495905947,6.0411553709647015,561.7,529.7
2025-11-07 23:15:00,-0.2540586982049815,6.198191409193687,563.7,530.8
2025-11-07 23:30:00,-0.3818052259650419,6.012061816811154,562.5,530.6
2025-11-08 09:45:00,-0.265390226076588,6.181681115718041,563.4,530.6
2025-11-08 10:00:00,-0.5895037418768446,5.709440361786311,561.0,530.7
2025-11-08 10:15:00,-0.45788858373526453,5.901206636500778,561.7,530.4
2025-11-08 10:30:00,-0.653440225704793,5.616283452695048,560.4,530.6
2025-11-08 10:45:00,-0.5295270290712487,5.796827794561921,560.3,529.6
2025-11-08 11:00:00,-0.6109628667566125,5.678173929447272,560.2,530.1
2025-11-08 11:15:00,-0.5972779200982057,5.698113207547184,560.2,530.0
2025-11-08 11:30:00,-0.6116978926629376,5.67710298000752,560.3,530.2
2025-11-08 11:45:00,-0.6908063776297648,5.5618401206636525,559.9,530.4
2025-11-08 12:00:00,-0.5880264312340051,5.7115928369462665,560.8,530.5
2025-11-08 12:15:00,-0.5507060539547275,5.765969474279231,561.3,530.7
2025-11-08 12:30:00,-0.5233392399670526,5.805843543826561,561.3,530.5
2025-11-08 12:45:00,-0.5621515547272082,5.749293119698407,561.0,530.5
2025-11-08 13:00:00,-0.49368077302765506,5.849056603773595,561.0,530.0
2025-11-08 13:15:00,-0.5325297031791211,5.792452830188677,560.7,530.0
2025-11-08 13:30:00,-0.5066304164114872,5.830188679245274,560.9,530.0
2025-11-08 13:45:00,-0.5743474806825223,5.731523378582204,560.8,530.4
2025-11-08 14:00:00,-0.5858083755243944,5.71482459449264,560.5,530.2
2025-11-08 14:15:00,-0.5477210536393674,5.77031868753537,560.9,530.3
2025-11-08 14:30:00,-0.5073852626302325,5.829088851160158,561.0,530.1
2025-11-08 14:45:00,-0.5088941010082568,5.826890439373966,561.2,530.3
2025-11-08 15:00:00,-0.5210845826780666,5.809128630705396,561.0,530.2
2025-11-08 15:15:00,-0.45483184287620426,5.90566037735849,561.3,530.0
2025-11-08 15:30:00,-0.5499602258039282,5.767056162834527,561.2,530.6
2025-11-08 15:45:00,-0.522587970928177,5.80693815987936,561.2,530.4
2025-11-08 16:00:00,-0.5895037418768446,5.709440361786311,561.0,530.7
2025-11-08 16:15:00,-0.5895037418768446,5.709440361786311,561.0,530.7
2025-11-08 16:30:00,-0.5750889929806146,5.730442978322325,560.9,530.5
2025-11-08 16:45:00,-0.5195800597953042,5.811320754716975,560.8,530.0
2025-11-08 17:00:00,-0.5994903238141763,5.694889685083915,560.5,530.3
2025-11-08 17:15:00,-0.5492141164738183,5.768143261074465,561.1,530.5
2025-11-08 17:30:00,-0.5066304164114872,5.830188679245274,560.9,530.0
2025-11-08 17:45:00,-0.5195800597953042,5.811320754716975,560.8,530.0
2025-11-08 18:00:00,-0.598753134093666,5.69596378725008,560.4,530.2
2025-11-08 18:15:00,-0.6161022321459723,5.670685757347416,560.9,530.8
2025-11-08 18:30:00,-0.5713786333305871,5.735849056603759,560.4,530.0
2025-11-08 18:45:00,-0.6290323583581641,5.6518462697814575,560.8,530.8
2025-11-09 09:45:00,-0.4366145479464202,5.932203389830515,562.5,531.0
2025-11-09 10:00:00,-0.6231772068658548,5.660377358490565,560.0,530.0
2025-11-09 10:15:00,-0.6620261370173056,5.603773584905669,559.7,530.0
2025-11-09 10:30:00,-0.6224440698560102,5.661445555765243,559.9,529.9
2025-11-09 10:45:00,-0.583587808334443,5.718060011322912,560.2,529.9
2025-11-09 11:00:00,-0.47768933274627595,5.872356495468289,560.7,529.6
2025-11-09 11:15:00,-0.46320239060182145,5.893464299206652,560.6,529.4
2025-11-09 11:30:00,-0.4372737506568857,5.931242916509261,560.8,529.4
2025-11-09 11:45:00,-0.5028519085686173,5.835694050991491,560.4,529.5
2025-11-09 12:00:00,-0.4799711109436428,5.869031892809962,561.0,529.9
2025-11-09 12:15:00,-0.4533017415628246,5.907889769724428,561.1,529.8
2025-11-09 12:30:00,-0.4266223025692655,5.946762318293364,561.2,529.7
2025-11-09 12:45:00,-0.4281627622482351,5.944517833553498,561.4,529.9
2025-11-09 13:00:00,-0.4289325561085698,5.943396226415088,561.5,530.0
2025-11-09 13:15:00,-0.4030332693409213,5.981132075471707,561.7,530.0
2025-11-09 13:30:00,-0.39008362595711965,5.999999999999983,561.8,530.0
2025-11-09 13:45:00,-0.4030332693409213,5.981132075471707,561.7,530.0
2025-11-09 14:00:00,-0.5195800597953042,5.811320754716975,560.8,530.0
2025-11-09 14:15:00,-0.534778736095669,5.789175938148228,561.0,530.3
2025-11-09 14:30:00,-0.6131671129982699,5.6749622926093535,560.5,530.4
2025-11-09 14:45:00,-0.5195800597953042,5.811320754716975,560.8,530.0
2025-11-09 15:00:00,-0.5492141164738183,5.768143261074465,561.1,530.5
2025-11-09 15:15:00,-0.6563439017848752,5.612052730696782,560.8,531.0
2025-11-09 15:30:00,-0.6304933895685819,5.649717514124286,561.0,531.0
2025-11-09 15:45:00,-0.6175681334604276,5.6685499058380495,561.1,531.0
2025-11-09 16:00:00,-0.5270913407034391,5.80037664783426,561.8,531.0
2025-11-09 16:15:00,-0.6297630115628489,5.65078169146731,560.9,530.9
2025-11-09 16:30:00,-0.4860432407511837,5.860184661767454,561.8,530.7
2025-11-09 16:45:00,-0.5666093803728056,5.742797966484647,561.6,531.1
2025-11-09 17:00:00,-0.6046428773522886,5.687382297551791,561.2,531.0
2025-11-09 17:15:00,-0.5895037418768446,5.709440361786311,561.0,530.7
2025-11-09 17:30:00,-0.5765711792361389,5.728283399283951,561.1,530.7
2025-11-09 17:45:00,-0.5643817272972658,5.746043707611159,561.3,530.8
2025-11-09 18:00:00,-0.5385214748729126,5.783722682743031,561.5,530.8
2025-11-09 18:15:00,-0.5385214748729126,5.783722682743031,561.5,530.8
2025-11-09 18:30:00,-0.46170303244337907,5.895648898097594,562.2,530.9
2025-11-09 18:45:00,-0.47690864454862963,5.873493975903599,562.4,531.2
2025-11-10 06:45:00,-0.8579198060332229,5.31835205992508,562.4,534.0
2025-11-10 07:00:00,-0.6908354560060214,5.561797752809006,563.7,534.0
2025-11-10 07:15:00,-0.7322217338628444,5.50149700598801,563.8,534.4
2025-11-10 07:30:00,-0.7050788693120205,5.541044776119408,565.7,536.0
2025-11-10 07:45:00,-0.7760649890882224,5.437616387337063,566.2,537.0
2025-11-10 08:00:00,-0.7470013831174684,5.479962721342035,565.9,536.5
2025-11-10 08:15:00,-0.7562976080689274,5.466417910447752,565.3,536.0
2025-11-10 08:30:00,-0.6388898598423063,5.637483666231091,565.9,535.7
2025-11-10 08:45:00,-0.6246281473010143,5.658263305322131,565.8,535.5
2025-11-10 09:00:00,-0.6222061049998004,5.661792275965505,563.6,533.4
2025-11-10 09:15:00,-0.6872843523302926,5.566971791518793,565.1,535.3
2025-11-10 09:30:00,-0.7044003960360323,5.542033327092311,563.7,534.1
2025-11-10 09:45:00,-0.6343469723947365,5.644102756422287,563.4,533.3
2025-11-10 10:00:00,-0.48368591901091396,5.8636193330835695,565.1,533.8
2025-11-10 10:15:00,-0.5482196770365759,5.76959218192068,562.8,532.1
2025-11-10 10:30:00,-0.6405052257171735,5.635130041462499,560.5,530.6
2025-11-10 10:45:00,-0.7087604271204341,5.535680662775366,560.5,531.1
2025-11-10 11:00:00,-0.6275702257295692,5.653976630229929,560.6,530.6
2025-11-10 11:15:00,-0.545479346562938,5.773584905660378,560.6,530.0
2025-11-10 11:30:00,-0.5676612663913183,5.74126534466477,559.9,529.5
2025-11-10 11:45:00,-0.5606633711830811,5.751461436922489,560.8,530.3
2025-11-10 12:00:00,-0.6304933895685819,5.649717514124286,561.0,531.0
2025-11-10 12:15:00,-0.6448737102762396,5.62876506024097,561.1,531.2
2025-11-10 12:30:00,-0.6706315101612924,5.591235360785807,559.0,529.4
2025-11-10 12:45:00,-0.7044951868815258,5.541895214677495,558.0,528.7
2025-11-10 13:00:00,-0.7239183902898395,5.513595166163121,558.8,529.6
2025-11-10 13:15:00,-0.7390128544206813,5.491602189092282,559.0,529.9
2025-11-10 13:30:00,-0.7030288641637638,5.54403168018105,559.7,530.3
2025-11-10 13:45:00,-0.7087604271204341,5.535680662775366,560.5,531.1
2025-11-10 14:00:00,-0.7620893398594213,5.457979225684606,558.4,529.5
2025-11-10 14:15:00,-0.709524470078696,5.534567434831894,558.7,529.4
2025-11-10 14:30:00,-0.6979995421273455,5.5513595166163165,559.0,529.6
2025-11-10 14:45:00,-0.7015932703672025,5.546123372948486,559.5,530.1
2025-11-10 15:00:00,-0.6385094288763933,5.638037962788944,562.1,532.1
2025-11-10 15:15:00,-0.5946655720162571,5.701919458035398,561.7,531.4
2025-11-10 15:30:00,-0.6080199878778271,5.6824617708136405,559.8,529.7
2025-11-10 15:45:00,-0.7477071234039956,5.478934441715477,558.3,529.3
2025-11-10 16:00:00,-0.708806815487361,5.53561307387116,558.6,529.3
2025-11-10 16:15:00,-0.6958425043371507,5.554502369668235,556.8,527.5
2025-11-10 16:30:00,-0.6344590931472143,5.64393939393939,557.8,528.0
2025-11-10 16:45:00,-0.721058109237894,5.517762660619785,558.4,529.2
2025-11-10 17:00:00,-0.7059334833591535,5.53979958404236,558.2,528.9
2025-11-10 17:15:00,-0.6755660775354445,5.584045584045572,555.9,526.5
2025-11-10 17:30:00,-0.672652179687518,5.588291199391748,555.5,526.1
2025-11-10 17:45:00,-0.6472947487057455,5.625237552261475,555.8,526.2
2025-11-10 18:00:00,-0.6553487085400477,5.613502749857768,556.9,527.3
2025-11-10 18:15:00,-0.6263722223144974,5.655722148415276,556.7,526.9
2025-11-10 18:30:00,-0.6632606073892582,5.601974933535892,556.1,526.6
2025-11-10 19:00:00,-0.6531555084375047,5.6166982922201125,556.6,527.0
2025-11-10 19:15:00,-0.5917543755269189,5.706161137440757,557.6,527.5
2025-11-10 19:30:00,-0.7370202256247024,5.494505494505497,556.8,527.8
2025-11-10 19:45:00,-0.7651549292523605,5.45351259231206,556.9,528.1
2025-11-10 20:00:00,-0.726166228286121,5.51032001514864,557.2,528.1
2025-11-10 20:15:00,-0.739162461941529,5.491384207536454,557.1,528.1
2025-11-10 20:30:00,-0.7448632110586662,5.483078086594828,557.9,528.9
2025-11-10 20:45:00,-0.6821504505450068,5.574452003023422,558.7,529.2
2025-11-10 21:00:00,-0.751447348716945,5.473484848484844,556.9,528.0
2025-11-10 21:15:00,-0.7254499585903313,5.511363636363642,557.1,528.0
2025-11-10 21:30:00,-0.7275979541970375,5.508233957978437,557.4,528.3
2025-11-10 21:45:00,-0.6496500723864278,5.621805792163559,558.0,528.3
2025-11-10 22:00:00,-0.7030558018161939,5.543992431409639,557.8,528.5
2025-11-10 22:15:00,-0.6266062783122989,5.655381123510495,558.6,528.7
2025-11-10 22:30:00,-0.7023357006768471,5.545041635124925,557.7,528.4
2025-11-10 22:45:00,-0.6084617030206007,5.681818181818188,558.0,528.0
2025-11-10 23:00:00,-0.6589985015615266,5.608184918529746,557.4,527.8
2025-11-10 23:15:00,-0.5865504630505637,5.7137433561123885,556.9,526.8
2025-11-10 23:30:00,-0.5045808148650703,5.833174995249868,557.0,526.3
2025-11-11 06:45:00,-0.21443490858985542,6.255924170616112,560.5,527.5
2025-11-11 07:00:00,-0.5642370511268553,5.746254504077397,557.6,527.3
2025-11-11 07:15:00,-0.6349876359447609,5.643169295078865,556.0,526.3
2025-11-11 07:30:00,-0.5592801286336287,5.753476852733863,555.1,524.9
2025-11-11 07:45:00,-0.6500733792903292,5.621189024390239,554.3,524.8
2025-11-11 08:00:00,-0.750926017285969,5.474244440220488,554.9,526.1
2025-11-11 08:15:00,-0.6690035704387275,5.593607305936077,555.0,525.6
2025-11-11 08:30:00,-0.7493116904603753,5.476596551070689,556.6,527.7
2025-11-11 08:45:00,-0.81294164924865,5.383886255924164,555.9,527.5
2025-11-11 09:00:00,-0.7710748603862361,5.444887118193886,555.8,527.1
2025-11-11 09:15:00,-0.6414161412092512,5.633802816901423,555.0,525.4
2025-11-11 09:30:00,-0.6711935685286242,5.590416428978884,555.3,525.9
2025-11-11 09:45:00,-0.629829420932888,5.650684931506844,555.3,525.6
2025-11-11 10:00:00,-0.5693540942314785,5.738798856053395,554.6,524.5
2025-11-11 10:15:00,-0.6160308765493788,5.670789724072312,555.3,525.5
2025-11-11 10:30:00,-0.6458267732405953,5.627376425855513,555.6,526.0
2025-11-11 10:45:00,-0.5936342942031532,5.703422053231932,556.0,526.0
2025-11-11 11:00:00,-0.6392070453718219,5.637021519710528,554.7,525.1
2025-11-11 11:15:00,-0.3600599324325328,6.043745203376827,552.7,521.2
2025-11-11 11:30:00,-0.2779864048010345,6.163328197226492,551.2,519.2
2025-11-11 11:45:00,-0.2763563146980632,6.165703275529855,551.0,519.0
2025-11-11 12:00:00,-0.21932560970080153,6.248798308017678,552.6,520.1
2025-11-11 12:15:00,-0.15250747618473265,6.346153846153846,553.0,520.0
2025-11-11 12:30:00,-0.14350549804733842,6.359269932756972,553.6,520.5
2025-11-11 12:45:00,-0.1188200572137461,6.395237180718261,554.0,520.7
2025-11-11 13:00:00,-0.16570615117209594,6.326923076923063,552.9,520.0
2025-11-11 13:15:00,-0.24571788423809718,6.210344164583725,552.4,520.1
2025-11-11 13:30:00,-0.30577423947359017,6.122840690978881,552.9,521.0
2025-11-11 13:45:00,-0.28023904010956113,6.160046056419111,553.2,521.1
2025-11-11 14:00:00,-0.21520877946311484,6.254796623177272,553.8,521.2
2025-11-11 14:15:00,-0.22837706609669967,6.235610130468139,553.7,521.2
2025-11-11 14:30:00,-0.3390126709566842,6.07441154138193,558.8,526.8
2025-11-11 14:45:00,-0.2756515659982273,6.166730110392082,557.8,525.4
2025-11-11 15:00:00,-0.2691972485662599,6.176134197483796,557.0,524.6
2025-11-11 15:15:00,-0.2764569739251607,6.165556612749756,557.9,525.5
2025-11-11 15:30:00,-0.3060430831804801,6.122448979591844,556.4,524.3
2025-11-11 15:45:00,-0.2961660103047654,6.136840099104246,556.9,524.7
2025-11-11 16:00:00,-0.27081267271770726,6.173780487804903,557.2,524.8
2025-11-11 16:15:00,-0.28973439478773927,6.146211108990274,556.1,523.9
2025-11-11 16:30:00,-0.18256386476981135,6.302361005331281,558.3,525.2
2025-11-11 16:45:00,-0.25276519375698836,6.200076074553063,558.4,525.8
2025-11-11 17:00:00,-0.3390126709566842,6.07441154138193,558.8,526.8
2025-11-11 17:15:00,-0.4057116585797032,5.97722960151803,558.5,527.0
2025-11-11 17:30:00,-0.39112589034487333,5.998481397114652,558.4,526.8
2025-11-11 17:45:00,-0.37181625829399356,6.026615969581761,557.7,526.0
2025-11-11 18:00:00,-0.34255232455669016,6.06925418569253,557.5,525.6
2025-11-11 18:15:00,-0.36630440264083375,6.034646868456139,557.0,525.3
2025-11-11 18:30:00,-0.36945583183574254,6.030055164542492,557.4,525.7
2025-11-11 19:00:00,-0.35125190626771546,6.056578697550785,558.6,526.7
2025-11-11 19:15:00,-0.39034424152550684,5.999620277197626,558.3,526.7
2025-11-11 19:30:00,-0.40337501994476044,5.980634137079921,558.2,526.7
2025-11-11 19:45:00,-0.37809758549782224,6.017463933181477,558.5,526.8
2025-11-11 20:00:00,-0.3504625370471074,6.057728826433717,558.5,526.6
2025-11-11 20:15:00,-0.29832952532340784,6.133687808583366,558.9,526.6
2025-11-11 20:30:00,-0.3267780813982827,6.092237616245977,559.0,526.9
2025-11-11 20:45:00,-0.27593238522166996,6.166320950405435,563.0,530.3
2025-11-11 21:00:00,-0.30683696701550284,6.1212922728131725,561.7,529.3
2025-11-11 21:15:00,-0.38229915224056216,6.011342155009447,560.8,529.0
2025-11-11 21:30:00,-0.3815190858632104,6.012478729438464,560.7,528.9
2025-11-11 21:45:00,-0.3952732751014608,5.992438563327052,560.7,529.0
2025-11-11 22:00:00,-0.34258935816369784,6.069200226885996,561.0,528.9
2025-11-11 22:15:00,-0.34258935816369784,6.069200226885996,561.0,528.9
2025-11-11 22:30:00,-0.3976043521543205,5.989042131116573,561.0,529.3
2025-11-11 22:45:00,-0.42276605925912725,5.952380952380953,560.7,529.2
2025-11-11 23:00:00,-0.39682762013055606,5.990173847316682,560.9,529.2
2025-11-11 23:15:00,-0.38385840056625525,6.009070294784569,561.0,529.2
2025-11-11 23:30:00,-0.4677814862600212,5.886792452830192,561.2,530.0
2025-11-12 06:45:00,-0.7137613990204251,5.528394133132775,561.2,531.8
2025-11-12 07:00:00,-0.44640196536239296,5.917942900359252,560.2,528.9
2025-11-12 07:15:00,-0.5043641677014974,5.833490655087781,560.6,529.7
2025-11-12 07:30:00,-0.5235080529850963,5.805597579425115,559.5,528.8
2025-11-12 07:45:00,-0.5502145725611033,5.766685573832486,559.4,528.9
2025-11-12 08:00:00,-0.5227544002200182,5.806695668621131,559.4,528.7
2025-11-12 08:15:00,-0.5280239904641608,5.799017755950131,560.1,529.4
2025-11-12 08:30:00,-0.47921080533565824,5.870139675349195,560.9,529.8
2025-11-12 08:45:00,-0.46549323513538904,5.890126486690561,560.9,529.7
2025-11-12 09:00:00,-0.47768933274627595,5.872356495468289,560.7,529.6
2025-11-12 09:15:00,-0.5327282496705207,5.792163543441231,558.9,528.3
2025-11-12 09:30:00,-0.4226111662103037,5.952606635071089,558.9,527.5
2025-11-12 09:45:00,-0.5044721425141768,5.833333333333335,558.8,528.0
2025-11-12 10:00:00,-0.4677418849041096,5.886850152905199,554.0,523.2
2025-11-12 10:15:00,-0.4561728261994767,5.903706534199471,554.3,523.4
2025-11-12 10:30:00,-0.46928576275549144,5.884600687810493,554.2,523.4
2025-11-12 10:45:00,-0.5426600057994597,5.777692749186891,552.9,522.7
2025-11-12 11:00:00,-0.6142720079772663,5.673352435530088,553.2,523.5
2025-11-12 11:15:00,-0.5786936990588463,5.725190839694649,554.0,524.0
2025-11-12 11:30:00,-0.4985758272277299,5.841924398625431,554.4,523.8
2025-11-12 11:45:00,-0.6078667970680368,5.682684973302843,554.2,524.4
2025-11-12 12:00:00,-0.5062158699007159,5.830792682926833,555.4,524.8
2025-11-12 12:15:00,-0.5477136594377793,5.770329461055024,555.4,525.1
2025-11-12 12:30:00,-0.5293392113309296,5.797101449275366,554.8,524.4
2025-11-12 12:45:00,-0.5424271422871065,5.77803203661329,554.7,524.4
2025-11-12 13:00:00,-0.5202136814899199,5.810397553516822,553.6,523.2
2025-11-12 13:15:00,-0.474692589964862,5.876722817764168,553.1,522.4
2025-11-12 13:30:00,-0.5304844994744922,5.7954327384379,551.3,521.1
2025-11-12 13:45:00,-0.5590995698688237,5.753739930955115,551.4,521.4
2025-11-12 14:00:00,-0.6365939517378143,5.640828856485025,550.6,521.2
2025-11-12 14:15:00,-0.580548715726778,5.722488038277507,552.4,522.5
2025-11-12 14:30:00,-0.5966786059465717,5.698986421878005,552.7,522.9
2025-11-12 14:45:00,-0.582051498013471,5.720298450353933,552.6,522.7
2025-11-12 15:00:00,-0.3856055493158479,6.00652465937439,552.4,521.1
2025-11-12 15:15:00,-0.4476392494516357,5.916140149339477,553.2,522.3
2025-11-12 15:30:00,-0.4476392494516357,5.916140149339477,553.2,522.3
2025-11-12 15:45:00,-0.4391729032862518,5.928475807993872,553.9,522.9
2025-11-12 16:00:00,-0.3703803408085195,6.028708133971295,554.0,522.5
2025-11-12 16:15:00,-0.3237663571556237,6.096625766871155,553.4,521.6
2025-11-12 16:30:00,-0.37639911017267624,6.019938650306744,553.0,521.6
2025-11-12 16:45:00,-0.2711336041385712,6.173312883435567,553.8,521.6
2025-11-12 17:00:00,-0.32055507253179355,6.101304681504205,553.0,521.2
2025-11-12 17:15:00,-0.28023904010956113,6.160046056419111,553.2,521.1
2025-11-12 17:30:00,-0.33809084511863197,6.075754662564892,551.7,520.1
2025-11-12 17:45:00,-0.24735630527893693,6.207956947914672,552.6,520.3
2025-11-12 18:00:00,-0.33372335916537776,6.082118188795072,552.9,521.2
2025-11-12 18:15:00,-0.3516764429352599,6.055960137983907,553.4,521.8
2025-11-12 18:30:00,-0.3850940369433385,6.007269944518834,554.1,522.7
2025-11-12 19:00:00,-0.41866972650820466,5.958349402236784,549.5,518.6
2025-11-12 19:15:00,-0.40147611284061147,5.983400887859491,549.1,518.1
2025-11-12 19:30:00,-0.705353816529285,5.54064417177913,550.5,521.6
2025-11-12 19:45:00,-0.714147830253158,5.527831094049884,549.8,521.0
2025-11-12 20:00:00,-0.6599772687092651,5.606758832565295,550.0,520.8
2025-11-12 20:15:00,-0.6973173361334495,5.55235350624399,549.4,520.5
2025-11-12 20:30:00,-0.738323834227265,5.492606107163423,549.3,520.7
2025-11-12 20:45:00,-0.6980493286201648,5.551286976565506,549.5,520.6
2025-11-12 21:00:00,-0.7235908689460068,5.514072372199896,551.1,522.3
2025-11-12 21:15:00,-0.7133564720602362,5.528984120910652,551.6,522.7
2025-11-12 21:30:00,-0.7704281853242346,5.445829338446795,549.9,521.5
2025-11-12 21:45:00,-0.7448283812920743,5.4831288343558215,550.2,521.6
2025-11-12 22:00:00,-0.7316701930378112,5.502300613496924,550.3,521.6
2025-11-12 22:15:00,-0.7608601968662372,5.459770114942519,550.5,522.0
2025-11-12 22:30:00,-0.7608601968662372,5.459770114942519,550.5,522.0
2025-11-12 22:45:00,-0.7608601968662372,5.459770114942519,550.5,522.0
2025-11-12 23:00:00,-0.675363449633106,5.584340817501454,550.2,521.1
2025-11-12 23:15:00,-0.7433848669688174,5.485232067510548,550.0,521.4
2025-11-12 23:30:00,-0.7732928276210006,5.441655489557373,550.3,521.9
2025-11-13 06:45:00,-0.6951196701092923,5.555555555555558,551.0,522.0
2025-11-13 07:00:00,-0.698039234084715,5.551301684532928,551.4,522.4
2025-11-13 07:15:00,-0.7272103021451866,5.50879877582251,551.6,522.8
2025-11-13 07:30:00,-0.6586251204164931,5.608728943338459,551.7,522.4
2025-11-13 07:45:00,-0.6425272487037548,5.632183908045962,551.4,522.0
2025-11-13 08:00:00,-0.6738918785936154,5.58648492992897,550.0,520.9
2025-11-13 08:15:00,-0.7156036715393234,5.525709900230225,550.0,521.2
2025-11-13 08:30:00,-0.6599772687092651,5.606758832565295,550.0,520.8
2025-11-13 08:45:00,-0.7711447578006005,5.444785276073616,550.0,521.6
2025-11-13 09:00:00,-0.6578881023997286,5.609802795328367,551.6,522.3
2025-11-13 09:15:00,-0.6192110067483018,5.666156202143946,552.0,522.4
2025-11-13 09:30:00,-0.6182013592640051,5.66762728146013,550.0,520.5
2025-11-13 09:45:00,-0.6665170404643239,5.597230236583961,549.0,519.9
2025-11-13 10:00:00,-0.6062071596486728,5.685103102717282,548.4,518.9
2025-11-13 10:15:00,-0.6421620235550811,5.632716049382736,547.6,518.4
2025-11-13 10:30:00,-0.5408384339051481,5.780346820809257,549.0,519.0
2025-11-13 10:45:00,-0.60051097205285,5.693402577418749,549.5,519.9
2025-11-13 11:00:00,-0.763966645114839,5.455243949289268,549.0,520.6
2025-11-13 11:15:00,-0.6936531506662621,5.557692307692297,548.9,520.0
2025-11-13 11:30:00,-0.7711447578006005,5.444785276073616,550.0,521.6
2025-11-13 11:45:00,-0.7843029460548637,5.425613496932513,549.9,521.6
2025-11-13 12:00:00,-0.8624315880911493,5.311778290993074,547.2,519.6
2025-11-13 12:15:00,-0.7920964471518978,5.414258188824661,547.1,519.0
2025-11-13 12:30:00,-0.840045631661435,5.344395137950997,546.0,518.3
2025-11-13 12:45:00,-0.890221407173218,5.271287893415733,545.2,517.9
2025-11-13 13:00:00,-0.8561060149843088,5.320994794678979,546.3,518.7
2025-11-13 13:15:00,-0.8360139168308577,5.350269438029254,547.4,519.6
2025-11-13 13:30:00,-0.8485184507344244,5.332050048123205,547.2,519.5
2025-11-13 13:45:00,-0.8046069763789963,5.396030063596058,546.9,518.9
2025-11-13 14:00:00,-0.8492227524610187,5.331023864511142,547.3,519.6
2025-11-13 14:15:00,-0.8421675124503101,5.341303509448503,546.3,518.6
2025-11-13 14:30:00,-0.6914512551084335,5.560900519530487,548.6,519.7
2025-11-13 14:45:00,-0.7171343961595456,5.5234795996920605,548.3,519.6
2025-11-13 15:00:00,-0.7397712315733077,5.490497216356305,549.5,520.9
2025-11-13 15:15:00,-0.6804544756788988,5.576923076923079,549.0,520.0
2025-11-13 15:30:00,-0.532010525072997,5.7932092844811045,551.5,521.3
2025-11-13 15:45:00,-0.6110050885883359,5.67811241127949,550.9,521.3
2025-11-13 16:00:00,-0.563941859463398,5.746684605035579,550.2,520.3
2025-11-13 16:15:00,-0.5662146956308466,5.743373031117938,550.5,520.6
2025-11-13 16:30:00,-0.5748650757800686,5.730769230769228,549.8,520.0
2025-11-13 16:45:00,-0.5515112327202049,5.764796310530351,550.4,520.4
2025-11-13 17:00:00,-0.5213036899590936,5.808809386420477,550.1,519.9
2025-11-13 17:15:00,-0.6167061184941618,5.669805881222367,549.8,520.3
2025-11-13 17:30:00,-0.5736881238703826,5.7324840764330975,547.8,518.1
2025-11-13 17:45:00,-0.5494861420852513,5.767746913580241,548.3,518.4
2025-11-13 18:00:00,-0.5494861420852513,5.767746913580241,548.3,518.4
2025-11-13 18:15:00,-0.6114637111183638,5.6774441878368,549.1,519.6
2025-11-13 18:30:00,-0.6804544756788988,5.576923076923079,549.0,520.0
2025-11-13 19:00:00,-0.6182013592640051,5.66762728146013,550.0,520.5
2025-11-13 19:15:00,-0.617453882541715,5.668716372021532,549.9,520.4
2025-11-13 19:30:00,-0.5763772653787759,5.728565936178387,550.0,520.2
2025-11-13 19:45:00,-0.6570194724346272,5.611068408916231,549.6,520.4
2025-11-13 20:00:00,-0.6430882480095209,5.631366519315795,549.6,520.3
2025-11-13 20:15:00,-0.5756213159543081,5.729667371659297,549.9,520.1
2025-11-13 20:30:00,-0.5646997626845038,5.745580322828592,550.3,520.4
2025-11-13 20:45:00,-0.6117525118973868,5.677023398542391,551.0,521.4
2025-11-13 21:00:00,-0.5312476586691357,5.794320798158092,551.4,521.2
2025-11-13 21:15:00,-0.4902010224062928,5.854126679462568,551.5,521.0
2025-11-13 21:30:00,-0.5375597299480389,5.785123966942152,550.4,520.3
2025-11-13 21:45:00,-0.4964444923424211,5.845029801961155,550.5,520.1
2025-11-13 22:00:00,-0.4692756758812232,5.884615384615399,550.6,520.0
2025-11-13 22:15:00,-0.4630525718040098,5.893682588597815,549.8,519.2
2025-11-13 22:30:00,-0.5213036899590936,5.808809386420477,550.1,519.9
2025-11-13 22:45:00,-0.5065631390646806,5.830286703867604,550.0,519.7
2025-11-13 23:00:00,-0.4817000489122153,5.866512790921341,550.4,519.9
2025-11-13 23:15:00,-0.5354804129680957,5.788153579008304,548.3,518.3
2025-11-13 23:30:00,-0.6107136424925986,5.678537054860433,549.0,519.5
2025-11-14 06:45:00,-0.6525742426351991,5.61754520969604,549.0,519.8
2025-11-14 07:00:00,-0.48247435086858653,5.865384615384617,550.5,520.0
2025-11-14 07:15:00,-0.46074698923939444,5.897041874759879,551.3,520.6
2025-11-14 07:30:00,-0.5428943889584892,5.7773512476007705,551.1,521.0
2025-11-14 07:45:00,-0.5654573746843704,5.744476464937565,550.4,520.5
2025-11-14 08:00:00,-0.5677284650342014,5.741167434715844,550.7,520.8
2025-11-14 08:15:00,-0.5684849138261077,5.740065271645234,550.8,520.9
2025-11-14 08:30:00,-0.5157814314423538,5.816855442503366,551.2,520.9
2025-11-14 08:45:00,-0.6343642668057999,5.644077558072569,550.3,520.9
2025-11-14 09:00:00,-0.7509763088804049,5.47417116422515,547.2,518.8
2025-11-14 09:15:00,-0.7348379050249427,5.497685185185186,546.9,518.4
2025-11-14 09:30:00,-0.7068518256536102,5.5384615384615365,548.8,520.0
2025-11-14 09:45:00,-0.7149443696859024,5.526670518005017,548.0,519.3
2025-11-14 10:00:00,-0.7399260626475374,5.49027162396456,547.6,519.1
2025-11-14 10:15:00,-0.6899819119065355,5.563041385948031,548.4,519.5
2025-11-14 10:30:00,-0.6031970434964171,5.689488910318219,548.0,518.5
2025-11-14 10:45:00,-0.717942892180924,5.52230160262599,546.5,517.9
2025-11-14 11:00:00,-0.7291242698354374,5.506010081426926,544.2,515.8
2025-11-14 11:15:00,-0.7579177319019217,5.464057353226104,544.3,516.1
2025-11-14 11:30:00,-0.783071039691846,5.427408412483037,543.9,515.9
2025-11-14 11:45:00,-0.8377082104148826,5.347800813795778,543.7,516.1
2025-11-14 12:00:00,-0.8118275715429599,5.385509492444784,544.0,516.2
2025-11-14 12:15:00,-0.7629972728134324,5.4566563467492335,545.0,516.8
2025-11-14 12:30:00,-0.7282757618649679,5.507246376811592,546.0,517.5
2025-11-14 12:45:00,-0.69070141918008,5.5619930475087065,546.6,517.8
2025-11-14 13:00:00,-0.6759665181870609,5.58346213292118,546.5,517.6
2025-11-14 13:15:00,-0.6892263925947666,5.56414219474497,546.4,517.6
2025-11-14 13:30:00,-0.692165039693257,5.5598605191786055,544.9,516.2
2025-11-14 13:45:00,-0.6914256664744389,5.560937802751398,544.8,516.1
2025-11-14 14:00:00,-0.6700344691099196,5.59210526315792,545.7,516.8
2025-11-14 14:15:00,-0.6980697285633706,5.5512572533849225,545.7,517.0
2025-11-14 14:30:00,-0.6058976595155592,5.685554051440733,546.5,517.1
2025-11-14 14:45:00,-0.5983367748759693,5.6965704320868005,545.5,516.1
2025-11-14 15:00:00,-0.7046906987199737,5.541610349488324,546.6,517.9
2025-11-14 15:15:00,-0.7054249418711923,5.54054054054054,546.7,518.0
2025-11-14 15:30:00,-0.64066997098912,5.634890003859505,547.4,518.2
2025-11-14 15:45:00,-0.5892043770008863,5.709876543209891,548.0,518.4
2025-11-14 16:00:00,-0.6221762682468183,5.6618357487922655,546.8,517.5
2025-11-14 16:15:00,-0.5941387643272242,5.70268702880341,546.8,517.3
2025-11-14 16:30:00,-0.6316934133465045,5.6479690522243775,546.2,517.0
2025-11-14 16:45:00,-0.634690225722745,5.643602628527256,546.6,517.4
2025-11-14 17:00:00,-0.6855338342603873,5.569522336105193,545.9,517.1
2025-11-14 17:15:00,-0.7393534352125659,5.491105955143083,545.6,517.2
2025-11-14 17:30:00,-0.8078503820785802,5.391304347826087,545.4,517.5
2025-11-14 17:45:00,-0.712813176150614,5.52977571539055,545.8,517.2
2025-11-14 18:00:00,-0.6464625284957036,5.626450116009263,546.3,517.2
2025-11-14 18:15:00,-0.6051428872597704,5.686653771760142,546.4,517.0
2025-11-14 18:30:00,-0.6089138315445419,5.681159420289861,546.9,517.5
2025-11-14 19:00:00,-0.6089138315445419,5.681159420289861,546.9,517.5
2025-11-14 19:15:00,-0.6089138315445419,5.681159420289861,546.9,517.5
2025-11-14 19:30:00,-0.542601648033206,5.777777777777771,547.4,517.5
2025-11-14 19:45:00,-0.5691265214377281,5.739130434782624,547.2,517.5
2025-11-14 20:00:00,-0.5433677741100953,5.776661514683146,547.5,517.6
2025-11-14 20:15:00,-0.6796647460425237,5.57807373093997,547.0,518.1
2025-11-14 20:30:00,-0.5831473973331819,5.71870170015456,547.2,517.6
2025-11-14 20:45:00,-0.6111729024544251,5.677867902665135,547.2,517.8
2025-11-14 21:00:00,-0.6457157468879656,5.627538193772974,546.2,517.1
2025-11-14 21:15:00,-0.6722611384695851,5.588860955327779,546.0,517.1
2025-11-14 21:30:00,-0.673002787557655,5.587780355761796,546.1,517.2
2025-11-14 21:45:00,-0.6464625284957036,5.626450116009263,546.3,517.2
2025-11-14 22:00:00,-0.6767067352440165,5.582383619857056,546.6,517.7
2025-11-14 22:15:00,-0.6752260150558931,5.584541062801929,546.4,517.5
2025-11-14 22:30:00,-0.5347137997282282,5.789270551910453,548.2,518.2
2025-11-14 22:45:00,-0.5892043770008863,5.709876543209891,548.0,518.4
2025-11-14 23:00:00,-0.5471939683273245,5.771086662806413,548.0,518.1
2025-11-14 23:15:00,-0.5106696627610736,5.824303405572762,546.9,516.8
2025-11-14 23:30:00,-0.499716093189142,5.840263005221424,547.3,517.1
2025-11-15 09:45:00,-0.4731707016075377,5.878940243666597,547.5,517.1
2025-11-15 10:00:00,-0.402042928753016,5.982575024201342,547.4,516.5
2025-11-15 10:15:00,-0.5941387643272242,5.70268702880341,546.8,517.3
2025-11-15 10:30:00,-0.566079572143168,5.74356990910847,546.8,517.1
2025-11-15 10:45:00,-0.566841751309802,5.742459396751731,546.9,517.2
2025-11-15 11:00:00,-0.48722097412390036,5.8584686774942,547.5,517.2
2025-11-15 11:15:00,-0.49894078291277194,5.841392649903288,547.2,517.0
2025-11-15 11:30:00,-0.5028143379263922,5.835748792270534,547.7,517.5
2025-11-15 11:45:00,-0.48018114478970547,5.868725868725866,548.4,518.0
2025-11-15 12:00:00,-0.515305225837123,5.817549284885981,547.5,517.4
2025-11-15 12:15:00,-0.5145333787471995,5.818673883626535,547.4,517.3
2025-11-15 12:30:00,-0.47862537457832866,5.870992661259189,548.2,517.8
2025-11-15 12:45:00,-0.55891657064955,5.754006564973957,547.7,517.9
2025-11-15 13:00:00,-0.5316443857287703,5.793742757821563,547.8,517.8
2025-11-15 13:15:00,-0.5035881508870086,5.834621329211731,547.8,517.6
2025-11-15 13:30:00,-0.544899138516377,5.774430281962162,547.7,517.8
2025-11-15 13:45:00,-0.6119253444933515,5.67677157752462,547.3,517.9
2025-11-15 14:00:00,-0.5293392113309296,5.797101449275366,547.5,517.5
2025-11-15 14:15:00,-0.5986731510324012,5.696080324386954,547.4,517.9
2025-11-15 14:30:00,-0.6096671461485781,5.680061823802163,547.0,517.6
2025-11-15 14:45:00,-0.5816302257735763,5.720912253575583,547.0,517.4
2025-11-15 15:00:00,-0.6376824080296529,5.639242950946311,547.0,517.8
2025-11-15 15:15:00,-0.6641919136048667,5.6006179992275085,546.8,517.8
2025-11-15 15:30:00,-0.6641919136048667,5.6006179992275085,546.8,517.8
2025-11-15 15:45:00,-0.5823889581400045,5.719806763285029,547.1,517.5
2025-11-15 16:00:00,-0.69070141918008,5.5619930475087065,546.6,517.8
2025-11-15 16:15:00,-0.6767067352440165,5.582383619857056,546.6,517.7
2025-11-15 16:30:00,-0.6361868949639743,5.641421947449765,546.8,517.6
2025-11-15 16:45:00,-0.6354387049490794,5.642512077294692,546.7,517.5
2025-11-15 17:00:00,-0.5801118808407932,5.723124516627975,546.8,517.2
2025-11-15 17:15:00,-0.6199222694337364,5.665119876256752,546.5,517.2
2025-11-15 17:30:00,-0.5091220822116094,5.826558265582671,546.7,516.6
2025-11-15 17:45:00,-0.6759665181870609,5.58346213292118,546.5,517.6
2025-11-15 18:00:00,-0.5793522679339549,5.724231289885906,546.7,517.1
2025-11-15 18:15:00,-0.5372304638192088,5.785603715170296,546.7,516.8
2025-11-15 18:30:00,-0.5106696627610736,5.824303405572762,546.9,516.8
2025-11-15 18:45:00,-0.4973892622319981,5.843653250774006,547.0,516.8
2025-11-16 09:45:00,-0.7924339533365004,5.413766434648104,545.2,517.2
2025-11-16 10:00:00,-0.5827566449272126,5.719271035285001,545.3,515.8
2025-11-16 10:15:00,-0.7719400609264075,5.443626501356036,544.3,516.2
2025-11-16 10:30:00,-0.6625935312407911,5.60294687863514,544.7,515.8
2025-11-16 10:45:00,-0.7047240795599319,5.541561712846344,544.7,516.1
2025-11-16 11:00:00,-0.6781272533889455,5.580313892656452,544.9,516.1
2025-11-16 11:15:00,-0.7453483871820139,5.482371173963574,544.5,516.2
2025-11-16 11:30:00,-0.6914256664744389,5.560937802751398,544.8,516.1
2025-11-16 11:45:00,-0.6545170988886538,5.6147144240077385,545.5,516.5
2025-11-16 12:00:00,-0.7091405836928394,5.535126766015086,545.3,516.7
2025-11-16 12:15:00,-0.7629972728134324,5.4566563467492335,545.0,516.8
2025-11-16 12:30:00,-0.7985317346707707,5.404881828748542,544.1,516.2
2025-11-16 12:45:00,-0.7460771731271598,5.481309316288985,544.6,516.3
2025-11-16 13:00:00,-0.7453483871820139,5.482371173963574,544.5,516.2
2025-11-16 13:15:00,-0.7593704347839955,5.461940732132486,544.5,516.3
2025-11-16 13:30:00,-0.7719400609264075,5.443626501356036,544.3,516.2
2025-11-16 13:45:00,-0.7187567134376355,5.52111584657109,544.7,516.2
2025-11-16 14:00:00,-0.7320525503098246,5.501743510267332,544.6,516.2
2025-11-16 14:15:00,-0.6906860066768397,5.562015503875983,544.7,516.0
2025-11-16 14:30:00,-0.7054608765654463,5.540488182874848,544.8,516.2
2025-11-16 14:45:00,-0.7054608765654463,5.540488182874848,544.8,516.2
2025-11-16 15:00:00,-0.812543481411338,5.384466395506493,544.1,516.3
2025-11-16 15:15:00,-0.7852358977985815,5.4242541650523,544.2,516.2
2025-11-16 15:30:00,-0.6892058266786558,5.564172159751846,544.5,515.8
2025-11-16 15:45:00,-0.6470417291056763,5.62560620756547,544.5,515.5
2025-11-16 16:00:00,-0.7431603341669729,5.485559216902525,544.2,515.9
2025-11-16 16:15:00,-0.6299663402903725,5.650485436893216,544.1,515.0
2025-11-16 16:30:00,-0.6166395228274123,5.669902912621372,544.2,515.0
2025-11-16 16:45:00,-0.6299663402903725,5.650485436893216,544.1,515.0
2025-11-16 17:00:00,-0.6033127053644673,5.689320388349506,544.3,515.0
2025-11-16 17:15:00,-0.6033127053644673,5.689320388349506,544.3,515.0
2025-11-16 17:30:00,-0.6618478502846625,5.604033352724458,544.6,515.7
2025-11-16 17:45:00,-0.6633389231172871,5.601860825741412,544.8,515.9
2025-11-16 18:00:00,-0.6751565782145236,5.584642233856885,544.5,515.7
2025-11-16 18:15:00,-0.6766424916255579,5.582477224268279,544.7,515.9
2025-11-16 18:30:00,-0.5812340252309008,5.721489526764945,545.1,515.6
2025-11-16 18:45:00,-0.609368940365062,5.680496316401729,545.1,515.8
2025-11-17 06:45:00,-0.34606238926458505,6.064139941690971,545.7,514.5
2025-11-17 07:00:00,-0.6357741362275443,5.642023346303504,543.0,514.0
2025-11-17 07:15:00,-0.6431113812096207,5.631332813717838,542.1,513.2
2025-11-17 07:30:00,-0.6267126009253937,5.65522620904837,541.8,512.8
2025-11-17 07:45:00,-0.6988323775600274,5.550146056475169,542.0,513.5
2025-11-17 08:00:00,-0.6847220643970584,5.570705103233342,542.0,513.4
2025-11-17 08:15:00,-0.6706062533524711,5.591272160529903,542.0,513.3
2025-11-17 08:30:00,-0.6029907012013009,5.6897895557287415,542.4,513.2
2025-11-17 08:45:00,-0.6163642612040793,5.670303975058433,542.3,513.2
2025-11-17 09:00:00,-0.495301377596626,5.84669534610871,541.3,511.4
2025-11-17 09:15:00,-0.45662393582299915,5.903049257232196,541.8,511.6
2025-11-17 09:30:00,-0.5355632723566291,5.788032850997271,541.0,511.4
2025-11-17 09:45:00,-0.47320191312027515,5.878894767783649,540.3,510.3
2025-11-17 10:00:00,-0.46292315128383643,5.893871157235164,540.8,510.7
2025-11-17 10:15:00,-0.4700393208765912,5.883502736512902,541.7,511.6
2025-11-17 10:30:00,-0.40261326731235125,5.981744027966607,545.7,514.9
2025-11-17 10:45:00,-0.3954247240064648,5.992217898832686,544.8,514.0
2025-11-17 11:00:00,-0.39462444272644687,5.993383926834017,544.7,513.9
2025-11-17 11:15:00,-0.463001315456837,5.893757270259803,546.2,515.8
2025-11-17 11:30:00,-0.6234282175924147,5.660011630160899,545.1,515.9
2025-11-17 11:45:00,-0.5998512949019676,5.6943637420104665,545.7,516.3
2025-11-17 12:00:00,-0.594545334372537,5.7020946470131895,545.0,515.6
2025-11-17 12:15:00,-0.46221693133689873,5.894900135737835,546.1,515.7
2025-11-17 12:30:00,-0.47708896400128464,5.8732312463655845,546.2,515.9
2025-11-17 12:45:00,-0.3908830797711442,5.998835177635398,546.0,515.1
2025-11-17 13:00:00,-0.22267277231474558,6.243921416066911,546.2,514.1
2025-11-17 13:15:00,-0.26354883751358643,6.1843640606767725,546.0,514.2
2025-11-17 13:30:00,-0.21516785238731476,6.254856254856267,547.0,514.8
2025-11-17 13:45:00,-0.17769539603053228,6.309454474859244,547.6,515.1
2025-11-17 14:00:00,-0.15338088013485138,6.344881276761383,546.4,513.8
2025-11-17 14:15:00,-0.2512328420165841,6.202308745842289,542.8,511.1
2025-11-17 14:30:00,-0.3737072531583972,6.023860747115206,542.1,511.3
2025-11-17 14:45:00,-0.35011359124847063,6.058237248387743,542.7,511.7
2025-11-17 15:00:00,-0.3444177602474328,6.06653620352251,542.0,511.0
2025-11-17 15:15:00,-0.372089423783004,6.026217961260016,541.9,511.1
2025-11-17 15:30:00,-0.3981423081411596,5.988258317025452,541.6,511.0
2025-11-17 15:45:00,-0.3562239084484342,6.049334377447146,541.7,510.8
2025-11-17 16:00:00,-0.38309670012198804,6.010180109631946,541.5,510.8
2025-11-17 16:15:00,-0.4115734451145951,5.968688845401182,541.5,511.0
2025-11-17 16:30:00,-0.3301690300857537,6.087296926991592,542.0,510.9
2025-11-17 16:45:00,-0.2704651537778618,6.174286830793263,543.4,511.8
2025-11-17 17:00:00,-0.2168298073463178,6.252434748733937,545.5,513.4
2025-11-17 17:15:00,-0.24356650774922683,6.213478768991032,545.3,513.4
2025-11-17 17:30:00,-0.28367155835355995,6.155044799376719,545.0,513.4
2025-11-17 17:45:00,-0.26865170113191844,6.176929072486348,544.9,513.2
2025-11-17 18:00:00,-0.30877238114023825,6.118472330475444,544.6,513.2
2025-11-17 18:15:00,-0.2828485701081629,6.156243911942338,544.9,513.3
2025-11-17 18:30:00,-0.36307429767595656,6.03935320475355,544.3,513.3
2025-11-17 19:00:00,-0.2812016312456077,6.158643539271091,544.7,513.1
2025-11-17 19:15:00,-0.2402413586542835,6.218323586744634,544.9,513.0
2025-11-17 19:30:00,-0.1289430125487693,6.3804878048780544,545.2,512.5
2025-11-17 19:45:00,-0.16827170157947502,6.323185011709587,544.8,512.4
2025-11-17 20:00:00,-0.19084783505598574,6.290291072475096,544.1,511.9
2025-11-17 20:15:00,-0.10043930880340755,6.422018348623881,545.2,512.3
2025-11-17 20:30:00,-0.15402752659319874,6.343939098184648,544.8,512.3
2025-11-17 20:45:00,-0.16657712972455851,6.325654041390072,544.6,512.2
2025-11-17 21:00:00,-0.12209661472275636,6.390463162008997,544.4,511.7
2025-11-17 21:15:00,-0.18747170806716407,6.295210166177911,543.7,511.5
2025-11-17 21:30:00,-0.1916910425534341,6.289062500000009,544.2,512.0
2025-11-17 21:45:00,-0.16742458104061989,6.324419285574878,544.7,512.3
2025-11-17 22:00:00,-0.10868385139771793,6.410005862810242,544.5,511.7
2025-11-17 22:15:00,-0.1916910425534341,6.289062500000009,544.2,512.0
2025-11-17 22:30:00,-0.2612039621727202,6.187780597306269,544.0,512.3
2025-11-17 22:45:00,-0.20929397052056473,6.263414634146347,544.6,512.5
2025-11-17 23:00:00,-0.2059362073871961,6.268306971294679,544.2,512.1
2025-11-17 23:15:00,-0.16318401280990696,6.330597889800704,544.2,511.8
2025-11-17 23:30:00,-0.15147632970134536,6.34765625,544.5,512.0
2025-11-18 06:45:00,-0.495139746058476,5.846930846930842,544.9,514.8
2025-11-18 07:00:00,-0.26880854507251184,6.176700547302594,543.2,511.6
2025-11-18 07:15:00,-0.09834249264212629,6.425073457394692,543.3,510.5
2025-11-18 07:30:00,-0.14977387018892405,6.350136772176618,544.3,511.8
2025-11-18 07:45:00,-0.15402752659319874,6.343939098184648,544.8,512.3
2025-11-18 08:00:00,-0.200889715874448,6.27565982404692,543.6,511.5
2025-11-18 08:15:00,-0.080993154322055,6.450351837372947,544.6,511.6
2025-11-18 08:30:00,-0.08663040051845916,6.442138241629136,543.6,510.7
2025-11-18 08:45:00,-0.11350845414455317,6.402976307029573,543.4,510.7
2025-11-18 09:00:00,-0.1241052641866332,6.387536514118786,546.3,513.5
2025-11-18 09:15:00,-0.10423466332995199,6.416488430876921,547.3,514.3
2025-11-18 09:30:00,-0.0564096049289245,6.486170627191279,546.7,513.4
2025-11-18 09:45:00,-0.047721742678555036,6.49882903981267,545.7,512.4
2025-11-18 10:00:00,-0.4897382586485086,5.854800936768156,542.4,512.4
2025-11-18 10:15:00,-0.14689954144048775,6.354324734446126,560.7,527.2
2025-11-18 10:30:00,-0.25611430729019513,6.1951963400686205,557.1,524.6
2025-11-18 10:45:00,-0.19803144202201667,6.279824393968303,556.8,523.9
2025-11-18 11:00:00,0.2185496130823979,6.886792452830193,566.5,530.0
2025-11-18 11:15:00,0.20570689113015314,6.868080315256142,569.5,532.9
2025-11-18 11:30:00,-0.15265572038152309,6.345937850992134,568.1,534.2
2025-11-18 11:45:00,-0.1791617346749992,6.307317986150118,568.0,534.3
2025-11-18 12:00:00,-0.17997178491589638,6.306137724550909,568.1,534.4
2025-11-18 12:15:00,-0.07473883700629376,6.459464519752856,568.6,534.1
2025-11-18 12:30:00,-0.08680000210000392,6.441891128272759,565.1,530.9
2025-11-18 12:45:00,-0.18462309377336505,6.299360661902975,565.3,531.8
2025-11-18 13:00:00,-0.19103468189170225,6.290018832391708,564.4,531.0
2025-11-18 13:15:00,-0.1748452261633275,6.313607237090091,564.1,530.6
2025-11-18 13:30:00,-0.1658432478905598,6.32672332389046,563.0,529.5
2025-11-18 13:45:00,-0.07929218474543716,6.452830188679259,564.2,530.0
2025-11-18 14:00:00,-0.20558046145015701,6.268825301204806,564.5,531.2
2025-11-18 14:15:00,-0.08553467674673187,6.44373473605111,566.6,532.3
2025-11-18 14:30:00,-0.05070747689053551,6.494478757252487,569.0,534.3
2025-11-18 14:45:00,-0.02081743687665625,6.538029224428632,568.7,533.8
2025-11-18 15:00:00,-0.2629900676779563,6.185178201018315,563.1,530.3
2025-11-18 15:15:00,-0.29705252734886867,6.135548423636017,562.2,529.7
2025-11-18 15:30:00,-0.27113857230480154,6.17330564470453,562.4,529.7
2025-11-18 15:45:00,-0.3712091975329176,6.027500470898484,562.9,530.9
2025-11-18 16:00:00,-0.5087724626854936,5.827067669172936,563.0,532.0
2025-11-18 16:15:00,-0.5606633711830811,5.751461436922489,560.8,530.3
2025-11-18 16:30:00,-0.6175681334604276,5.6685499058380495,561.1,531.0
2025-11-18 16:45:00,-0.5858083755243944,5.71482459449264,560.5,530.2
2025-11-18 17:00:00,-0.6951196701092923,5.555555555555558,562.4,532.8
2025-11-18 17:15:00,-0.671596138942199,5.5898298747429465,564.8,534.9
2025-11-18 17:30:00,-0.6118115067904183,5.676937441643326,565.9,535.5
2025-11-18 17:45:00,-0.5032955260169614,5.835047690293616,565.9,534.7
2025-11-18 18:00:00,-0.4594878944299384,5.89887640449438,565.5,534.0
2025-11-18 18:15:00,-0.48214148684404284,5.865869605828533,566.7,535.3
2025-11-18 18:30:00,-0.3387691512399136,6.074766355140193,567.5,535.0
2025-11-18 19:00:00,-0.3628767835747905,6.039640987284978,567.1,534.8
2025-11-18 19:15:00,-0.4285694819950127,5.943925233644842,566.8,535.0
2025-11-18 19:30:00,-0.4444363316203811,5.920806873365714,567.1,535.4
2025-11-18 19:45:00,-0.36597483547198967,6.035127055306422,567.5,535.2
2025-11-18 20:00:00,-0.48214148684404284,5.865869605828533,566.7,535.3
2025-11-18 20:15:00,-0.37106883698244425,6.027704979408455,566.4,534.2
2025-11-18 20:30:00,-0.4088449703690249,5.9726642950758135,566.0,534.1
2025-11-18 20:45:00,-0.402144781937328,5.9824266217984645,566.9,534.9
2025-11-18 21:00:00,-0.3733908209216423,6.024321796071108,566.7,534.5
2025-11-18 21:15:00,-0.40060899535042493,5.984664297737052,566.7,534.7
2025-11-18 21:30:00,-0.41956189913147823,5.957049486461252,567.4,535.5
2025-11-18 21:45:00,-0.4029122446364021,5.981308411214958,567.0,535.0
2025-11-18 22:00:00,-0.28982005045069886,6.146086306743892,568.2,535.3
2025-11-18 22:15:00,-0.272250832017265,6.171685057041332,567.7,534.7
2025-11-18 22:30:00,-0.2449846283412065,6.21141253507953,567.7,534.5
2025-11-18 22:45:00,-0.2858762862663575,6.151832460733009,567.7,534.8
2025-11-18 23:00:00,-0.2594150156839536,6.190387132971753,567.8,534.7
2025-11-18 23:15:00,-0.23298720171736917,6.228893058161367,566.2,533.0
2025-11-18 23:30:00,-0.1538989027647409,6.344126506024073,564.9,531.2
2025-11-19 06:45:00,-0.01623899847674615,6.544700113164836,564.9,530.2
2025-11-19 07:00:00,-0.35702903875712766,6.048161284300901,568.1,535.7
2025-11-19 07:15:00,-0.3131119138813182,6.112149532710287,567.7,535.0
2025-11-19 07:30:00,-0.2633842376629683,6.184603886397588,568.3,535.2
2025-11-19 07:45:00,-0.35547869657849823,6.050420168067228,567.9,535.5
2025-11-19 08:00:00,-0.24179190368765902,6.216064407414335,567.3,534.1
2025-11-19 08:15:00,-0.2241123229204671,6.241823958138659,568.5,535.1
2025-11-19 08:30:00,-0.18563365915618182,6.297888245187799,568.8,535.1
2025-11-19 08:45:00,-0.24012893198313418,6.218487394957983,568.8,535.5
2025-11-19 09:00:00,-0.10834696099742636,6.410496719775072,567.7,533.5
2025-11-19 09:15:00,-0.13023810686450604,6.378600823045266,568.7,534.6
2025-11-19 09:30:00,-0.10752211599160767,6.411698537682797,567.6,533.4
2025-11-19 09:45:00,-0.15899051489243,6.336707911511064,567.2,533.4
2025-11-19 10:00:00,-0.0926218402376072,6.433408577878086,565.8,531.6
2025-11-19 10:15:00,-0.13851076490598407,6.366547372386533,564.7,530.9
2025-11-19 10:30:00,-0.14039155339740111,6.363807020837231,566.6,532.7
2025-11-19 10:45:00,-0.10256654380014442,6.4189189189189255,567.0,532.8
2025-11-19 11:00:00,-0.08763263302654424,6.440677966101704,565.2,531.0
2025-11-19 11:15:00,-0.3034027896593834,6.126295947219607,563.0,530.5
2025-11-19 11:30:00,-0.537025225816324,5.785902751601957,561.3,530.6
2025-11-19 11:45:00,-0.4472455528290514,5.916713774260396,562.1,530.7
2025-11-19 12:00:00,-0.38541647076701413,6.0068001511144775,561.2,529.4
2025-11-19 12:15:00,-0.43277717219330375,5.937794533458995,562.0,530.5
2025-11-19 12:30:00,-0.28589329060358726,6.151807685027455,560.8,528.3
2025-11-19 12:45:00,-0.3449507418733832,6.065759637188184,561.3,529.2
2025-11-19 13:00:00,-0.35201885644066266,6.055461233729487,562.2,530.1
2025-11-19 13:15:00,-0.3779132574722576,6.017732503301265,562.0,530.1
2025-11-19 13:30:00,-0.3996142135629237,5.986113717395369,564.8,532.9
2025-11-19 13:45:00,-0.2684357555517013,6.177243710101377,565.5,532.6
2025-11-19 14:00:00,-0.18734175157507152,6.29539951573852,570.7,536.9
2025-11-19 14:15:00,-0.21690917417496797,6.252319109461979,572.7,539.0
2025-11-19 14:30:00,-0.18133776164097756,6.304147465437793,576.7,542.5
2025-11-19 14:45:00,-0.09594172623892913,6.428571428571428,581.1,546.0
2025-11-19 15:00:00,-0.12404445551136936,6.387625113739759,584.6,549.5
2025-11-19 15:15:00,-0.05962791145890203,6.481481481481488,586.5,550.8
2025-11-19 15:30:00,-0.17558174699217716,6.312534109514267,584.4,549.7
2025-11-19 15:45:00,-0.09460593196227517,6.430517711171668,585.9,550.5
2025-11-19 16:00:00,-0.041258491941255575,6.5082461429331495,600.6,563.9
2025-11-19 16:15:00,0.10262288773911889,6.717884581025535,597.3,559.7
2025-11-19 16:30:00,0.16648001118259362,6.810925860234152,602.2,563.8
2025-11-19 16:45:00,0.1320853128188526,6.760812003530448,604.8,566.5
2025-11-19 17:00:00,0.1661761668064204,6.810483152077018,599.1,560.9
2025-11-19 17:15:00,0.15678889153133793,6.796805678793239,601.8,563.5
2025-11-19 17:30:00,0.004392997418922815,6.574761399787921,603.0,565.8
2025-11-19 17:45:00,-0.09307484612471285,6.432748538011701,600.6,564.3
2025-11-19 18:00:00,-0.10289543545211997,6.418439716312063,600.2,564.0
2025-11-19 18:15:00,-0.1083560735796159,6.410483442535853,600.9,564.7
2025-11-19 18:30:00,0.07636440515634146,6.679625375508058,603.7,565.9
2025-11-19 19:00:00,-0.23372288579463862,6.2278211497516,598.7,563.6
2025-11-19 19:15:00,-0.16989383275447326,6.320821529745047,600.5,564.8
2025-11-19 19:30:00,-0.06097429230349699,6.479519774011311,603.1,566.4
2025-11-19 19:45:00,0.07472552588789824,6.677237491190979,605.5,567.6
2025-11-19 20:00:00,0.05049705148686753,6.641936053700759,603.7,566.1
2025-11-19 20:15:00,0.0642362712220305,6.661954408906179,603.6,565.9
2025-11-19 20:30:00,0.06666146914981877,6.665487977369144,603.3,565.6
2025-11-19 20:45:00,0.0642362712220305,6.661954408906179,603.6,565.9
2025-11-19 21:00:00,0.10344681431342725,6.71908506075769,597.2,559.6
2025-11-19 21:15:00,0.0495972345591288,6.640625,600.6,563.2
2025-11-19 21:30:00,0.047116611702298285,6.637010676156585,599.3,562.0
2025-11-19 21:45:00,0.048738251728550876,6.639373442506247,599.1,561.8
2025-11-19 22:00:00,-0.04452689235930503,6.503484009290683,596.1,559.7
2025-11-19 22:15:00,-0.05837940112756322,6.483300589390972,596.2,559.9
2025-11-19 22:30:00,-0.11653253542384855,6.398570151921357,595.3,559.5
2025-11-19 22:45:00,-0.09751692384542374,6.426276329882175,596.2,560.2
2025-11-19 23:00:00,0.11488536941398374,6.735751295336767,597.4,559.7
2025-11-19 23:15:00,0.19181912267184964,6.847845521187201,597.6,559.3
2025-11-19 23:30:00,0.21214187600251258,6.877456234369417,598.3,559.8
2025-11-20 06:45:00,-0.0698448207619593,6.466595212575932,596.0,559.8
2025-11-20 07:00:00,0.30528779046459753,7.013171947312236,601.2,561.8
2025-11-20 07:15:00,-0.016342593379037235,6.544549173039305,599.1,562.3
2025-11-20 07:30:00,0.15643475211363475,6.796289689618273,598.7,560.6
2025-11-20 07:45:00,0.09924502820368411,6.712962962962954,599.3,561.6
2025-11-20 08:00:00,0.18175691533264995,6.833184656556646,598.8,560.5
2025-11-20 08:15:00,0.21472734992145767,6.881223328591757,601.1,562.4
2025-11-20 08:30:00,0.04878813328867432,6.639446121072279,600.7,563.3
2025-11-20 08:45:00,-0.05849915167444508,6.483126110124338,599.5,563.0
2025-11-20 09:00:00,0.12698834268504122,6.753385602280826,599.1,561.2
2025-11-20 09:15:00,0.10006556520284894,6.714158504007139,599.2,561.5
2025-11-20 09:30:00,0.06828619007723744,6.667855232661779,598.3,560.9
2025-11-20 09:45:00,0.07236930607660685,6.673804425410412,597.8,560.4
2025-11-20 10:00:00,0.17397362489011048,6.821844225604301,596.6,558.5
2025-11-20 10:15:00,0.15917776922171387,6.800286327845373,596.8,558.8
2025-11-20 10:30:00,0.2176092140200964,6.885422270037656,596.1,557.7
2025-11-20 10:45:00,0.319710734522655,7.034186504385165,598.0,558.7
2025-11-20 11:00:00,-0.008747593329459633,6.555615260612568,594.9,558.3
2025-11-20 11:15:00,0.034729541077741066,6.618962432915931,596.0,559.0
2025-11-20 11:30:00,0.034096099912938084,6.618039494751815,599.3,562.1
2025-11-20 11:45:00,-0.08957728297630105,6.437844566957152,598.5,562.3
2025-11-20 12:00:00,0.1211777325579538,6.74491941135249,609.3,570.8
2025-11-20 12:15:00,0.13564238703612633,6.765994741454873,609.1,570.5
2025-11-20 12:30:00,-0.14926569636327258,6.350877192982463,606.2,570.0
2025-11-20 12:45:00,-0.03776056864017336,6.513342696629221,606.7,569.6
2025-11-20 13:00:00,-0.2102241868380906,6.262059287844224,605.8,570.1
2025-11-20 13:15:00,-0.2643344001886274,6.183219478017188,606.2,570.9
2025-11-20 13:30:00,-0.30164074987633305,6.1288632792037445,607.8,572.7
2025-11-20 13:45:00,-0.3229778342218685,6.097774662694921,605.5,570.7
2025-11-20 14:00:00,-0.24634054007483708,6.209436940887558,605.5,570.1
2025-11-20 14:15:00,-0.325777858988072,6.093694963015151,602.4,567.8
2025-11-20 14:30:00,-0.36975506025021254,6.0296191819464,601.4,567.2
2025-11-20 14:45:00,-0.4800783982360496,5.868875572788168,600.7,567.4
2025-11-20 15:00:00,-0.5143855441967058,5.818889281924289,598.3,565.4
2025-11-20 15:15:00,-0.41527008831828416,5.963302752293598,600.6,566.8
2025-11-20 15:30:00,-0.2912054167297988,6.144067796610186,601.2,566.4
2025-11-20 15:45:00,-0.29227722850782695,6.142506142506132,604.8,569.8
2025-11-20 16:00:00,-0.42046933169047446,5.955727336612782,603.1,569.2
2025-11-20 16:15:00,-0.42333983793367486,5.95154494382022,603.5,569.6
2025-11-20 16:30:00,-0.4736791173156825,5.878199470432466,599.8,566.5
2025-11-20 16:45:00,-0.45010266703963736,5.91255089396352,598.3,564.9
2025-11-20 17:00:00,-0.5948320033425863,5.701676963812874,598.8,566.5
2025-11-20 17:15:00,-0.5159333079432805,5.816634154992029,596.7,563.9
2025-11-20 17:30:00,-0.3985943747532179,5.987599645704145,598.3,564.5
2025-11-20 17:45:00,-0.3459138027321048,6.064356435643559,599.9,565.6
2025-11-20 18:00:00,-0.2579661036491533,6.1924982307147936,600.2,565.2
2025-11-20 18:15:00,-0.293437743254576,6.14081524616199,601.5,566.7
2025-11-20 18:30:00,-0.3278666424473041,6.090651558073668,599.2,564.8
2025-11-20 19:00:00,-0.2629718742953914,6.185204709189929,604.3,569.1
2025-11-20 19:15:00,-0.17474513119332577,6.313753077734785,604.5,568.6
2025-11-20 19:30:00,-0.2396615175036315,6.219168428470745,602.9,567.6
2025-11-20 19:45:00,-0.2502530389215342,6.203736341205501,602.6,567.4
2025-11-20 20:00:00,-0.23514468289568696,6.225749559082883,602.3,567.0
2025-11-20 20:15:00,-0.23292339899744607,6.22898602017341,600.3,565.1
2025-11-20 20:30:00,-0.21397757937714668,6.256590509666093,604.6,569.0
2025-11-20 20:45:00,-0.1876199733467992,6.294994140298016,634.9,597.3
2025-11-20 21:00:00,-0.18874745166177495,6.293351378785306,628.3,591.1
2025-11-20 21:15:00,-0.11423538541346201,6.401917151660386,621.6,584.2
2025-11-20 21:30:00,0.18781730658184786,6.8420147842530366,621.5,581.7
2025-11-20 21:45:00,0.17468503883603756,6.822880771881468,620.0,580.4
2025-11-20 22:00:00,0.0799868790806354,6.684903402290998,624.0,584.9
2025-11-20 22:15:00,0.06042391974404275,6.656399726214923,623.3,584.4
2025-11-20 22:30:00,0.14043430885695057,6.77297668038408,622.7,583.2
2025-11-20 22:45:00,0.2349637180215194,6.910708176530966,625.0,584.6
2025-11-20 23:00:00,-0.11330705183538492,6.40326975476837,624.8,587.2
2025-11-20 23:15:00,-0.15208077068063602,6.34677556576484,625.0,587.7
2025-11-20 23:30:00,-0.019357847457685158,6.540155879362919,628.8,590.2
2025-11-21 06:45:00,-0.031745078070719523,6.52210740301542,628.8,590.3
2025-11-21 07:00:00,0.1762628029220983,6.82517960998974,624.5,584.6
2025-11-21 07:15:00,0.14482333056589733,6.779371584699434,625.3,585.6
2025-11-21 07:30:00,-0.003551955701505494,6.563185422642137,631.6,592.7
2025-11-21 07:45:00,0.008640954510136061,6.580950769751315,630.0,591.1
2025-11-21 08:00:00,-0.030476913355685982,6.523955147808347,627.0,588.6
2025-11-21 08:15:00,-0.12574156113289756,6.385152392303772,624.8,587.3
2025-11-21 08:30:00,-0.13444897215535487,6.3724654966774485,624.3,586.9
2025-11-21 08:45:00,-0.04041006739924829,6.509482316760651,623.4,585.3
2025-11-21 09:00:00,-0.05473198111492313,6.488614963191219,622.0,584.1
2025-11-21 09:15:00,-0.00792466847912551,6.5568142808101415,620.8,582.6
2025-11-21 09:30:00,-0.08164666536067659,6.4493996569468415,620.6,583.0
2025-11-21 09:45:00,-0.06876228991998605,6.46817248459961,622.2,584.4
2025-11-21 10:00:00,-0.18091829865366063,6.304758632537344,618.8,582.1
2025-11-21 10:15:00,-0.05995565346957028,6.481003953928122,619.4,581.7
2025-11-21 10:30:00,-0.12547404548773616,6.385542168674707,618.1,581.0
2025-11-21 10:45:00,-0.08318087269142097,6.447164282020346,617.5,580.1
2025-11-21 11:00:00,0.01302789747111526,6.587342645283667,618.1,579.9
2025-11-21 11:15:00,0.033565865313724415,6.617266930897836,618.7,580.3
2025-11-21 11:30:00,-0.054912441981422117,6.488352027610023,617.1,579.5
2025-11-21 11:45:00,-0.05644880830196297,6.486113506986357,617.3,579.7
2025-11-21 12:00:00,-0.12320991796414661,6.388841053900451,617.8,580.7
2025-11-21 12:15:00,-0.12320991796414661,6.388841053900451,617.8,580.7
2025-11-21 12:30:00,-0.07822233468963577,6.454388984509474,618.5,581.0
2025-11-21 12:45:00,0.018744311610655952,6.595671590518726,620.6,582.2
2025-11-21 13:00:00,0.051719870005136476,6.643717728055076,619.6,581.0
2025-11-21 13:15:00,0.003691608117497953,6.573739459645478,619.3,581.1
2025-11-21 13:30:00,-0.321249454008579,6.100292951921427,615.7,580.3
2025-11-21 13:45:00,-0.32514760343646293,6.094613259668491,614.5,579.2
2025-11-21 14:00:00,-0.37326004299376414,6.024512342482313,614.2,579.3
2025-11-21 14:15:00,-0.30362604139800425,6.125970664365843,615.0,579.5
2025-11-21 14:30:00,-0.29292086102591236,6.141568355308813,611.8,576.4
2025-11-21 14:45:00,-0.251937646841228,6.201281829204941,613.1,577.3
2025-11-21 15:00:00,-0.17021998374351546,6.320346320346326,614.0,577.5
2025-11-21 15:15:00,-0.19032877436834245,6.29104735568613,615.0,578.6
2025-11-21 15:30:00,-0.4247444147858899,5.949498443445167,612.6,578.2
2025-11-21 15:45:00,-0.4939504636222659,5.848663658451914,609.9,576.2
2025-11-21 16:00:00,-0.45465136004159157,5.905923344947728,607.9,574.0
2025-11-21 16:15:00,-0.5731532392409021,5.733263415486789,604.9,572.1
2025-11-21 16:30:00,-0.4630618191015939,5.893669115075206,605.5,571.8
2025-11-21 16:45:00,-0.3859976064548096,6.0059534232183465,605.4,571.1
2025-11-21 17:00:00,-0.3929463208448698,5.995828988529728,609.9,575.4
2025-11-21 17:15:00,-0.3423388538289401,6.069565217391304,609.9,575.0
2025-11-21 17:30:00,-0.5036799782720978,5.834487534626032,611.3,577.6
2025-11-21 17:45:00,-0.42192976362703954,5.953599454111225,621.1,586.2
2025-11-21 18:00:00,-0.5005547275635882,5.839041095890418,618.1,584.0
2025-11-21 18:15:00,-0.4729045196727438,5.879328076791235,617.7,583.4
2025-11-21 18:30:00,-0.47013596687527587,5.883361921097752,617.3,583.0
2025-11-21 19:00:00,-0.3115917468728146,6.114364450568388,616.1,580.6
2025-11-21 19:15:00,-0.2406653501099036,6.2177058215639125,616.7,580.6
2025-11-21 19:30:00,-0.15059989067383647,6.348933241569155,618.1,581.2
2025-11-21 19:45:00,-0.2384043350558629,6.221000171850832,618.1,581.9
2025-11-21 20:00:00,-0.17582588997028473,6.31217838765008,619.8,583.0
2025-11-21 20:15:00,-0.04925253580746137,6.496598639455797,626.2,588.0
2025-11-21 20:30:00,-0.2600763406880381,6.189423567420493,624.5,588.1
2025-11-21 20:45:00,-0.3226979668064538,6.098182435875654,624.6,588.7
2025-11-21 21:00:00,-0.273186845140998,6.170321264660905,624.6,588.3
2025-11-21 21:15:00,-0.3410599760040777,6.071428571428572,623.7,588.0
2025-11-21 21:30:00,-0.3393132901387653,6.073973532405841,625.2,589.4
2025-11-21 21:45:00,-0.40360968907700934,5.980292218824324,623.8,588.6
2025-11-21 22:00:00,-0.38774916643554547,6.003401360544203,623.3,588.0
2025-11-21 22:15:00,-0.3898502990492887,6.000339962604118,623.6,588.3
2025-11-21 22:30:00,-0.29866609590537363,6.1331974176011,624.7,588.6
2025-11-21 22:45:00,-0.3124649280182242,6.113092205807447,624.9,588.9
2025-11-21 23:00:00,-0.3308085157112906,6.086365181910902,624.0,588.2
2025-11-21 23:15:00,-0.22433699992543119,6.241496598639462,624.7,588.0
2025-11-21 23:30:00,-0.4312007708491776,5.940091386021318,626.0,590.9
2025-11-24 06:45:00,-0.04866003339082762,6.497461928934012,629.4,591.0
2025-11-24 07:00:00,-0.3632231645793317,6.039136302294201,628.6,592.8
2025-11-24 07:15:00,-0.3849876812437974,6.007424907188663,628.2,592.6
2025-11-24 07:30:00,-0.4817491489462009,5.866441251056642,626.2,591.5
2025-11-24 07:45:00,-0.5227719813742526,5.806670052480101,625.0,590.7
2025-11-24 08:00:00,-0.3103264951466789,6.116207951070329,624.6,588.6
2025-11-24 08:15:00,-0.3626024350095569,6.04004071937565,625.0,589.4
2025-11-24 08:30:00,-0.4057006012180777,5.977245712345058,624.1,588.9
2025-11-24 08:45:00,-0.30961319969606216,6.1172472387425625,624.5,588.5
2025-11-24 09:00:00,-0.23532843009651852,6.225481835237923,622.8,586.3
2025-11-24 09:15:00,-0.2572906782256171,6.193482340897449,622.4,586.1
2025-11-24 09:30:00,-0.19506058133522147,6.284153005464477,622.4,585.6
2025-11-24 09:45:00,-0.2228794520444924,6.243620279006468,624.5,587.8
2025-11-24 10:00:00,-0.21557680928721765,6.254260395364697,623.5,586.8
2025-11-24 10:15:00,-0.2148251275817526,6.25535561268209,620.0,583.5
2025-11-24 10:30:00,-0.16599965730437685,6.326495431822088,616.8,580.1
2025-11-24 10:45:00,-0.21553639405799496,6.254319281271603,615.0,578.8
2025-11-24 11:00:00,-0.19032877436834245,6.29104735568613,615.0,578.6
2025-11-24 11:15:00,-0.1769697507117791,6.310511756569848,614.9,578.4
2025-11-24 11:30:00,0.05714011227367254,6.651615144147294,614.1,575.8
2025-11-24 11:45:00,-0.13409873743343617,6.372975796621971,610.9,574.3
2025-11-24 12:00:00,-0.22148593767048114,6.245650661099522,610.7,574.8
2025-11-24 12:15:00,-0.32195428928698105,6.0992659909122615,607.1,572.2
2025-11-24 12:30:00,-0.34265081537283265,6.069110682336443,604.7,570.1
2025-11-24 12:45:00,-0.24716839176410416,6.208230742173759,603.9,568.6
2025-11-24 13:00:00,-0.15041244840896215,6.349206349206349,603.0,567.0
2025-11-24 13:15:00,-0.14523298195855786,6.3567529494629404,604.0,567.9
2025-11-24 13:30:00,0.09639904298318488,6.708816297857401,607.6,569.4
2025-11-24 13:45:00,0.11251003898585624,6.732290384953421,607.2,568.9
2025-11-24 14:00:00,-0.3161803654806999,6.107678729037946,601.1,566.5
2025-11-24 14:15:00,-0.4038853097329165,5.979890633268648,600.8,566.9
2025-11-24 14:30:00,-0.4151029511145336,5.963546274995557,598.8,565.1
2025-11-24 14:45:00,-0.37412805971665897,6.023247622402272,602.0,567.8
2025-11-24 15:00:00,-0.12361566772719049,6.388249867280127,601.2,565.1
2025-11-24 15:15:00,-0.1965496402946621,6.2819834127404,602.3,566.7
2025-11-24 15:30:00,-0.23978149293314355,6.21899362154501,599.5,564.4
2025-11-24 15:45:00,-0.31839907923679306,6.104446012702902,601.4,566.8
2025-11-24 16:00:00,-0.16877981521024488,6.322444678609052,605.4,569.4
2025-11-24 16:15:00,-0.11825261244141312,6.396063960639609,605.5,569.1
2025-11-24 16:30:00,-0.0902513271940761,6.43686246922266,605.2,568.6
2025-11-24 16:45:00,-0.23359433940753294,6.228008444757216,603.8,568.4
2025-11-24 17:00:00,-0.40098738569952497,5.984112974404243,600.4,566.5
2025-11-24 17:15:00,-0.5286358825328651,5.798126215308463,598.5,565.7
2025-11-24 17:30:00,-0.3065387221447446,6.121726822363738,599.8,565.2
2025-11-24 17:45:00,-0.15774207816271646,6.338526912181308,600.6,564.8
2025-11-24 18:00:00,-0.09542075227557162,6.429330499468633,600.9,564.6
2025-11-24 18:15:00,-0.0452156249409682,6.502480510276398,601.1,564.4
2025-11-24 18:30:00,-0.1614283475173395,6.333155934007428,599.4,563.7
2025-11-24 19:00:00,-0.30976828454469607,6.117021276595747,598.5,564.0
2025-11-24 19:15:00,-0.2762625931816717,6.165839829907882,599.2,564.4
2025-11-24 19:30:00,-0.34738504925710767,6.062212796041022,600.1,565.8
2025-11-24 19:45:00,-0.09193339367968334,6.434411660149286,598.8,562.6
2025-11-24 20:00:00,0.016251701514278218,6.592039800995031,599.9,562.8
2025-11-24 20:15:00,0.006463231440729293,6.577777777777771,599.5,562.5
2025-11-24 20:30:00,-0.016342593379037235,6.544549173039305,599.1,562.3
2025-11-24 20:45:00,-0.008937593527830598,6.555338426008173,599.8,562.9
2025-11-24 21:00:00,-0.02033311188350811,6.538734896943854,599.6,562.8
2025-11-24 21:15:00,-0.04472298748202217,6.503198294243084,599.4,562.8
2025-11-24 21:30:00,-0.1056976764783378,6.414356787491116,598.9,562.8
2025-11-24 21:45:00,-0.13008755207685185,6.378820184790346,598.7,562.8
2025-11-24 22:00:00,-0.057708678931450555,6.48427784686445,599.4,562.9
2025-11-24 22:15:00,-0.08130780087980789,6.449893390191908,599.1,562.8
2025-11-24 22:30:00,-0.09271820562714085,6.433268171316842,598.9,562.7
2025-11-24 22:45:00,-0.06358489625747431,6.475716064757164,598.5,562.1
2025-11-24 23:00:00,-0.10929515056297089,6.409115186042369,597.7,561.7
2025-11-24 23:15:00,-0.12151397020587915,6.391312088303369,597.6,561.7
2025-11-24 23:30:00,0.13737566268302925,6.76852016343934,601.0,562.9
2025-11-25 06:45:00,-0.17449748651031816,6.314113901662544,601.1,565.4
2025-11-25 07:00:00,-0.020894891441944376,6.5379163713678246,601.3,564.4
2025-11-25 07:15:00,0.08942132830985088,6.698649609097385,600.5,562.8
2025-11-25 07:30:00,0.18916035150209348,6.84397163120567,602.6,564.0
2025-11-25 07:45:00,-0.025660033385917307,6.5309734513274265,601.9,565.0
2025-11-25 08:00:00,0.005190675202083235,6.575923634435199,602.9,565.7
2025-11-25 08:15:00,0.032666221541624574,6.615956129488776,602.7,565.3
2025-11-25 08:30:00,0.08366704438544796,6.690265486725666,602.8,565.0
2025-11-25 08:45:00,-0.006145931770511223,6.559405940594054,602.7,565.6
2025-11-25 09:00:00,-0.007139581162718499,6.5579581708614,601.2,564.2
2025-11-25 09:15:00,0.09337125420945928,6.704404740845593,603.2,565.3
2025-11-25 09:30:00,0.038450097804256685,6.624383368569409,605.2,567.6
2025-11-25 09:45:00,0.018253727099014735,6.59495679774289,604.5,567.1
2025-11-25 10:00:00,0.003139464351549916,6.572934973637956,606.4,569.0
2025-11-25 10:15:00,0.045728166796743026,6.634987680394211,605.9,568.2
2025-11-25 10:30:00,0.002174669720615122,6.571529245947838,604.9,567.6
2025-11-25 10:45:00,0.03195733581880899,6.614923266890105,604.4,566.9
2025-11-25 11:00:00,-0.09854475190016082,6.424778761061933,601.3,565.0
2025-11-25 11:15:00,0.007585401535962542,6.579412805093754,602.6,565.4
2025-11-25 11:30:00,-0.0007484833411422748,6.567270145544901,600.4,563.4
2025-11-25 11:45:00,-0.10099930663252243,6.42120241906794,598.3,562.2
2025-11-25 12:00:00,0.150452951833494,6.787574070748792,594.7,556.9
2025-11-25 12:15:00,0.15128961188627305,6.788793103448287,594.6,556.8
2025-11-25 12:30:00,0.16586916419123696,6.810035842293916,596.0,558.0
2025-11-25 12:45:00,0.12398893395135091,6.74901539563193,596.3,558.6
2025-11-25 13:00:00,-0.028519923273222534,6.526806526806528,594.1,557.7
2025-11-25 13:15:00,-0.14062083917472065,6.363472946252036,591.7,556.3
2025-11-25 13:30:00,-0.1607729302859028,6.33411089179976,592.6,557.3
2025-11-25 13:45:00,-0.14219045260971475,6.361185983827489,591.9,556.5
2025-11-25 14:00:00,-0.19777829377420428,6.2801932367149815,594.0,558.9
2025-11-25 14:15:00,-0.17542052745403608,6.312769010043029,592.8,557.6
2025-11-25 14:30:00,-0.14297483632682437,6.360043118936387,592.0,556.6
2025-11-25 14:45:00,-0.17451713927751678,6.314085267134373,591.0,555.9
2025-11-25 15:00:00,-0.17204342111186252,6.3176895306859215,589.0,554.0
2025-11-25 15:15:00,-0.11116646224918009,6.406388642413496,599.6,563.5
2025-11-25 15:30:00,-0.08129494154293135,6.4499121265378045,605.7,569.0
2025-11-25 15:45:00,-0.23452663955571124,6.226650062266503,597.1,562.1
2025-11-25 16:00:00,-0.22686258478795612,6.237816764132553,599.5,564.3
2025-11-25 16:15:00,-0.07346495984162353,6.461320587714647,601.4,564.9
2025-11-25 16:30:00,0.03337913145159692,6.6169948554195335,601.0,563.7
2025-11-25 16:45:00,0.08048762565462896,6.685633001422486,600.0,562.4
2025-11-25 17:00:00,-0.14305807838777024,6.359921833362958,598.7,562.9
2025-11-25 17:15:00,-0.08130780087980789,6.449893390191908,599.1,562.8
2025-11-25 17:30:00,-0.1282746147997564,6.381461675579314,596.8,561.0
2025-11-25 17:45:00,-0.14559032357095908,6.35623229461757,600.7,564.8
2025-11-25 18:00:00,-0.12723341769831076,6.382978723404253,600.0,564.0
2025-11-25 18:15:00,-0.20101102741462737,6.275483070377597,599.5,564.1
2025-11-25 18:30:00,-0.04995493955732673,6.495575221238936,601.7,565.0
2025-11-25 19:00:00,-0.06097429230349699,6.479519774011311,603.1,566.4
2025-11-25 19:15:00,-0.10633543294275659,6.413427561837448,602.3,566.0
2025-11-25 19:30:00,-0.15099038710573115,6.348364279398755,601.4,565.5
2025-11-25 19:45:00,-0.14733609276222367,6.353688669255209,602.6,566.6
2025-11-25 20:00:00,-0.09932506077824649,6.423641833303839,601.4,565.1
2025-11-25 20:15:00,-0.17832640746411263,6.308535076868704,601.6,565.9
2025-11-25 20:30:00,-0.1828113909636182,6.302000354044979,600.5,564.9
2025-11-25 20:45:00,-0.22077809552296646,6.246682003185278,600.4,565.1
2025-11-25 21:00:00,-0.20253754139462393,6.273258904837875,599.7,564.3
2025-11-25 21:15:00,-0.26724595760889247,6.178977272727271,598.0,563.2
2025-11-25 21:30:00,-0.19259581406817758,6.287744227353453,598.4,563.0
2025-11-25 21:45:00,-0.07815932120616448,6.454480796586082,598.7,562.4
2025-11-25 22:00:00,-0.09036293250315444,6.436699857752504,598.6,562.4
2025-11-25 22:15:00,-0.06595570990920438,6.472261735419616,598.8,562.4
2025-11-25 22:30:00,-0.01884529507161595,6.54090267983074,604.3,567.2
2025-11-25 22:45:00,-0.023830300473655964,6.533639413738301,603.3,566.3
2025-11-25 23:00:00,-0.010122194171359702,6.5536124359653725,603.2,566.1
2025-11-25 23:15:00,0.06666146914981877,6.665487977369144,603.3,565.6
2025-11-25 23:30:00,-0.19496099442162945,6.284298105859443,600.4,564.9
2025-11-26 06:45:00,-0.19496099442162945,6.284298105859443,600.4,564.9
2025-11-26 07:00:00,-0.2063490965297308,6.267705382436284,600.2,564.8
2025-11-26 07:15:00,-0.13630186388657028,6.369765791341364,599.5,563.6
2025-11-26 07:30:00,0.029959324522644177,6.612012119051869,598.2,561.1
2025-11-26 07:45:00,-0.09235953117909541,6.433790768134018,597.2,561.1
2025-11-26 08:00:00,0.007104954621503822,6.578712783027263,597.8,560.9
2025-11-26 08:15:00,0.05767795089227578,6.652398787230229,598.0,560.7
2025-11-26 08:30:00,0.039833491875789356,6.626399005151895,600.2,562.9
2025-11-26 08:45:00,0.015447949173979379,6.590868715580034,600.0,562.9
2025-11-26 09:00:00,0.016251701514278218,6.592039800995031,599.9,562.8
2025-11-26 09:15:00,-0.02934487601823507,6.52560455192035,599.1,562.4
2025-11-26 09:30:00,-0.050581765428300875,6.494661921708178,598.5,562.0
2025-11-26 09:45:00,0.05770407813182298,6.652436855211663,599.6,562.2
2025-11-26 10:00:00,-0.1459516094917109,6.355705892825347,597.4,561.7
2025-11-26 10:15:00,-0.12619462777492532,6.384492263916086,598.2,562.3
2025-11-26 10:30:00,-0.12463551886398967,6.3867639210104965,598.0,562.1
2025-11-26 10:45:00,-0.13684564338529884,6.368973492261154,597.9,562.1
2025-11-26 11:00:00,-0.10256654380014442,6.4189189189189255,598.5,562.4
2025-11-26 11:15:00,0.00228019040782716,6.571682991985739,598.4,561.5
2025-11-26 11:30:00,0.12880476550283768,6.756032171581761,597.3,559.5
2025-11-26 11:45:00,0.06090228572276573,6.657096716310784,594.4,557.3
2025-11-26 12:00:00,-0.04242782980336935,6.506542391109527,594.2,557.9
2025-11-26 12:15:00,-0.03333405578125437,6.5197922264016,594.7,558.3
2025-11-26 12:30:00,-0.018628443158875376,6.5412186379928405,594.5,558.0
2025-11-26 12:45:00,-0.03199783499585682,6.521739130434767,592.9,556.6
2025-11-26 13:00:00,-0.051855710094119434,6.492805755395681,592.1,556.0
2025-11-26 13:15:00,-0.014823456532476856,6.546762589928057,592.4,556.0
2025-11-26 13:30:00,0.0058054717767992555,6.576819407008094,593.1,556.5
2025-11-26 13:45:00,0.037087273633612375,6.622397702799709,594.1,557.2
2025-11-26 14:00:00,0.05353561560995656,6.646363310641323,595.3,558.2
2025-11-26 14:15:00,0.07484241770770865,6.677407805227342,595.9,558.6
2025-11-26 14:30:00,0.142936510713991,6.776622445320912,595.6,557.8
2025-11-26 14:45:00,0.11016344483580488,6.728871343979903,594.8,557.3
2025-11-26 15:00:00,0.23331634261841036,6.908307913152711,595.8,557.3
2025-11-26 15:15:00,0.26479833945318354,6.954177897574132,595.2,556.5
2025-11-26 15:30:00,0.2728358200863691,6.965888689407529,595.8,557.0
2025-11-26 15:45:00,0.2358700517196369,6.912028725314179,595.5,557.0
2025-11-26 16:00:00,0.2558895756178359,6.941197626326212,594.7,556.1
2025-11-26 16:15:00,0.17846738356105543,6.828391734052119,594.5,556.5
2025-11-26 16:30:00,0.15380139616329802,6.792452830188678,594.3,556.5
2025-11-26 16:45:00,0.24525723340898029,6.92570606224141,594.4,555.9
2025-11-26 17:00:00,0.18722737096267855,6.841155234657026,591.9,554.0
2025-11-26 17:15:00,0.25897782501762223,6.945697275843399,592.8,554.3
2025-11-26 17:30:00,0.33661989099368606,7.058823529411762,591.5,552.5
2025-11-26 17:45:00,0.34540446055489865,7.071622846781511,590.5,551.5
2025-11-26 18:00:00,0.42536172509938386,7.188122397247887,592.0,552.3
2025-11-26 18:15:00,0.35706162142832026,7.088607594936724,592.2,553.0
2025-11-26 18:30:00,0.49448779996333847,7.288840658346918,593.2,552.9
2025-11-26 19:00:00,0.2704976774503908,6.96248196248197,593.0,554.4
2025-11-26 19:15:00,0.2581179678662855,6.944444444444442,592.9,554.4
2025-11-26 19:30:00,0.26963589784723435,6.961226330027048,593.1,554.5
2025-11-26 19:45:00,0.3385156519794367,7.06158569622537,592.8,553.7
2025-11-26 20:00:00,0.3323962253708871,7.052669552669566,593.5,554.4
2025-11-26 20:15:00,0.3872129892606046,7.132538822679679,593.3,553.8
2025-11-26 20:30:00,0.3562782368084092,7.087466185752933,593.8,554.5
2025-11-26 20:45:00,0.3430259002788216,7.068157230436345,593.8,554.6
2025-11-26 21:00:00,0.371295587099039,7.10934680620714,593.6,554.2
2025-11-26 21:15:00,0.31285425693748947,7.024196460816201,592.7,553.8
2025-11-26 21:30:00,0.38011584344233723,7.122198120028922,592.6,553.2
2025-11-26 21:45:00,0.33048958897072944,7.04989154013016,592.2,553.2
2025-11-26 22:00:00,0.38542332016921715,7.129931234165765,592.0,552.6
2025-11-26 22:15:00,0.39606842198720477,7.145441389290874,592.3,552.8
2025-11-26 22:30:00,0.4811721276385101,7.269439421338153,593.2,553.0
2025-11-26 22:45:00,0.38011584344233723,7.122198120028922,592.6,553.2
2025-11-26 23:00:00,0.44765868833457406,7.220609579100135,591.0,551.2
2025-11-26 23:15:00,0.4173939921891408,7.176513229430959,591.4,551.8
2025-11-26 23:30:00,0.564811816606258,7.391304347826089,592.8,552.0
2025-11-27 06:45:00,0.49810956142718654,7.2941176470588065,592.8,552.5
2025-11-27 07:00:00,0.41111097385298406,7.167358729012463,593.6,553.9
2025-11-27 07:15:00,0.4942347416242827,7.28847194659934,594.7,554.3
2025-11-27 07:30:00,0.3590005688615425,7.091432685385168,595.0,555.6
2025-11-27 07:45:00,0.28315803536259343,6.980928391507746,594.6,555.8
2025-11-27 08:00:00,0.4409002162960489,7.210762331838572,597.7,557.5
2025-11-27 08:15:00,0.3011674095813234,7.0071684587813765,597.1,558.0
2025-11-27 08:30:00,0.3054806271881201,7.013452914798202,596.6,557.5
2025-11-27 08:45:00,0.3415433565556794,7.065997130559532,597.0,557.6
2025-11-27 09:00:00,0.3299407641820119,7.049091889947845,595.3,556.1
2025-11-27 09:15:00,0.2541768451495135,6.938702139133568,594.9,556.3
2025-11-27 09:30:00,0.2579469221749223,6.94419522698726,596.0,557.3
2025-11-27 09:45:00,0.14210284756061622,6.775407779171916,595.7,557.9
2025-11-27 10:00:00,0.30243063644244594,7.009009009009004,593.9,555.0
2025-11-27 10:15:00,0.33865633072171214,7.061790668348023,594.3,555.1
2025-11-27 10:30:00,0.32419760865264985,7.040723981900454,591.4,552.5
2025-11-27 10:45:00,0.3774237472252982,7.118275674696606,591.4,552.1
2025-11-27 11:00:00,0.46804795339109234,7.250317201377565,591.7,551.7
2025-11-27 11:15:00,0.3960729252664565,7.1454479506710245,590.8,551.4
2025-11-27 11:30:00,0.2843285541492647,6.982633863965271,591.4,552.8
2025-11-27 11:45:00,0.29127405962196107,6.992753623188408,590.6,552.0
2025-11-27 12:00:00,0.12627988759595174,6.7523533671252745,589.7,552.4
2025-11-27 12:15:00,0.1427097247431189,6.776292013010488,590.9,553.4
2025-11-27 12:30:00,0.26242035836085337,6.95071312511284,592.4,553.9
2025-11-27 12:45:00,0.18161082555587552,6.832971800433829,591.0,553.2
2025-11-27 13:00:00,0.10884060900791005,6.726943942133823,590.2,553.0
2025-11-27 13:15:00,0.22225084979484344,6.892185238784365,590.9,552.8
2025-11-27 13:30:00,0.19571796335503686,6.853526220614814,590.9,553.0
2025-11-27 13:45:00,0.22866834978249523,6.901535682023496,591.7,553.5
2025-11-27 14:00:00,0.30306738494155316,7.009936766034319,592.3,553.5
2025-11-27 14:15:00,0.2508886466682218,6.933911159263295,592.2,553.8
2025-11-27 14:30:00,0.213709280506649,6.879739978331534,591.9,553.8
2025-11-27 14:45:00,0.16413679229122874,6.8075117370892,591.5,553.8
2025-11-27 15:00:00,0.17597801209576414,6.824764663287475,590.1,552.4
2025-11-27 15:15:00,0.20423931876331078,6.865942028985494,589.9,552.0
2025-11-27 15:30:00,0.1734355578344357,6.821060249683364,590.4,552.7
2025-11-27 15:45:00,0.22310670669220892,6.89343224172243,590.8,552.7
2025-11-27 16:00:00,0.3614644556757742,7.0950226244344,591.7,552.5
2025-11-27 16:15:00,0.27767777412944106,6.972943526420905,589.1,550.7
2025-11-27 16:30:00,0.3514637722403,7.080451401528931,588.3,549.4
2025-11-27 16:45:00,0.33897139693375183,7.06224972697489,588.2,549.4
2025-11-27 17:00:00,0.43401927785736927,7.200736648250472,582.1,543.0
2025-11-27 17:15:00,0.4785839107591529,7.265668330560193,580.2,540.9
2025-11-27 17:30:00,0.49933251607953594,7.295899519763571,580.9,541.4
2025-11-27 17:45:00,0.6149420586884271,7.46434524912023,580.2,539.9
2025-11-27 18:00:00,0.7163745877976028,7.6121347478131485,578.2,537.3
2025-11-27 18:15:00,0.7537590712577066,7.666604789307585,580.0,538.7
2025-11-27 18:30:00,0.5758638471914883,7.407407407407418,577.1,537.3
2025-11-27 19:00:00,0.6221845555200322,7.4748977314986975,578.0,537.8
2025-11-27 19:15:00,0.6056193141516802,7.450761798587857,578.3,538.2
2025-11-27 19:30:00,0.5772799848152108,7.409470752089131,578.4,538.5
2025-11-27 19:45:00,0.5938149245590397,7.4335625348448175,578.1,538.1
2025-11-27 20:00:00,0.5441247880565001,7.361162877376071,576.1,536.6
2025-11-27 20:15:00,0.5796514680290383,7.412926056993863,576.7,536.9
2025-11-27 20:30:00,0.6071233635476749,7.452953232718462,576.7,536.7
2025-11-27 20:45:00,0.567813653527505,7.395678092399405,576.5,536.8
2025-11-27 21:00:00,0.5194809809999368,7.325256290773519,575.8,536.5
2025-11-27 21:15:00,0.5450664833053441,7.362534948741839,576.0,536.5
2025-11-27 21:30:00,0.5749178229880619,7.406029028656502,577.2,537.4
2025-11-27 21:45:00,0.49270656130118307,7.28624535315987,577.2,538.0
2025-11-27 22:00:00,0.4790225087612081,7.266307377810821,577.2,538.1
2025-11-27 22:15:00,0.5144864856576371,7.317979197622582,577.8,538.4
2025-11-27 22:30:00,0.5503164398085473,7.37018425460636,576.9,537.3
2025-11-27 22:45:00,0.6122790028499585,7.460465116279069,577.6,537.5
2025-11-27 23:00:00,0.6515457834654392,7.517677707480463,577.8,537.4
2025-11-27 23:15:00,0.6023623866437631,7.446016381236031,577.2,537.2
2025-11-27 23:30:00,0.5531423541447654,7.374301675977657,576.6,537.0
2025-11-28 06:45:00,0.48644792135122533,7.277126372603759,576.4,537.3
2025-11-28 07:00:00,0.4433911586300884,7.214391691394661,578.1,539.2
2025-11-28 07:15:00,0.4706952667246734,7.254174397031554,578.1,539.0
2025-11-28 07:30:00,0.46884854362051376,7.251483679525195,578.3,539.2
2025-11-28 07:45:00,0.523495929440788,7.331106161841139,578.3,538.8
2025-11-28 08:00:00,0.41159188283840015,7.168059424326834,577.1,538.5
2025-11-28 08:15:00,0.5465534592157727,7.364701506416194,577.3,537.7
2025-11-28 08:30:00,0.46884854362051376,7.251483679525195,578.3,539.2
2025-11-28 08:45:00,0.4970906991531808,7.292633141584726,578.2,538.9
2025-11-28 09:00:00,0.5612032001081986,7.386046511627908,577.2,537.5
2025-11-28 09:15:00,0.6126629245298112,7.461024498886415,579.0,538.8
2025-11-28 09:30:00,0.49589819288313586,7.290895632864536,579.8,540.4
2025-11-28 09:45:00,0.4405178486769181,7.210205213532994,579.9,540.9
2025-11-28 10:00:00,0.4458795627933458,7.218017352778272,580.8,541.7
2025-11-28 10:15:00,0.41332076939214957,7.170578451302889,579.9,541.1
2025-11-28 10:30:00,0.5360651369426065,7.349419782648736,582.8,542.9
2025-11-28 10:45:00,0.5416459616067786,7.357551170938614,582.2,542.3
2025-11-28 11:00:00,0.6261022056514643,7.4806058367196115,581.9,541.4
2025-11-28 11:15:00,0.5791528988074153,7.412199630314231,581.1,541.0
2025-11-28 11:30:00,0.5289900313220176,7.339111193066583,582.1,542.3
2025-11-28 11:45:00,0.40964570438735637,7.16522379812119,581.8,542.9
2025-11-28 12:00:00,0.4430116871202945,7.213838792786165,582.6,543.4
2025-11-28 12:15:00,0.6019687718086999,7.445442875481389,585.9,545.3
2025-11-28 12:30:00,0.6299680996710647,7.486238532110079,585.8,545.0
2025-11-28 12:45:00,0.4886920453447107,7.280396112231813,585.0,545.3
2025-11-28 13:00:00,0.45275262041936176,7.228031553843328,584.5,545.1
2025-11-28 13:15:00,0.5357004878352876,7.348888480617299,584.3,544.3
2025-11-28 13:30:00,0.7665579992736533,7.685253118121782,587.1,545.2
2025-11-28 13:45:00,0.6746352935506275,7.551319648093835,586.8,545.6
2025-11-28 14:00:00,0.7141513388735372,7.608895423635364,585.5,544.1
2025-11-28 14:15:00,0.7208785289593254,7.618697092381299,584.8,543.4
2025-11-28 14:30:00,0.6984923434289305,7.586079911618482,584.3,543.1
2025-11-28 14:45:00,0.6586777925484745,7.528069206699817,584.2,543.3
2025-11-28 15:00:00,0.6362531192842263,7.495395948434624,583.7,543.0
2025-11-28 15:15:00,0.6596289611814774,7.529455081001468,584.1,543.2
2025-11-28 15:30:00,0.7120908098192863,7.605893186003665,584.3,543.0
2025-11-28 15:45:00,0.6119167964757505,7.459937373365255,583.4,542.9
2025-11-28 16:00:00,0.848967743470982,7.805325987144163,587.0,544.5
2025-11-28 16:15:00,0.8322944286754586,7.781032588795322,588.7,546.2
2025-11-28 16:30:00,0.6225605860955913,7.475445616587861,590.9,549.8
2025-11-28 16:45:00,0.5962514792590036,7.437112650382782,589.4,548.6
2025-11-28 17:00:00,0.4784669537637748,7.265497921561548,593.5,553.3
2025-11-28 17:15:00,0.2739479069806901,6.967509025270768,592.6,554.0
2025-11-28 17:30:00,0.28460634683564134,6.983038614218673,592.9,554.2
2025-11-28 17:45:00,0.27971234801460204,6.975907946781734,595.0,556.2
2025-11-28 18:00:00,0.17703485212711395,6.826304503216574,597.8,559.6
2025-11-28 18:15:00,0.25845659580163327,6.944937833037312,602.1,563.0
2025-11-28 18:30:00,0.23367597714895283,6.908831908831892,600.4,561.6
2025-11-28 19:00:00,0.2817070780102304,6.978814313690562,600.9,561.7
2025-11-28 19:15:00,0.234520455545962,6.910062333036504,600.3,561.5
2025-11-28 19:30:00,0.25267866608041367,6.936519258202578,599.7,560.8
2025-11-28 19:45:00,0.3059244601509857,7.014099589505629,599.6,560.3
2025-11-28 20:00:00,0.45217600579404293,7.22719141323791,599.4,559.0
2025-11-28 20:15:00,0.44243440456107824,7.212997678985888,600.5,560.1
2025-11-28 20:30:00,0.44331842324439474,7.214285714285706,600.4,560.0
2025-11-28 20:45:00,0.40742845340023437,7.161993213073759,600.0,559.9
2025-11-28 21:00:00,0.38468400605766007,7.128854036713594,601.1,561.1
2025-11-28 21:15:00,0.4336115483383498,7.200142577080726,601.5,561.1
2025-11-28 21:30:00,0.34885395693562277,7.076648841354727,600.7,561.0
2025-11-28 21:45:00,0.34971987317362185,7.077910500980567,600.6,560.9
2025-11-28 22:00:00,0.40391926284131674,7.156880242727115,600.4,560.3
2025-11-28 22:15:00,0.39429477329136803,7.14285714285714,600.0,560.0
2025-11-28 22:30:00,0.46427857051197163,7.244825124910781,601.0,560.4
2025-11-28 22:45:00,0.4687189605749555,7.251294874084668,600.5,559.9
2025-11-28 23:00:00,0.5413657231504633,7.357142857142862,601.2,560.0
2025-11-28 23:15:00,0.5368613199879617,7.350579839429083,601.7,560.5
2025-11-28 23:30:00,0.5690671438904072,7.397504456327986,602.5,561.0
2025-11-29 09:45:00,0.5885691447582087,7.425919314530516,601.8,560.2
2025-11-29 10:00:00,0.42737180983639084,7.191051136363647,603.7,563.2
2025-11-29 10:15:00,0.5627399297972422,7.388285561687735,603.2,561.7
2025-11-29 10:30:00,0.5722453887792326,7.40213523131672,603.6,562.0
2025-11-29 10:45:00,0.45188752688517597,7.226771092915629,602.4,561.8
2025-11-29 11:00:00,0.4667607206840968,7.248441674087269,602.2,561.5
2025-11-29 11:15:00,0.42921190288753797,7.193732193732183,602.0,561.6
2025-11-29 11:30:00,0.35761872594497973,7.089419308870704,601.2,561.4
2025-11-29 11:45:00,0.46942010999771305,7.252316464718445,601.9,561.2
2025-11-29 12:00:00,0.49477097618921195,7.28925325253964,602.0,561.1
2025-11-29 12:15:00,0.46853333103247474,7.251024407625173,602.0,561.3
2025-11-29 12:30:00,0.4816498159731738,7.270135424091229,602.0,561.2
2025-11-29 12:45:00,0.44319616975324455,7.214107588172425,601.9,561.4
2025-11-29 13:00:00,0.49566274823880224,7.290552584670218,601.9,561.0
2025-11-29 13:15:00,0.46853333103247474,7.251024407625173,602.0,561.3
2025-11-29 13:30:00,0.48253909061903955,7.271431117447857,601.9,561.1
2025-11-29 13:45:00,0.3820694241758951,7.125044531528313,601.4,561.4
2025-11-29 14:00:00,0.33661989099368606,7.058823529411762,600.6,561.0
2025-11-29 14:15:00,0.37680506585183354,7.1173742418837005,600.5,560.6
2025-11-29 14:30:00,0.4678302482209157,7.250000000000001,600.6,560.0
2025-11-29 14:45:00,0.37680506585183354,7.1173742418837005,600.5,560.6
2025-11-29 15:00:00,0.3759338557059625,7.116104868913853,600.6,560.7
2025-11-29 15:15:00,0.40304274794394923,7.155603140613853,600.5,560.4
2025-11-29 15:30:00,0.4415507014860083,7.211710103534452,600.6,560.2
2025-11-29 15:45:00,0.3802930167892581,7.122456265619426,600.1,560.2
2025-11-29 16:00:00,0.2822807212744426,6.979650124955361,599.3,560.2
2025-11-29 16:15:00,0.33042316082356843,7.0497947528110005,599.8,560.3
2025-11-29 16:30:00,0.30850338587356757,7.017857142857142,599.3,560.0
2025-11-29 16:45:00,0.30936364192070637,7.019110555456343,599.2,559.9
2025-11-29 17:00:00,0.3977989655682197,7.147962830593291,599.6,559.6
2025-11-29 17:15:00,0.38116578294508885,7.123727905731125,600.0,560.1
2025-11-29 17:30:00,0.3007748848090374,7.006596541272958,600.2,560.9
2025-11-29 17:45:00,0.35405408988953435,7.084225553176315,600.1,560.4
2025-11-29 18:00:00,0.27374481439046333,6.967213114754078,600.3,561.2
2025-11-29 18:15:00,0.2911054993980794,6.992508027113797,599.8,560.6
2025-11-29 18:30:00,0.12698834268504122,6.753385602280826,599.1,561.2
2025-11-29 18:45:00,0.18897383693488584,6.843699875245046,599.5,561.1
2025-11-30 09:45:00,0.21343760807524595,6.879344145428634,599.7,561.1
2025-11-30 10:00:00,0.3672388155106339,7.1034359978636274,601.6,561.7
2025-11-30 10:15:00,0.4449606980468221,7.216678545972921,601.7,561.2
2025-11-30 10:30:00,0.4676468679841904,7.2497328108300785,602.1,561.4
2025-11-30 10:45:00,0.4938795219486193,7.28795438346399,602.1,561.2
2025-11-30 11:00:00,0.5568330779484706,7.379679144385021,602.4,561.0
2025-11-30 11:15:00,0.4920975662151211,7.28535803348771,602.3,561.4
2025-11-30 11:30:00,0.4649893726539304,7.24586077977567,602.4,561.7
2025-11-30 11:45:00,0.4387903445247664,7.207688200747464,602.4,561.9
2025-11-30 12:00:00,0.3899324623861437,7.1365011567894765,602.0,561.9
2025-11-30 12:15:00,0.414361403455455,7.17209467876847,602.2,561.9
2025-11-30 12:30:00,0.3890609316593725,7.135231316725976,602.1,562.0
2025-11-30 12:45:00,0.40214693292079934,7.154297917778973,602.1,561.9
2025-11-30 13:00:00,0.34021174309408053,7.064056939501784,601.7,562.0
2025-11-30 13:15:00,0.3899324623861437,7.1365011567894765,602.0,561.9
2025-11-30 13:30:00,0.463219285594093,7.24328172272648,602.6,561.9
2025-11-30 13:45:00,0.4754337561287486,7.261078483715977,602.7,561.9
2025-11-30 14:00:00,0.49986269719806,7.296672005694971,602.9,561.9
2025-11-30 14:15:00,0.4876482266633891,7.278875244705452,602.8,561.9
2025-11-30 14:30:00,0.5356084973552636,7.348754448398576,603.3,562.0
2025-11-30 14:45:00,0.5347112052863396,7.347447073474456,603.4,562.1
2025-11-30 15:00:00,0.4326353455973312,7.19872022751511,603.1,562.6
2025-11-30 15:15:00,0.45703389161020846,7.234269463206533,603.3,562.6
2025-11-30 15:30:00,0.6250865167192136,7.479125954876542,605.0,562.9
2025-11-30 15:45:00,0.5153515745610687,7.319239651803167,604.1,562.9
2025-11-30 16:00:00,0.482319460318148,7.271111111111117,603.4,562.5
2025-11-30 16:15:00,0.5198176323460698,7.32574679943101,603.6,562.4
2025-11-30 16:30:00,0.5781225703428786,7.410698418340122,604.4,562.7
2025-11-30 16:45:00,0.6381935292766001,7.49822316986497,605.0,562.8
2025-11-30 17:00:00,0.6241747659663249,7.477797513321494,605.1,563.0
2025-11-30 17:15:00,0.5979796825422443,7.439630681818188,605.1,563.2
2025-11-30 17:30:00,0.6339427964411409,7.492029755579166,606.9,564.6
2025-11-30 17:45:00,0.518306482884226,7.323545020343203,606.7,565.3
2025-11-30 18:00:00,0.4723855431280597,7.2566371681416,606.0,565.0
2025-11-30 18:15:00,0.5295563472686003,7.339936328263175,606.9,565.4
2025-11-30 18:30:00,0.5983790556467724,7.440212577502225,606.5,564.5
2025-11-30 18:45:00,0.5880263688881467,7.425128477760068,606.2,564.3
2025-12-01 06:45:00,0.5411658394509462,7.356851622052818,605.6,564.1
2025-12-01 07:00:00,0.4316643345035708,7.197305442297464,604.7,564.1
2025-12-01 07:15:00,0.4508638705210361,7.225279602343337,604.0,563.3
2025-12-01 07:30:00,0.34120685127584516,7.065506834723956,603.1,563.3
2025-12-01 07:45:00,0.37597958650941193,7.116171499733137,602.1,562.1
2025-12-01 08:00:00,0.38555615476141764,7.1301247771836,601.0,561.0
2025-12-01 08:15:00,0.29221669810888307,6.994127068873479,601.2,561.9
2025-12-01 08:30:00,0.31578714881143455,7.028469750889688,601.5,562.0
2025-12-01 08:45:00,0.4763208162886134,7.262370950516206,602.6,561.8
2025-12-01 09:00:00,0.0896578680516411,6.698994252873569,594.1,556.8
2025-12-01 09:15:00,0.16193851498615727,6.804308797127456,594.9,557.0
2025-12-01 09:30:00,0.10436996174118936,6.720430107526876,595.5,558.0
2025-12-01 09:45:00,0.17732932734265044,6.826733560293863,596.2,558.1
2025-12-01 10:00:00,0.11597150011211006,6.737333812432622,594.1,556.6
2025-12-01 10:15:00,0.1824587158194046,6.834207195805453,590.9,553.1
2025-12-01 10:30:00,0.3021983210674587,7.008670520231197,592.4,553.6
2025-12-01 10:45:00,0.36066844299867123,7.093862815884466,593.3,554.0
2025-12-01 11:00:00,0.4814127295891607,7.26978998384491,597.6,557.1
2025-12-01 11:15:00,0.3458959086814866,7.072338897863939,596.5,557.1
2025-12-01 11:30:00,0.5213444469855478,7.327971403038425,600.5,559.5
2025-12-01 11:45:00,0.6268214823938013,7.481653839269731,600.5,558.7
2025-12-01 12:00:00,0.711084514151709,7.604426990360569,602.8,560.2
2025-12-01 12:15:00,0.6081269253925418,7.4544154451197775,601.1,559.4
2025-12-01 12:30:00,0.5944448149965557,7.434480299518631,602.6,560.9
2025-12-01 12:45:00,0.6391059123086525,7.499552532665121,600.6,558.7
2025-12-01 13:00:00,0.8190484190937948,7.761732851985559,597.0,554.0
2025-12-01 13:15:00,0.7189957213650229,7.615953798953234,596.3,554.1
2025-12-01 13:30:00,0.5776926004537892,7.41007194244605,597.2,556.0
2025-12-01 13:45:00,0.6459018367996299,7.509454349000544,597.0,555.3
2025-12-01 14:00:00,0.7122620783164406,7.606142728093945,595.6,553.5
2025-12-01 14:15:00,0.6102891862299652,7.457565908270136,595.1,553.8
2025-12-01 14:30:00,0.5588868110398058,7.382671480144398,594.9,554.0
2025-12-01 14:45:00,0.5763220243786845,7.408074981975488,595.9,554.8
2025-12-01 15:00:00,0.654542690083592,7.522044268490191,597.5,555.7
2025-12-01 15:15:00,0.629841192896524,7.48605362605721,597.3,555.7
2025-12-01 15:30:00,0.7011334456592594,7.589928057553963,598.2,556.0
2025-12-01 15:45:00,0.6869206593827978,7.569219705142016,598.3,556.2
2025-12-01 16:00:00,0.5845410612873081,7.420050305425785,597.9,556.6
2025-12-01 16:15:00,0.6110420394388446,7.458662832494611,597.9,556.4
2025-12-01 16:30:00,0.6000252985605439,7.442611190817794,599.1,557.6
2025-12-01 16:45:00,0.5399269474539165,7.355046528274878,599.9,558.8
2025-12-01 17:00:00,0.539023745240741,7.35373054213635,600.0,558.9
2025-12-01 17:15:00,0.5144636772735711,7.317945965288963,599.8,558.9
2025-12-01 17:30:00,0.44787733281716496,7.220928149077221,598.4,558.1
2025-12-01 17:45:00,0.38638914975477023,7.131338469808268,597.9,558.1
2025-12-01 18:00:00,0.34949623991733914,7.077584662246905,597.6,558.1
2025-12-01 18:15:00,0.362587058625373,7.096658282429025,596.1,556.6
2025-12-01 18:30:00,0.40399195274620314,7.1569861535695,595.9,556.1
2025-12-01 19:00:00,0.4515756873116382,7.226316735574345,596.5,556.3
2025-12-01 19:15:00,0.4348977242787584,7.202016564638103,595.4,555.4
2025-12-01 19:30:00,0.5265052639953254,7.335490830636449,597.0,556.2
2025-12-01 19:45:00,0.48948632659822217,7.281553398058249,596.7,556.2
2025-12-01 20:00:00,0.4549915586270942,7.231293737663758,597.6,557.3
2025-12-01 20:15:00,0.5840637408514875,7.41935483870968,599.4,558.0
2025-12-01 20:30:00,0.5886306771410414,7.426008968609854,598.9,557.5
2025-12-01 20:45:00,0.5580591211948195,7.381465517241392,597.9,556.8
2025-12-01 21:00:00,0.6073645162625129,7.453304597701149,598.3,556.8
2025-12-01 21:15:00,0.6585257288412915,7.527847646424712,598.5,556.6
2025-12-01 21:30:00,0.5763198054039625,7.408071748878919,598.8,557.5
2025-12-01 21:45:00,0.614171208315732,7.463222102619316,599.0,557.4
2025-12-01 22:00:00,0.5886306771410414,7.426008968609854,598.9,557.5
2025-12-01 22:15:00,0.5393871901927106,7.354260089686093,598.5,557.5
2025-12-01 22:30:00,0.5081390729122763,7.308730873087321,596.1,555.5
2025-12-01 22:45:00,0.5350198200964262,7.347896732262149,594.6,553.9
2025-12-01 23:00:00,0.5703587751078897,7.399386392347962,595.1,554.1
2025-12-01 23:15:00,0.49965533576943516,7.296369875383779,594.1,553.7
2025-12-01 23:30:00,0.4348977242787584,7.202016564638103,595.4,555.4
2025-12-02 06:45:00,0.4348977242787584,7.202016564638103,595.4,555.4
2025-12-02 07:00:00,0.615281294897167,7.464839523981248,596.0,554.6
2025-12-02 07:15:00,0.3784295144068822,7.119741100323607,595.8,556.2
2025-12-02 07:30:00,0.6703846430629439,7.54512635379061,595.8,554.0
2025-12-02 07:45:00,0.6741263012024403,7.550578034682065,595.4,553.6
2025-12-02 08:00:00,0.6180541714172451,7.46887966804981,595.7,554.3
2025-12-02 08:15:00,0.5809083424793458,7.414757351614654,595.4,554.3
2025-12-02 08:30:00,0.5437625135414615,7.360635035179519,595.1,554.3
2025-12-02 08:45:00,0.6084414030500894,7.454873646209381,595.3,554.0
2025-12-02 09:00:00,0.5977891693228096,7.43935309973045,597.9,556.5
2025-12-02 09:15:00,0.5493659880960607,7.368799424874184,597.4,556.4
2025-12-02 09:30:00,0.5325011486303096,7.344226970730827,597.8,556.9
2025-12-02 09:45:00,0.5872873912980933,7.424051770627371,597.6,556.3
2025-12-02 10:00:00,0.46909301859755675,7.251839885119371,597.5,557.1
2025-12-02 10:15:00,0.48163220977417665,7.27010977145941,596.1,555.7
2025-12-02 10:30:00,0.5228871716589961,7.33021918792669,597.4,556.6
2025-12-02 10:45:00,0.4867922260329393,7.277628032345018,597.0,556.5
2025-12-02 11:00:00,0.4825302843659395,7.271418286537079,596.0,555.6
2025-12-02 11:15:00,0.4825302843659395,7.271418286537079,596.0,555.6
2025-12-02 11:30:00,0.5402927261475488,7.355579476139229,598.4,557.4
2025-12-02 11:45:00,0.5078528778692365,7.308313880409423,597.6,556.9
2025-12-02 12:00:00,0.5722102833616518,7.402084081925975,597.8,556.6
2025-12-02 12:15:00,0.5328494635276566,7.344734473447345,596.3,555.5
2025-12-02 12:30:00,0.5790728227085643,7.412082957619481,595.6,554.5
2025-12-02 12:45:00,0.5195891990172525,7.3254139668826435,596.3,555.6
2025-12-02 13:00:00,0.6552000003551293,7.523001984484945,596.0,554.3
2025-12-02 13:15:00,0.6047498362210522,7.449494949494961,595.7,554.4
2025-12-02 13:30:00,0.6657151616697239,7.538322813345344,596.3,554.5
2025-12-02 13:45:00,0.6542686745574431,7.521645021645029,596.1,554.4
2025-12-02 14:00:00,0.6097445317304712,7.456772334293937,596.6,555.2
2025-12-02 14:15:00,0.5992224631851104,7.441441441441432,596.3,555.0
2025-12-02 14:30:00,0.6601228877907755,7.530174743289497,596.9,555.1
2025-12-02 14:45:00,0.6326164421303716,7.490097227223624,597.0,555.4
2025-12-02 15:00:00,0.5575598541430522,7.380738073807391,596.5,555.5
2025-12-02 15:15:00,0.581354056769451,7.415406767458599,596.8,555.6
2025-12-02 15:30:00,0.6239551154136658,7.477477477477468,596.5,555.0
2025-12-02 15:45:00,0.5831513355544231,7.418025443468901,599.5,558.1
2025-12-02 16:00:00,0.6548154265426627,7.522441651705569,598.9,557.0
2025-12-02 16:15:00,0.6270689385359742,7.482014388489211,597.6,556.0
2025-12-02 16:30:00,0.5703854699617429,7.3994252873563315,598.0,556.8
2025-12-02 16:45:00,0.6178496581759305,7.468581687612219,598.6,557.0
2025-12-02 17:00:00,0.6631711127208649,7.534616076245282,598.0,556.1
2025-12-02 17:15:00,0.6829807724745358,7.56347920043221,597.3,555.3
2025-12-02 17:30:00,0.6773779111744873,7.555315704263354,597.9,555.9
2025-12-02 17:45:00,0.7059753063979302,7.596982758620707,599.1,556.8
2025-12-02 18:00:00,0.5583869614822543,7.38194318798624,593.5,552.7
2025-12-02 18:15:00,0.6654668066541012,7.537960954446832,594.9,553.2
2025-12-02 18:30:00,0.6490437781170061,7.514032228861134,593.8,552.3
2025-12-02 19:00:00,0.5565542766627688,7.379272924579494,593.7,552.9
2025-12-02 19:15:00,0.5910274249466813,7.429501084598677,594.3,553.2
2025-12-02 19:30:00,0.5965639044765121,7.437567861020633,593.7,552.6
2025-12-02 19:45:00,0.6167669508037654,7.467004158380042,594.4,553.1
2025-12-02 20:00:00,0.6415845642314445,7.503163984812877,594.6,553.1
2025-12-02 20:15:00,0.6158405521824935,7.46565437454807,594.5,553.2
2025-12-02 20:30:00,0.6099101024965571,7.457013574660642,593.7,552.5
2025-12-02 20:45:00,0.6319636985340026,7.489146164978311,594.2,552.8
2025-12-02 21:00:00,0.6880496904839146,7.570864729099402,599.6,557.4
2025-12-02 21:15:00,0.6489745294737629,7.513931332015122,598.1,556.3
2025-12-02 21:30:00,0.6452690904570527,7.508532423208192,598.5,556.7
2025-12-02 21:45:00,0.6566699113302216,7.525143678160928,598.7,556.8
2025-12-02 22:00:00,0.7505097837414444,7.6618705035971235,598.6,556.0
2025-12-02 22:15:00,0.6992603051818423,7.587198849334764,598.4,556.2
2025-12-02 22:30:00,0.7011334456592594,7.589928057553963,598.2,556.0
2025-12-02 22:45:00,0.6727180907816132,7.548526240115017,598.4,556.4
2025-12-02 23:00:00,0.7041031176983056,7.594254937163369,599.3,557.0
2025-12-02 23:15:00,0.665279773031736,7.537688442211055,599.2,557.2
2025-12-02 23:30:00,0.7258216147003442,7.625899280575532,598.4,556.0
2025-12-03 06:45:00,0.636298998104874,7.495462794918328,592.3,551.0
2025-12-03 07:00:00,0.5680111414694812,7.395965836816298,591.0,550.3
2025-12-03 07:15:00,0.5029196424208476,7.301126044315276,590.8,550.6
2025-12-03 07:30:00,0.5911017967176943,7.429609445958207,591.4,550.5
2025-12-03 07:45:00,0.644715526550803,7.5077258680239956,591.4,550.1
2025-12-03 08:00:00,0.5412321437228004,7.356948228882842,591.0,550.5
2025-12-03 08:15:00,0.5208649240791848,7.327272727272716,590.3,550.0
2025-12-03 08:30:00,0.4371101880975176,7.2052401746725,589.2,549.6
2025-12-03 08:45:00,0.3925088479743183,7.140255009107466,588.2,549.0
2025-12-03 09:00:00,0.5120234285406309,7.314390467461052,585.4,545.5
2025-12-03 09:15:00,0.46425168321336757,7.2447859495060385,586.2,546.6
2025-12-03 09:30:00,0.49393998744236445,7.288042483061696,585.9,546.1
2025-12-03 09:45:00,0.4875365361866741,7.278712509144114,586.6,546.8
2025-12-03 10:00:00,0.48502940120515337,7.27505955653287,585.4,545.7
2025-12-03 10:15:00,0.5157072250187397,7.319757842597685,585.0,545.1
2025-12-03 10:30:00,0.6362531192842263,7.495395948434624,583.7,543.0
2025-12-03 10:45:00,0.6741719645517563,7.550644567219145,584.0,543.0
2025-12-03 11:00:00,0.49906160075178707,7.295504789977891,582.4,542.8
2025-12-03 11:15:00,0.41322282346628414,7.170435741864312,582.9,543.9
2025-12-03 11:30:00,0.42312161633614104,7.184858507901493,583.3,544.2
2025-12-03 11:45:00,0.4836584511656114,7.273062051187629,582.6,543.1
2025-12-03 12:00:00,0.44379542956851514,7.21498072333393,584.0,544.7
2025-12-03 12:15:00,0.4680822053058488,7.25036710719531,584.3,544.8
2025-12-03 12:30:00,0.4176308205044403,7.1768582936653,585.4,546.2
2025-12-03 12:45:00,0.3298370889119365,7.048940832724626,586.2,547.6
2025-12-03 13:00:00,0.4436685280508785,7.21479582494049,585.5,546.1
2025-12-03 13:15:00,0.4302886425667305,7.195301027900158,584.0,544.8
2025-12-03 13:30:00,0.48709822753069965,7.278073883477298,583.7,544.1
2025-12-03 13:45:00,0.42493455451202305,7.187500000000013,583.1,544.0
2025-12-03 14:00:00,0.4756093419565475,7.261334316255064,582.0,542.6
2025-12-03 14:15:00,0.5080094252442721,7.308541973490423,582.9,543.2
2025-12-03 14:30:00,0.44561429665816593,7.217630853994472,583.8,544.5
2025-12-03 14:45:00,0.4483451040003244,7.221609702315312,583.5,544.2
2025-12-03 15:00:00,0.5576167066891009,7.380820909258245,583.4,543.3
2025-12-03 15:15:00,0.5351361985707977,7.348066298342548,582.9,543.0
2025-12-03 15:30:00,0.5670019437680924,7.394495412844027,585.3,545.0
2025-12-03 15:45:00,0.5786618296181175,7.411484131352042,585.5,545.1
2025-12-03 16:00:00,0.6119167964757505,7.459937373365255,583.4,542.9
2025-12-03 16:15:00,0.5262050735704408,7.335053446369333,582.4,542.6
2025-12-03 16:30:00,0.45655562082974316,7.233572611816696,582.6,543.3
2025-12-03 16:45:00,0.45655562082974316,7.233572611816696,582.6,543.3
2025-12-03 17:00:00,0.423951610109888,7.186067827681031,584.7,545.5
2025-12-03 17:15:00,0.48228593987374435,7.27106227106229,585.7,546.0
2025-12-03 17:30:00,0.4023475721520656,7.154590253695936,587.1,547.9
2025-12-03 17:45:00,0.44263803657595696,7.213294375456547,587.1,547.6
2025-12-03 18:00:00,0.50100438266416,7.298335467349548,586.6,546.7
2025-12-03 18:15:00,0.43631759925876273,7.204085354732803,587.8,548.3
2025-12-03 18:30:00,0.6581311439476687,7.527272727272716,591.4,550.0
2025-12-03 19:00:00,0.48045863992429577,7.2683998535334915,585.9,546.2
2025-12-03 19:15:00,0.5156934694605472,7.319737800436976,589.4,549.2
2025-12-03 19:30:00,0.5114222243919878,7.313514499361662,588.4,548.3
2025-12-03 19:45:00,0.5591403798585677,7.383040935672502,587.6,547.2
2025-12-03 20:00:00,0.4872984142091982,7.278365560014599,588.1,548.2
2025-12-03 20:15:00,0.4863873493475896,7.277038117818724,588.2,548.3
2025-12-03 20:30:00,0.43281143596231725,7.198976795176337,586.7,547.3
2025-12-03 20:45:00,0.44094978422762887,7.210834553440693,585.8,546.4
2025-12-03 21:00:00,0.4176308205044403,7.1768582936653,585.4,546.2
2025-12-03 21:15:00,0.4660717131933242,7.247437774524168,586.0,546.4
2025-12-03 21:30:00,0.4310065476854109,7.196347031963457,586.9,547.5
2025-12-03 21:45:00,0.4283016863657713,7.192405987586725,587.2,547.8
2025-12-03 22:00:00,0.4784171372122386,7.265425337714504,587.6,547.8
2025-12-03 22:15:00,0.4811494590529045,7.269406392694067,587.3,547.5
2025-12-03 22:30:00,0.4973421091458501,7.292999451654181,587.0,547.1
2025-12-03 22:45:00,0.484797216085292,7.27472125753974,586.9,547.1
2025-12-03 23:00:00,0.4310065476854109,7.196347031963457,586.9,547.5
2025-12-03 23:15:00,0.4811494590529045,7.269406392694067,587.3,547.5
2025-12-03 23:30:00,0.32384055560373026,7.04020374749863,588.4,549.7
2025-12-04 06:45:00,0.22824835885165431,6.90092374569824,590.2,552.1
2025-12-04 07:00:00,0.46371824272377327,7.244008714596961,590.7,550.8
2025-12-04 07:15:00,0.3987425731419481,7.149337688259849,590.5,551.1
2025-12-04 07:30:00,0.39429477329136803,7.14285714285714,591.0,551.6
2025-12-04 07:45:00,0.42096705291761877,7.1817192600653,591.0,551.4
2025-12-04 08:00:00,0.5038299039766272,7.302452316076313,590.7,550.5
2025-12-04 08:15:00,0.4904544935043694,7.282964039229944,590.7,550.6
2025-12-04 08:30:00,0.5011001108796732,7.298474945533773,591.0,550.8
2025-12-04 08:45:00,0.527849940253849,7.337450054486005,591.0,550.6
2025-12-04 09:00:00,0.5588868110398058,7.382671480144398,594.9,554.0
2025-12-04 09:15:00,0.5832225359111561,7.418129184005795,593.7,552.7
2025-12-04 09:30:00,0.5487139458443647,7.367849384503988,593.1,552.4
2025-12-04 09:45:00,0.46966120928355415,7.25266775185387,593.0,552.9
2025-12-04 10:00:00,0.45650752703887165,7.233502538071068,591.5,551.6
2025-12-04 10:15:00,0.4983732897948011,7.294501905280337,591.3,551.1
2025-12-04 10:30:00,0.511738000039091,7.313974591651529,591.3,551.0
2025-12-04 10:45:00,0.5532951962229228,7.37452437035695,592.6,551.9
2025-12-04 11:00:00,0.5132583570238178,7.316189786309302,592.6,552.2
2025-12-04 11:15:00,0.6132457153473883,7.46187363834423,591.9,550.8
2025-12-04 11:30:00,0.603569209966429,7.447774750227065,591.5,550.5
2025-12-04 11:45:00,0.5038299039766272,7.302452316076313,590.7,550.5
2025-12-04 12:00:00,0.5199507384500125,7.32594073804762,590.4,550.1
2025-12-04 12:15:00,0.43261538677947076,7.1986911470641735,589.7,550.1
2025-12-04 12:30:00,0.43341411674319225,7.199854914762427,591.1,551.4
2025-12-04 12:45:00,0.40673732404087487,7.160986221899934,591.1,551.6
2025-12-04 13:00:00,0.4005239537174258,7.15193320021783,590.3,550.9
2025-12-04 13:15:00,0.42454530139306584,7.186932849364802,590.6,551.0
2025-12-04 13:30:00,0.5925324834839375,7.43169398907102,589.8,549.0
2025-12-04 13:45:00,0.5855978566237721,7.42159008023342,589.1,548.4
2025-12-04 14:00:00,0.4977277197182803,7.293561295016371,589.9,549.8
2025-12-04 14:15:00,0.5975940128201414,7.439068752273581,590.7,549.8
2025-12-04 14:30:00,0.6285040364638833,7.484105358764759,591.7,550.5
2025-12-04 14:45:00,0.5661669702202552,7.393278837420536,591.2,550.5
2025-12-04 15:00:00,0.5454376911733995,7.363075807036634,592.0,551.4
2025-12-04 15:15:00,0.6375486683860812,7.497283592901116,593.6,552.2
2025-12-04 15:30:00,0.5698859941795813,7.398697539797405,593.7,552.8
2025-12-04 15:45:00,0.5284236216861419,7.338285921362564,592.4,551.9
2025-12-04 16:00:00,0.44855793146837464,7.221919796770093,590.9,551.1
2025-12-04 16:15:00,0.4548617826810292,7.231104651162812,590.2,550.4
2025-12-04 16:30:00,0.517210174699782,7.321947674418627,590.7,550.4
2025-12-04 16:45:00,0.5680111414694812,7.395965836816298,591.0,550.3
2025-12-04 17:00:00,0.5564595186830679,7.379134860050884,590.8,550.2
2025-12-04 17:15:00,0.4770839406353243,7.263482840021784,590.7,550.7
2025-12-04 17:30:00,0.5638341524518323,7.389879868947946,590.0,549.4
2025-12-04 17:45:00,0.5166083781641582,7.321070843197952,589.3,549.1
2025-12-04 18:00:00,0.5245249933267117,7.332605531295488,589.9,549.6
2025-12-04 18:15:00,0.5513417771452683,7.371678194393882,589.9,549.4
2025-12-04 18:30:00,0.667541346800058,7.540983606557372,590.4,549.0
2025-12-04 19:00:00,0.544367171106786,7.361516034985449,589.2,548.8
2025-12-04 19:15:00,0.5327796601643277,7.34463276836157,589.0,548.7
2025-12-04 19:30:00,0.5990442870474272,7.441181834762012,589.1,548.3
2025-12-04 19:45:00,0.5740094120030138,7.4047054532190515,588.9,548.3
2025-12-04 20:00:00,0.5624167395658902,7.387814666180215,588.7,548.2
2025-12-04 20:15:00,0.465888274500618,7.247170500182554,587.5,547.8
2025-12-04 20:30:00,0.4677049138346197,7.249817384952517,587.3,547.6
2025-12-04 20:45:00,0.4936851868947665,7.287671232876702,587.4,547.5
2025-12-04 21:00:00,0.4970790895101275,7.292616226071114,588.5,548.5
2025-12-04 21:15:00,0.4800191885097872,7.267759562841536,588.9,549.0
2025-12-04 21:30:00,0.45154867104673746,7.226277372262779,587.6,548.0
2025-12-04 21:45:00,0.5160037253470853,7.320189850310332,587.9,547.8
2025-12-04 22:00:00,0.5187566425785209,7.324200913242018,587.6,547.5
2025-12-04 22:15:00,0.5196749521993718,7.325538911216656,587.5,547.4
2025-12-04 22:30:00,0.5062209147366437,7.30593607305936,587.5,547.5
2025-12-04 22:45:00,0.5600665744485644,7.384390422226272,587.5,547.1
2025-12-04 23:00:00,0.5233515483048268,7.330895795246795,587.1,547.0
2025-12-04 23:15:00,0.5493704990524652,7.36880599744012,587.2,546.9
2025-12-04 23:30:00,0.48547661674886644,7.275711159737419,588.3,548.4
2025-12-05 06:45:00,0.4336137779930374,7.200145825738247,588.1,548.6
2025-12-05 07:00:00,0.4523056461649706,7.227380302202802,589.0,549.3
2025-12-05 07:15:00,0.4514027746927921,7.226064797961418,589.1,549.4
2025-12-05 07:30:00,0.45050023183624854,7.224749772520478,589.2,549.5
2025-12-05 07:45:00,0.3951859503492231,7.144155608071245,589.4,550.1
2025-12-05 08:00:00,0.4468933429809389,7.219494453537023,589.6,549.9
2025-12-05 08:15:00,0.3853781399787171,7.129865405602054,589.0,549.8
2025-12-05 08:30:00,0.4255200280385306,7.188353048225671,589.0,549.5
2025-12-05 08:45:00,0.43441232644443317,7.201309328968919,589.5,549.9
2025-12-05 09:00:00,0.4779893445878602,7.264802034144568,590.6,550.6
2025-12-05 09:15:00,0.48229733621703436,7.271078875793302,591.6,551.5
2025-12-05 09:30:00,0.3960729252664565,7.1454479506710245,590.8,551.4
2025-12-05 09:45:00,0.4414928377329839,7.211625794732068,590.2,550.5
2025-12-05 10:00:00,0.39073330217236124,7.137667998547026,589.9,550.6
2025-12-05 10:15:00,0.346406258503686,7.073082489146176,591.9,552.8
2025-12-05 10:30:00,0.41288781372866323,7.169947625067707,593.4,553.7
2025-12-05 10:45:00,0.45350848424959,7.229132864611487,594.8,554.7
2025-12-05 11:00:00,0.3308109100428488,7.050359712230225,595.2,556.0
2025-12-05 11:15:00,0.33387984479057675,7.05483121986068,599.4,559.9
2025-12-05 11:30:00,0.2908471571529845,6.99213161659511,598.3,559.2
2025-12-05 11:45:00,0.32680288975153876,7.044519935633842,598.7,559.3
2025-12-05 12:00:00,0.3759338557059625,7.116104868913853,600.6,560.7
2025-12-05 12:15:00,0.3646363373767265,7.09964412811388,601.9,562.0
2025-12-05 12:30:00,0.3794205621687492,7.121185079421766,600.2,560.3
2025-12-05 12:45:00,0.4502618370978998,7.224402425972176,601.1,560.6
2025-12-05 13:00:00,0.3305823565818787,7.050026704646584,601.3,561.7
2025-12-05 13:15:00,0.288801946609595,6.989151698381657,601.6,562.3
2025-12-05 13:30:00,0.253382223745764,6.937544357700509,602.7,563.6
2025-12-05 13:45:00,0.12420876557848658,6.7493356953055805,602.6,564.5
2025-12-05 14:00:00,0.08200365571516226,6.687841891653434,604.6,566.7
2025-12-05 14:15:00,0.07230460895820885,6.673710160239477,605.8,567.9
2025-12-05 14:30:00,0.1913306174348722,6.847133757961776,603.9,565.2
2025-12-05 14:45:00,0.2252477044878131,6.896551724137923,604.5,565.5
2025-12-05 15:00:00,0.29017374684245095,6.991150442477867,604.5,565.0
2025-12-05 15:15:00,0.27464030400381345,6.968517863459489,604.8,565.4
2025-12-05 15:30:00,0.3214873723710222,7.036775106082027,605.4,565.6
2025-12-05 15:45:00,0.20977387843370116,6.874006008128641,604.8,565.9
2025-12-05 16:00:00,0.23235478846154922,6.906906906906918,605.2,566.1
2025-12-05 16:15:00,0.2833893792654245,6.981265464828557,605.3,565.8
2025-12-05 16:30:00,0.2093976797075117,6.87345787804019,606.4,567.4
2025-12-05 16:45:00,0.1835518101388077,6.835799859055669,606.4,567.6
2025-12-05 17:00:00,0.22191907022165314,6.891701828410701,608.0,568.8
2025-12-05 17:15:00,0.2934727123930745,6.995957110212703,608.7,568.9
2025-12-05 17:30:00,0.15279896071486532,6.79099225897255,607.0,568.4
2025-12-05 17:45:00,0.0787660793598653,6.683124669370488,605.0,567.1
2025-12-05 18:00:00,0.10877909202837774,6.726854310497443,602.9,564.9
2025-12-05 18:15:00,0.2641895451782211,6.9532908704883045,604.5,565.2
2025-12-05 18:30:00,0.23990323593043303,6.917905166312788,604.3,565.2
2025-12-05 19:00:00,0.3057291995186256,7.013815090329434,604.2,564.6
2025-12-05 19:15:00,0.24242473006637968,6.921579040538162,604.0,564.9
2025-12-05 19:30:00,0.301469953879337,7.007609272695103,604.7,565.1
2025-12-05 19:45:00,0.33276606290307875,7.053208414353884,605.6,565.7
2025-12-05 20:00:00,0.22357426700275707,6.894113487714337,604.7,565.7
2025-12-05 20:15:00,0.24952112975192847,6.9319186560566015,604.7,565.5
2025-12-05 20:30:00,0.26250144480075005,6.95083126989744,604.7,565.4
2025-12-05 20:45:00,0.1645641413275704,6.808134394341292,604.0,565.5
2025-12-05 21:00:00,0.15407628687727876,6.792853352202388,603.7,565.3
2025-12-05 21:15:00,0.16787161566013742,6.812953459564675,603.6,565.1
2025-12-05 21:30:00,0.17256236360982743,6.819787985865733,604.6,566.0
2025-12-05 21:45:00,0.19515242978735486,6.852702225362051,605.0,566.2
2025-12-05 22:00:00,0.18634715949272956,6.839872746553555,604.5,565.8
2025-12-05 22:15:00,0.17090901405643272,6.817379018014824,604.8,566.2
2025-12-05 22:30:00,0.18468835476429024,6.837455830388706,604.7,566.0
2025-12-05 22:45:00,0.15878730619097925,6.799717414341222,604.7,566.2
2025-12-05 23:00:00,0.13782604960638212,6.769176387416054,604.1,565.8
2025-12-05 23:15:00,0.1645641413275704,6.808134394341292,604.0,565.5
2025-12-05 23:30:00,0.29212609271104345,6.993995054750957,605.8,566.2
2025-12-08 06:45:00,0.2181255231503724,6.886174544167112,603.8,564.9
2025-12-08 07:00:00,0.2077354288612354,6.871035940803383,606.6,567.6
2025-12-08 07:15:00,0.15936819141639522,6.8005637773079775,606.2,567.6
2025-12-08 07:30:00,0.2659876620494739,6.955910767609352,608.9,569.3
2025-12-08 07:45:00,0.24104205654322916,6.9195644538110335,608.8,569.4
2025-12-08 08:00:00,0.28393551908827064,6.982061202954615,608.3,568.6
2025-12-08 08:15:00,0.22191907022165314,6.891701828410701,608.0,568.8
2025-12-08 08:30:00,0.18870340044044814,6.843305843130376,608.9,569.9
2025-12-08 08:45:00,0.26012478394623845,6.947368421052635,609.6,570.0
2025-12-08 09:00:00,0.3441648068372676,7.0698166431593545,607.3,567.2
2025-12-08 09:15:00,0.37352937267589104,7.112601482527348,606.9,566.6
2025-12-08 09:30:00,0.28704472752257215,6.986591390261121,606.4,566.8
2025-12-08 09:45:00,0.4333194371492574,7.199716964443659,606.0,565.3
2025-12-08 10:00:00,0.2946708159738474,6.997702774341752,605.5,565.9
2025-12-08 10:15:00,0.31892708384247,7.033044707545511,605.7,565.9
2025-12-08 10:30:00,0.3346258396741739,7.0559181513494496,606.9,566.9
2025-12-08 10:45:00,0.21272569939126368,6.878306878306884,606.0,567.0
2025-12-08 11:00:00,0.12487694089355486,6.750309241915531,604.1,565.9
2025-12-08 11:15:00,0.1516034368902254,6.789250353606779,604.0,565.6
2025-12-08 11:30:00,0.12979427381014486,6.757473907659661,603.5,565.3
2025-12-08 11:45:00,0.08045299934131962,6.685582550097546,601.6,563.9
2025-12-08 12:00:00,0.1689686803395503,6.8145519077196015,601.9,563.5
2025-12-08 12:15:00,0.1258505444151398,6.751727804359398,602.4,564.3
2025-12-08 12:30:00,0.18999334149563424,6.845185316545499,602.5,563.9
2025-12-08 12:45:00,0.1908266269804622,6.846399432422845,602.4,563.8
2025-12-08 13:00:00,0.17229103082959557,6.819392647842304,601.5,563.1
2025-12-08 13:15:00,0.1933282579559768,6.850044365572328,602.1,563.5
2025-12-08 13:30:00,0.1839565208669345,6.83638953177852,600.1,561.7
2025-12-08 13:45:00,0.13839009778384062,6.769998218421525,599.3,561.3
2025-12-08 14:00:00,0.10417263809698005,6.72014260249556,598.7,561.0
2025-12-08 14:15:00,0.10006556520284894,6.714158504007139,599.2,561.5
2025-12-08 14:30:00,0.09522077607524111,6.707099536211203,598.2,560.6
2025-12-08 14:45:00,0.14273411646106746,6.776327552297534,597.2,559.3
2025-12-08 15:00:00,0.1644551354659567,6.807975570325131,594.6,556.7
2025-12-08 15:15:00,0.17762538974042197,6.827164929931717,594.6,556.6
2025-12-08 15:30:00,0.09619580765770261,6.708520179372202,594.9,557.5
2025-12-08 15:45:00,0.08470875277708799,6.691783279512031,594.7,557.4
2025-12-08 16:00:00,0.09619580765770261,6.708520179372202,594.9,557.5
2025-12-08 16:15:00,0.06829057661501285,6.667861623946947,595.1,557.9
2025-12-08 16:30:00,0.05181770844125004,6.643860280878644,592.3,555.4
2025-12-08 16:45:00,0.08811818694212653,6.696750902527082,591.1,554.0
2025-12-08 17:00:00,0.07326435934425678,6.675108538350227,589.7,552.8
2025-12-08 17:15:00,-0.0012288858810365706,6.566570188133158,589.1,552.8
2025-12-08 17:30:00,0.07824226725589636,6.682361463237951,589.1,552.2
2025-12-08 17:45:00,0.0666416881135363,6.665459155950004,588.9,552.1
2025-12-08 18:00:00,0.08977805996811361,6.699169375225722,590.9,553.8
2025-12-08 18:15:00,0.10633731378053347,6.723296584131577,590.5,553.3
2025-12-08 18:30:00,0.07572953893955561,6.678700361010836,591.0,554.0
2025-12-08 19:00:00,0.06747044027116994,6.666666666666665,593.6,556.5
2025-12-08 19:15:00,0.09379028589279671,6.70501527952545,593.6,556.3
2025-12-08 19:30:00,0.13247092801085045,6.7613738536234536,593.7,556.1
2025-12-08 19:45:00,0.09544533372874721,6.707426721812615,593.4,556.1
2025-12-08 20:00:00,0.03455288154970817,6.618705035971217,592.8,556.0
2025-12-08 20:15:00,0.07405750618770618,6.676264171315438,592.8,555.7
2025-12-08 20:30:00,0.07405750618770618,6.676264171315438,592.8,555.7
2025-12-08 20:45:00,0.09809544108601614,6.711287988422576,589.9,552.8
2025-12-08 21:00:00,-0.024437814074355413,6.532754252623962,588.7,552.6
2025-12-08 21:15:00,0.125598906035202,6.751361161524505,588.2,551.0
2025-12-08 21:30:00,0.13114595644609406,6.759443339960258,590.7,553.3
2025-12-08 21:45:00,0.1460737608709731,6.78119349005426,590.5,553.0
2025-12-08 22:00:00,0.16413679229122874,6.8075117370892,591.5,553.8
2025-12-08 22:15:00,0.1824587158194046,6.834207195805453,590.9,553.1
2025-12-08 22:30:00,0.1080058755363674,6.725727716506946,590.3,553.1
2025-12-08 22:45:00,0.11051098195690344,6.729377713458762,590.0,552.8
2025-12-08 23:00:00,0.02126952482079088,6.599350883519661,591.2,554.6
2025-12-08 23:15:00,0.0410270049825459,6.6281379808560414,590.4,553.7
2025-12-08 23:30:00,0.13450223510655715,6.764333514197851,590.3,552.9
2025-12-09 06:45:00,0.10884060900791005,6.726943942133823,590.2,553.0
2025-12-09 07:00:00,0.013931260604503035,6.588658865886599,592.1,555.5
2025-12-09 07:15:00,0.002388028978346725,6.571840115232264,591.9,555.4
2025-12-09 07:30:00,-0.03548952062627344,6.5166516651665285,591.7,555.5
2025-12-09 07:45:00,-0.022326810753089694,6.535830032409096,591.7,555.4
2025-12-09 08:00:00,-0.030653426878149405,6.523697963597064,591.1,554.9
2025-12-09 08:15:00,-0.091700314563109,6.434751261715932,590.5,554.8
2025-12-09 08:30:00,0.042670761884827435,6.630532971996406,590.2,553.5
2025-12-09 08:45:00,0.07738493791425155,6.681112314915128,590.8,553.8
2025-12-09 09:00:00,0.1751302205601855,6.823529411764717,590.2,552.5
2025-12-09 09:15:00,0.16920426193797738,6.814895155459144,590.9,553.2
2025-12-09 09:30:00,0.16920426193797738,6.814895155459144,590.9,553.2
2025-12-09 09:45:00,0.08894797362003427,6.697959920563279,591.0,553.9
2025-12-09 10:00:00,0.19350925518001744,6.850308082638645,589.6,551.8
2025-12-09 10:15:00,0.10644296856535665,6.723450525552743,588.9,551.8
2025-12-09 10:30:00,0.08410876995219227,6.690909090909081,586.8,550.0
2025-12-09 10:45:00,0.09658751721297046,6.709090909090909,586.9,550.0
2025-12-09 11:00:00,-0.0507261713432003,6.494451519010358,585.4,549.7
2025-12-09 11:15:00,-0.03714181221433335,6.514244238795142,587.0,551.1
2025-12-09 11:30:00,0.015135824852913074,6.590413943355133,587.1,550.8
2025-12-09 11:45:00,-0.027127244803225207,6.528835690968449,587.4,551.4
2025-12-09 12:00:00,0.012004324046642291,6.585851275556354,589.1,552.7
2025-12-09 12:15:00,-0.010389954778528535,6.553222302679229,588.6,552.4
2025-12-09 12:30:00,0.016916558655654997,6.593008512950549,588.5,552.1
2025-12-09 12:45:00,-0.018751018122991566,6.541040043486146,588.0,551.9
2025-12-09 13:00:00,-0.040091998444342164,6.509945750452073,589.0,553.0
2025-12-09 13:15:00,-0.04089980502969177,6.508768757909955,589.1,553.1
2025-12-09 13:30:00,-0.06892779085379762,6.467931345980116,589.3,553.5
2025-12-09 13:45:00,-0.03496087262340796,6.517421917313593,590.0,553.9
2025-12-09 14:00:00,-0.020236985537541483,6.538874955213192,594.7,558.2
2025-12-09 14:15:00,0.014075441519228517,6.588868940754056,593.7,557.0
2025-12-09 14:30:00,0.07815519482651746,6.682234596730718,593.9,556.7
2025-12-09 14:45:00,0.07977028076117641,6.684587813620069,595.3,558.0
2025-12-09 15:00:00,0.12813878089272196,6.7550618168786825,595.8,558.1
2025-12-09 15:15:00,0.07730502525190087,6.680995880351071,595.6,558.3
2025-12-09 15:30:00,0.024073222107080048,6.603435934144608,595.7,558.8
2025-12-09 15:45:00,0.021641379801150915,6.599892684671782,596.0,559.1
2025-12-09 16:00:00,0.08384088986788436,6.690518783542032,596.4,559.0
2025-12-09 16:15:00,0.06747044027116994,6.666666666666665,596.8,559.5
2025-12-09 16:30:00,-0.04502280957650828,6.502761446641725,597.8,561.3
2025-12-09 16:45:00,-0.07105884068841632,6.464826357969722,597.8,561.5
2025-12-09 17:00:00,-0.011163985718642432,6.552094522019347,595.2,558.6
2025-12-09 17:15:00,0.056835355592175764,6.651171106740583,596.5,559.3
2025-12-09 17:30:00,-0.0488221629227022,6.497225702523712,595.0,558.7
2025-12-09 17:45:00,0.006136115039487555,6.577301161751548,596.3,559.5
2025-12-09 18:00:00,0.01098228394670197,6.58436213991771,595.7,558.9
2025-12-09 18:15:00,0.004523034340169607,6.574950866535634,596.5,559.7
2025-12-09 18:30:00,0.031384441142218784,6.614088546334473,594.8,557.9
2025-12-09 19:00:00,0.0970218331384347,6.709723717258687,594.8,557.4
2025-12-09 19:15:00,0.014075441519228517,6.588868940754056,593.7,557.0
2025-12-09 19:30:00,-0.008144745812906517,6.556493623136328,593.2,556.7
2025-12-09 19:45:00,-0.046733214255182065,6.500269348177423,593.1,556.9
2025-12-09 20:00:00,0.0009440009164999821,6.569736133548743,593.7,557.1
2025-12-09 20:15:00,-0.036015132058327765,6.515885837372104,593.4,557.1
2025-12-09 20:30:00,-0.008144745812906517,6.556493623136328,593.2,556.7
2025-12-09 20:45:00,0.04124018208538879,6.628448584736657,595.2,558.2
2025-12-09 21:00:00,0.054352961217859735,6.647554201755956,595.2,558.1
2025-12-09 21:15:00,0.0051624147679312695,6.575882458340776,594.8,558.1
2025-12-09 21:30:00,-0.08131433738391482,6.449883866356965,595.8,559.7
2025-12-09 21:45:00,0.07561922150408587,6.678539626001778,599.0,561.5
2025-12-09 22:00:00,0.16068340327605055,6.802480070859174,602.9,564.5
2025-12-09 22:15:00,0.11274880695925912,6.732638275313674,604.0,565.9
2025-12-09 22:30:00,0.0048586345139637905,6.575439843611153,599.7,562.7
2025-12-09 22:45:00,-0.06481283889734844,6.473926924441287,600.3,563.8
2025-12-09 23:00:00,-0.03729433527630245,6.514022009229681,600.1,563.4
2025-12-09 23:15:00,-0.09786148469205809,6.425774296902809,597.9,561.8
2025-12-09 23:30:00,-0.04978847686153671,6.495817761167477,598.4,561.9
2025-12-10 06:45:00,-0.2831830218729095,6.155756608124885,598.4,563.7
2025-12-10 07:00:00,0.010479720278329312,6.583629893238441,599.0,562.0
2025-12-10 07:15:00,0.026726534106590226,6.6073018699911,598.6,561.5
2025-12-10 07:30:00,0.11558252351385123,6.736767064694349,598.9,561.1
2025-12-10 07:45:00,0.09193857215504335,6.702317290552595,598.6,561.0
2025-12-10 08:00:00,0.1147586367095805,6.735566642908042,599.0,561.2
2025-12-10 08:15:00,0.12698834268504122,6.753385602280826,599.1,561.2
2025-12-10 08:30:00,0.12781440908402367,6.754589199786132,599.0,561.1
2025-12-10 08:45:00,0.07806951878322879,6.682109764789734,598.7,561.2
2025-12-10 09:00:00,0.018402980085823542,6.595174262734571,596.4,559.5
2025-12-10 09:15:00,-0.0224062513093815,6.535714285714289,596.6,560.0
2025-12-10 09:30:00,0.08052243716838721,6.685683722588687,598.4,560.9
2025-12-10 09:45:00,0.017860063378310264,6.594383220760758,599.7,562.6
2025-12-10 10:00:00,0.017189773652662676,6.59340659340657,601.4,564.2
2025-12-10 10:15:00,-0.03888084197848671,6.51171043293115,600.3,563.6
2025-12-10 10:30:00,0.13095179417690225,6.759160441124146,600.2,562.2
2025-12-10 10:45:00,0.13590801427966787,6.766381766381757,599.6,561.6
2025-12-10 11:00:00,0.21349833374826904,6.879432624113457,602.8,564.0
2025-12-10 11:15:00,0.178116516030503,6.827880512091045,600.8,562.4
2025-12-10 11:30:00,0.19199155754780925,6.848096762717892,600.7,562.2
2025-12-10 11:45:00,0.13095179417690225,6.759160441124146,600.2,562.2
2025-12-10 12:00:00,0.11146602356235046,6.730769230769229,599.4,561.6
2025-12-10 12:15:00,0.1235372677791569,6.7483573077606,601.1,563.1
2025-12-10 12:30:00,0.08211998348018273,6.688011383849157,599.8,562.2
2025-12-10 12:45:00,0.15288053263379292,6.7911111111111255,600.7,562.5
2025-12-10 13:00:00,0.1609317504243608,6.802841918294833,601.3,563.0
2025-12-10 13:15:00,0.1572669563909064,6.797502230151653,598.6,560.5
2025-12-10 13:30:00,0.1653429678066331,6.809269162210341,599.2,561.0
2025-12-10 13:45:00,0.07970450621310664,6.68449197860963,598.5,561.0
2025-12-10 14:00:00,0.16503169073016832,6.808815624440068,596.1,558.1
2025-12-10 14:15:00,0.13710713790661935,6.768128916741256,596.3,558.5
2025-12-10 14:30:00,0.12880476550283768,6.756032171581761,597.3,559.5
2025-12-10 14:45:00,0.2074628276840004,6.870638754696712,597.3,558.9
2025-12-10 15:00:00,0.17452452613634287,6.8226469012323765,598.1,559.9
2025-12-10 15:15:00,0.15000832326644198,6.786926236827995,597.9,559.9
2025-12-10 15:30:00,0.2138288710339649,6.8799142244460265,598.1,559.6
2025-12-10 15:45:00,0.2007227411380834,6.860818295515458,598.1,559.7
2025-12-10 16:00:00,0.20409037422455278,6.865725013409629,597.7,559.3
2025-12-10 16:15:00,0.19855128287909443,6.857654431512983,596.8,558.5
2025-12-10 16:30:00,0.1483450208042932,6.7845027673629765,598.1,560.1
2025-12-10 16:45:00,0.15643475211363475,6.796289689618273,598.7,560.6
2025-12-10 17:00:00,0.14917652352621946,6.785714285714284,598.0,560.0
2025-12-10 17:15:00,0.16978575025066944,6.815742397137758,597.1,559.0
2025-12-10 17:30:00,0.1458522931582368,6.78087080656673,598.4,560.4
2025-12-10 17:45:00,0.08548437988646461,6.692913385826782,596.2,558.8
2025-12-10 18:00:00,0.13941033276372866,6.7714847239592535,597.6,559.7
2025-12-10 18:15:00,0.22609354400291523,6.897784131522511,598.2,559.6
2025-12-10 18:30:00,0.44344128953501033,7.214464733261727,598.9,558.6
2025-12-10 19:00:00,0.1369206110379666,6.767857142857148,597.9,560.0
2025-12-10 19:15:00,0.1475138149415922,6.783291681542303,598.2,560.2
2025-12-10 19:30:00,0.060122141563014556,6.6559600285510445,597.7,560.4
2025-12-10 19:45:00,0.09768550443403277,6.710690701409972,597.9,560.3
2025-12-10 20:00:00,0.09933012351149816,6.713086948759162,597.7,560.1
2025-12-10 20:15:00,0.12549212039657157,6.7512055724236575,597.7,559.9
2025-12-10 20:30:00,0.07400459330549199,6.676187076044271,597.6,560.2
2025-12-10 20:45:00,0.09850766718417682,6.711888611210259,597.8,560.2
2025-12-10 21:00:00,0.06093745342515802,6.657147956451914,597.6,560.3
2025-12-10 21:15:00,0.0413104793647794,6.628551009469352,596.8,559.7
2025-12-10 21:30:00,0.08461647059021438,6.691648822269802,597.9,560.4
2025-12-10 21:45:00,0.12218420510661493,6.746385864715343,598.1,560.3
2025-12-10 22:00:00,0.08052243716838721,6.685683722588687,598.4,560.9
2025-12-10 22:15:00,0.056049942986102906,6.650026742734894,598.2,560.9
2025-12-10 22:30:00,0.1539399197152712,6.792654662150111,599.0,560.9
2025-12-10 22:45:00,0.15477123393455264,6.793865905848784,598.9,560.8
2025-12-10 23:00:00,0.13112162123389812,6.759407883003377,598.6,560.7
2025-12-10 23:15:00,0.16867754732129214,6.814127720299656,598.8,560.6
2025-12-10 23:30:00,0.10262288773911889,6.717884581025535,597.3,559.7
2025-12-11 06:45:00,0.2862899560923283,6.98549167114455,597.3,558.3
2025-12-11 07:00:00,0.08866104540465128,6.697541859636624,599.0,561.4
2025-12-11 07:15:00,0.07725246199705764,6.680919294494925,598.8,561.3
2025-12-11 07:30:00,0.14253280491632953,6.776034236804573,598.8,560.8
2025-12-11 07:45:00,0.12864076998083823,6.755793226381468,598.9,561.0
2025-12-11 08:00:00,0.23790137921557558,6.914988415612178,599.9,561.1
2025-12-11 08:15:00,0.2370556964641116,6.913756236635771,600.0,561.2
2025-12-11 08:30:00,0.2907665684216189,6.992014196983143,602.9,563.5
2025-12-11 08:45:00,0.3290227380263829,7.047754304988474,603.0,563.3
2025-12-11 09:00:00,0.2928182673215119,6.995003568879388,599.6,560.4
2025-12-11 09:15:00,0.28939395313511346,6.990014265335254,600.0,560.8
2025-12-11 09:30:00,0.3198971613290836,7.03445813247634,599.5,560.1
2025-12-11 09:45:00,0.31301113190017255,7.024425031199844,600.3,560.9
2025-12-11 10:00:00,0.3505860982262594,7.07917261055635,600.5,560.8
2025-12-11 10:15:00,0.303348294605752,7.010346057795203,599.9,560.6
2025-12-11 10:30:00,0.3550199958677098,7.085632900124605,601.5,561.7
2025-12-11 10:45:00,0.2950284128180933,6.998223801065717,602.4,563.0
2025-12-11 11:00:00,0.13372407514796297,6.763199717464263,604.6,566.3
2025-12-11 11:15:00,0.20014170417045088,6.859971711456847,604.4,565.6
2025-12-11 11:30:00,0.2545743335243757,6.9392812887236754,604.1,564.9
2025-12-11 11:45:00,0.3474734592223349,7.0746374248319865,605.4,565.4
2025-12-11 12:00:00,0.23693490924461955,6.913580246913598,606.2,567.0
2025-12-11 12:15:00,0.22733581015503979,6.899594141521059,605.8,566.7
2025-12-11 12:30:00,0.14666559832551054,6.782055810667598,604.6,566.2
2025-12-11 12:45:00,0.12569577213479907,6.751502297631684,604.0,565.8
2025-12-11 13:00:00,0.17421688202114652,6.822198656769185,604.4,565.8
2025-12-11 13:15:00,0.13864731463583174,6.7703729892169,604.0,565.7
2025-12-11 13:30:00,0.19847743696432787,6.857546836337947,604.6,565.8
2025-12-11 13:45:00,0.20014170417045088,6.859971711456847,604.4,565.6
2025-12-11 14:00:00,0.2327928446469589,6.907545164718387,603.6,564.6
2025-12-11 14:15:00,0.2797210871405344,6.975920679886705,604.2,564.8
2025-12-11 14:30:00,0.3230192538561124,7.039007092198579,603.7,564.0
2025-12-11 14:45:00,0.253382223745764,6.937544357700509,602.7,563.6
2025-12-11 15:00:00,0.20727413765282354,6.870363829035675,605.1,566.2
2025-12-11 15:15:00,0.238223726394561,6.915458082773252,604.5,565.4
2025-12-11 15:30:00,0.2457908912370179,6.926483613817536,603.6,564.5
2025-12-11 15:45:00,0.17367097655023098,6.8214032600992125,602.9,564.4
2025-12-11 16:00:00,0.1966679123548073,6.854910317883145,601.7,563.1
2025-12-11 16:15:00,0.14213339538469455,6.775452288045414,602.0,563.8
2025-12-11 16:30:00,0.1404843870097271,6.773049645390072,602.2,564.0
2025-12-11 16:45:00,0.12502950955219858,6.750531537916382,602.5,564.4
2025-12-11 17:00:00,0.08692013490361032,6.695005313496272,602.4,564.6
2025-12-11 17:15:00,0.09581449747114505,6.7079646017699,602.9,565.0
2025-12-11 17:30:00,0.058563884389897077,6.65368961245798,602.7,565.1
2025-12-11 17:45:00,-0.009531572645899392,6.554472984942428,601.5,564.5
2025-12-11 18:00:00,0.0048586345139637905,6.575439843611153,599.7,562.7
2025-12-11 18:15:00,0.031673180466684304,6.614509246088196,599.6,562.4
2025-12-11 18:30:00,0.10315981966142913,6.718666903031378,602.0,564.1
2025-12-11 19:00:00,0.24317378083443567,6.922670424519994,607.0,567.7
2025-12-11 19:15:00,0.18407033412546883,6.836555360281182,607.9,569.0
2025-12-11 19:30:00,0.06747044027116994,6.666666666666665,606.4,568.5
2025-12-11 19:45:00,0.09080682423286164,6.700668308125213,606.7,568.6
2025-12-11 20:00:00,0.15994621815563229,6.801405975395447,607.7,569.0
2025-12-11 20:15:00,0.18324584975433425,6.835354067826382,608.0,569.1
2025-12-11 20:30:00,0.20026977347727318,6.860158311345654,607.5,568.5
2025-12-11 20:45:00,0.261472076374287,6.949331456720609,607.9,568.4
2025-12-11 21:00:00,0.31996413337669366,7.034555712270807,607.1,567.2
2025-12-11 21:15:00,0.2544245497550861,6.939063050369865,607.2,567.8
2025-12-11 21:30:00,0.2360981952380371,6.912361135602185,606.3,567.1
2025-12-11 21:45:00,0.19813104088634764,6.857042129384827,606.2,567.3
2025-12-11 22:00:00,0.1997907838815359,6.85946041262564,606.0,567.1
2025-12-11 22:15:00,0.2456858943361314,6.926330630948208,606.7,567.4
2025-12-11 22:30:00,0.2715627864555,6.964033850493645,606.7,567.2
2025-12-11 22:45:00,0.24484822806009607,6.925110132158574,606.8,567.5
2025-12-11 23:00:00,0.2561026663060756,6.941508104298788,607.0,567.6
2025-12-11 23:15:00,0.23191904758364787,6.906272022551074,606.8,567.6
2025-12-11 23:30:00,0.346732579828383,7.073557946727815,607.0,566.9
2025-12-12 06:45:00,0.6984117084838537,7.585962424672088,607.0,564.2
2025-12-12 07:00:00,0.2477238888028891,6.929300035174113,608.0,568.6
2025-12-12 07:15:00,0.22358280194594832,6.894125923320416,607.8,568.6
2025-12-12 07:30:00,0.26483090897879064,6.954225352112675,607.5,568.0
2025-12-12 07:45:00,0.3415997486722598,7.066079295154193,607.6,567.5
2025-12-12 08:00:00,0.34941396699635546,7.077464788732413,608.2,568.0
2025-12-12 08:15:00,0.33733067299383096,7.059859154929571,608.1,568.0
2025-12-12 08:30:00,0.27102447360288584,6.963249516440984,608.3,568.7
2025-12-12 08:45:00,0.2743882566017478,6.968150624670066,607.9,568.3
2025-12-12 09:00:00,0.11929040176224943,6.74216952751725,603.2,565.1
2025-12-12 09:15:00,0.1695271093183731,6.815365551425034,603.4,564.9
2025-12-12 09:30:00,0.21478131954509821,6.881301963559183,604.2,565.3
2025-12-12 09:45:00,0.1913306174348722,6.847133757961776,603.9,565.2
2025-12-12 10:00:00,0.11368802271846606,6.734006734006726,602.3,564.3
2025-12-12 10:15:00,0.21182461217586446,6.876993973768153,603.0,564.2
2025-12-12 10:30:00,0.20097427922371297,6.861184792219266,604.3,565.5
2025-12-12 10:45:00,0.19382631623438037,6.850770047796084,603.6,564.9
2025-12-12 11:00:00,0.23068061399202208,6.904467596680219,605.4,566.3
2025-12-12 11:15:00,0.2423369995729319,6.921451215216634,607.1,567.8
2025-12-12 11:30:00,0.34258206237045813,7.067510548523215,609.0,568.8
2025-12-12 11:45:00,0.3692871066486593,7.1064204045734325,608.9,568.5
2025-12-12 12:00:00,0.4562628701421024,7.233146067415719,610.8,569.6
2025-12-12 12:15:00,0.41242929238619813,7.1692795490575945,608.4,567.7
2025-12-12 12:30:00,0.38566384900386796,7.1302816901408494,608.5,568.0
2025-12-12 12:45:00,0.346732579828383,7.073557946727815,607.0,566.9
2025-12-12 13:00:00,0.5050681284138318,7.304256437204426,612.6,570.9
2025-12-12 13:15:00,0.5879110843222831,7.42496050552921,612.0,569.7
2025-12-12 13:30:00,0.5406083353000646,7.3560393258427,611.5,569.6
2025-12-12 13:45:00,0.5329840659014128,7.344930592163057,610.9,569.1
2025-12-12 14:00:00,0.6370031526234324,7.49648876404494,612.3,569.6
2025-12-12 14:15:00,0.6481472699763486,7.512725996138303,612.5,569.7
2025-12-12 14:30:00,0.5941803056130401,7.434094903339194,611.3,569.0
2025-12-12 14:45:00,0.5888057439617485,7.42626404494382,611.9,569.6
2025-12-12 15:00:00,0.6844873071639458,7.565674255691768,614.2,571.0
2025-12-12 15:15:00,0.6274142276134619,7.48251748251747,614.8,572.0
2025-12-12 15:30:00,0.6394130230565166,7.499999999999996,614.9,572.0
2025-12-12 15:45:00,0.6034166367273676,7.447552447552441,614.6,572.0
2025-12-12 16:00:00,0.5499936790906118,7.369713984909643,611.9,569.9
2025-12-12 16:15:00,0.5888057439617485,7.42626404494382,611.9,569.6
2025-12-12 16:30:00,0.5276748986682176,7.337195014920117,611.5,569.7
2025-12-12 16:45:00,0.5821182476281148,7.416520210896316,611.2,569.0
2025-12-12 17:00:00,0.5941803056130401,7.434094903339194,611.3,569.0
2025-12-12 17:15:00,0.6303664795678336,7.486818980667853,611.6,569.0
2025-12-12 17:30:00,0.626756759370014,7.481559536354054,612.0,569.4
2025-12-12 17:45:00,0.6303664795678336,7.486818980667853,611.6,569.0
2025-12-12 18:00:00,0.7517769640993062,7.663716814159294,608.3,565.0
2025-12-12 18:15:00,0.7367649520412646,7.6418439716312125,607.1,564.0
2025-12-12 18:30:00,0.8514060039106399,7.808878587983603,604.7,560.9
2025-12-12 19:00:00,0.7930601029128707,7.723867285051722,603.9,560.6
2025-12-12 19:15:00,0.7383971921436825,7.644222182532601,602.7,559.9
2025-12-12 19:30:00,0.7572381044886848,7.671673819742475,602.1,559.2
2025-12-12 19:45:00,0.7610312369642697,7.677200499910719,603.1,560.1
2025-12-12 20:00:00,0.6979036709123099,7.585222202391573,602.8,560.3
2025-12-12 20:15:00,0.7798937360967558,7.704683589560246,602.5,559.4
2025-12-12 20:30:00,0.6893647864039112,7.572780853723882,602.3,559.9
2025-12-12 20:45:00,0.7014604998141093,7.590404582885779,601.0,558.6
2025-12-12 21:00:00,0.7402719348323045,7.646953725209915,602.5,559.7
2025-12-12 21:15:00,0.7449646585061631,7.653791130185961,602.0,559.2
2025-12-12 21:30:00,0.8227768462273825,7.767165255000896,598.0,554.9
2025-12-12 21:45:00,0.8207406140042883,7.764198418404034,599.6,556.4
2025-12-12 22:00:00,0.8683754508490387,7.833603457590499,598.8,555.3
2025-12-12 22:15:00,0.8303351599819849,7.778177889809146,598.6,555.4
2025-12-12 22:30:00,0.89601428992779,7.873873873873882,598.7,555.0
2025-12-12 22:45:00,0.8911501274507931,7.86678667866787,599.2,555.5
2025-12-12 23:00:00,0.9044796791763551,7.886208138278739,599.2,555.4
2025-12-12 23:15:00,0.8104082915446966,7.749143989908092,597.9,554.9
2025-12-12 23:30:00,0.6715538886597237,7.546829971181546,597.1,555.2
2025-12-13 09:45:00,0.6841201252149529,7.565139263252485,598.6,556.5
2025-12-13 10:00:00,0.7628936451186544,7.679914070891503,601.5,558.6
2025-12-13 10:15:00,0.7562615077115782,7.670250896057329,600.8,558.0
2025-12-13 10:30:00,0.7240502662489703,7.623318385650224,600.0,557.5
2025-12-13 10:45:00,0.8814480243969512,7.8526504941599296,600.2,556.5
2025-12-13 11:00:00,0.6738772819904966,7.550215208034428,599.7,557.6
2025-12-13 11:15:00,0.6378741640893723,7.497757847533615,599.3,557.5
2025-12-13 11:30:00,0.6301715809648413,7.486535008976669,598.7,557.0
2025-12-13 11:45:00,0.6178496581759305,7.468581687612219,598.6,557.0
2025-12-13 12:00:00,0.734394142124397,7.638389647735444,598.9,556.4
2025-12-13 12:15:00,0.7229990952845482,7.621786805680397,598.7,556.3
2025-12-13 12:30:00,0.6575976534055353,7.526495419435952,598.6,556.7
2025-12-13 12:45:00,0.7069119051994963,7.598347404347039,599.0,556.7
2025-12-13 13:00:00,0.7325103963952749,7.63564498742364,599.1,556.6
2025-12-13 13:15:00,0.6548154265426627,7.522441651705569,598.9,557.0
2025-12-13 13:30:00,0.6301715809648413,7.486535008976669,598.7,557.0
2025-12-13 13:45:00,0.5402927261475488,7.355579476139229,598.4,557.4
2025-12-13 14:00:00,0.5165680075183893,7.321012022250151,598.1,557.3
2025-12-13 14:15:00,0.6548154265426627,7.522441651705569,598.9,557.0
2025-12-13 14:30:00,0.6871176510377184,7.569506726457398,599.7,557.5
2025-12-13 14:45:00,0.6255632923523086,7.479820627802702,599.2,557.5
2025-12-13 15:00:00,0.5699438236425952,7.398781798638465,599.5,558.2
2025-12-13 15:15:00,0.5066699021235432,7.306590257879675,599.2,558.4
2025-12-13 15:30:00,0.5927071101356458,7.431948424068757,599.9,558.4
2025-12-13 15:45:00,0.6446395186168185,7.507615122737854,600.0,558.1
2025-12-13 16:00:00,0.6975610317420581,7.584722969338342,600.0,557.7
2025-12-13 16:15:00,0.6984946098004758,7.586083213773298,599.9,557.6
2025-12-13 16:30:00,0.5735852822626535,7.404087486554323,599.1,557.8
2025-12-13 16:45:00,0.6729481180127248,7.548861395015227,599.8,557.7
2025-12-13 17:00:00,0.6323418820043364,7.489697186884059,599.9,558.1
2025-12-13 17:15:00,0.5945346906917759,7.434611250447864,599.7,558.2
2025-12-13 17:30:00,0.6323418820043364,7.489697186884059,599.9,558.1
2025-12-13 17:45:00,0.6748067793006395,7.551569506726463,599.6,557.5
2025-12-13 18:00:00,0.6757366101225387,7.552924291352703,599.5,557.4
2025-12-13 18:15:00,0.6880496904839146,7.570864729099402,599.6,557.4
2025-12-13 18:30:00,0.7221739454713915,7.620584543661457,600.2,557.7
2025-12-13 18:45:00,0.8396442683763389,7.791741472172342,600.4,557.0
2025-12-14 09:45:00,0.8206256003887249,7.764030840953917,601.0,557.7
2025-12-14 10:00:00,0.5075681181586693,7.307898979043537,599.1,558.3
2025-12-14 10:15:00,0.5267437112571485,7.335838253712645,599.9,558.9
2025-12-14 10:30:00,0.5135651917817488,7.316636851520575,599.9,559.0
2025-12-14 10:45:00,0.5312519615555725,7.342406876790841,599.4,558.4
2025-12-14 11:00:00,0.6228022847253569,7.475797776980997,599.5,557.8
2025-12-14 11:15:00,0.5562400442313616,7.378815080789947,598.1,557.0
2025-12-14 11:30:00,0.6055277353870046,7.450628366247747,598.5,557.0
2025-12-14 11:45:00,0.5439181214424509,7.360861759425497,598.0,557.0
2025-12-14 12:00:00,0.5699150494507423,7.398739873987403,596.6,555.5
2025-12-14 12:15:00,0.5891199241566737,7.426721812623627,597.4,556.1
2025-12-14 12:30:00,0.5165680075183893,7.321012022250151,598.1,557.3
2025-12-14 12:45:00,0.5210800748940495,7.327586206896575,597.6,556.8
2025-12-14 13:00:00,0.547548727510324,7.366151634926332,597.6,556.6
2025-12-14 13:15:00,0.6187700962941111,7.469922786855809,598.5,556.9
2025-12-14 13:30:00,0.6320172137963749,7.48922413793105,598.5,556.8
2025-12-14 13:45:00,0.580883889809183,7.414721723518847,598.3,557.0
2025-12-14 14:00:00,0.6680666378162877,7.541748967498663,598.9,556.9
2025-12-14 14:15:00,0.6310942316746628,7.487879332016534,598.6,556.9
2025-12-14 14:30:00,0.6699262163540332,7.544458415663735,598.7,556.7
2025-12-14 14:45:00,0.653888683471662,7.521091366002519,599.0,557.1
2025-12-14 15:00:00,0.6822547793025158,7.562421411891496,598.8,556.7
2025-12-14 15:15:00,0.580883889809183,7.414721723518847,598.3,557.0
2025-12-14 15:30:00,0.49732633507517,7.292976468474932,597.3,556.7
2025-12-14 15:45:00,0.498225615807683,7.294286740927069,597.2,556.6
2025-12-14 16:00:00,0.5854561756239379,7.42138364779874,597.8,556.5
2025-12-14 16:15:00,0.5827118187286662,7.417385057471271,598.1,556.8
2025-12-14 16:30:00,0.4796221381836061,7.267181051498306,597.8,557.3
2025-12-14 16:45:00,0.4796221381836061,7.267181051498306,597.8,557.3
2025-12-14 17:00:00,0.5210800748940495,7.327586206896575,597.6,556.8
2025-12-14 17:15:00,0.5306915735555918,7.341590378747087,598.0,557.1
2025-12-14 17:30:00,0.5183718625639726,7.323640280021526,597.9,557.1
2025-12-14 17:45:00,0.5685619670202723,7.396768402154397,598.2,557.0
2025-12-14 18:00:00,0.5325011486303096,7.344226970730827,597.8,556.9
2025-12-14 18:15:00,0.5589691498176135,7.382791449613779,597.8,556.7
2025-12-14 18:30:00,0.666893438677126,7.540039589706682,597.6,555.7
2025-12-14 18:45:00,0.7713997729300734,7.692307692307709,599.2,556.4
2025-12-15 06:45:00,0.7240502662489703,7.623318385650224,600.0,557.5
2025-12-15 07:00:00,0.6259025683450609,7.48031496062993,600.6,558.8
2025-12-15 07:15:00,0.6363435637571299,7.49552772808586,600.9,559.0
2025-12-15 07:30:00,0.6203959832999921,7.472291741151249,601.2,559.4
2025-12-15 07:45:00,0.6213129270162928,7.473627748971934,601.1,559.3
2025-12-15 08:00:00,0.6194793673562254,7.470956210902591,601.3,559.5
2025-12-15 08:15:00,0.7628936451186544,7.679914070891503,601.5,558.6
2025-12-15 08:30:00,0.6977327497448204,7.584973166368503,601.4,559.0
2025-12-15 08:45:00,0.7336285692459793,7.637274190663557,601.8,559.1
2025-12-15 09:00:00,0.7676246781893054,7.686807293528775,602.4,559.4
2025-12-15 09:15:00,0.7761152695314716,7.699178277956409,602.9,559.8
2025-12-15 09:30:00,0.6778156136643116,7.555953446732322,600.7,558.5
2025-12-15 09:45:00,0.7194829394378718,7.61666368675129,601.9,559.3
2025-12-15 10:00:00,0.6191255577409425,7.470440702257242,599.9,558.2
2025-12-15 10:15:00,0.6664532884317641,7.539398280802301,600.5,558.4
2025-12-15 10:30:00,0.554927323719392,7.376902417188913,599.7,558.5
2025-12-15 10:45:00,0.5985965160754131,7.440529422285813,600.7,559.1
2025-12-15 11:00:00,0.6099567526984708,7.45708154506437,600.9,559.2
2025-12-15 11:15:00,0.6759592020531762,7.553248612851249,600.9,558.7
2025-12-15 11:30:00,0.7090772868513295,7.601502414594874,601.6,559.1
2025-12-15 11:45:00,0.6884366730095434,7.571428571428562,602.4,560.0
2025-12-15 12:00:00,0.5758638471914883,7.407407407407418,603.2,561.6
2025-12-15 12:15:00,0.5654496609079276,7.392233701460626,602.9,561.4
2025-12-15 12:30:00,0.5031588032101637,7.301474507017236,604.0,562.9
2025-12-15 12:45:00,0.599793554622003,7.442273534635868,604.9,563.0
2025-12-15 13:00:00,0.5379442537078172,7.352157698454986,604.5,563.1
2025-12-15 13:15:00,0.4596828890032309,7.238129112573377,603.0,562.3
2025-12-15 13:30:00,0.47454701164863344,7.259786476868313,602.8,562.0
2025-12-15 13:45:00,0.5120771677327156,7.314468766684468,603.0,561.9
2025-12-15 14:00:00,0.5600330916379096,7.384341637010672,603.5,562.0
2025-12-15 14:15:00,0.4708127086561719,7.254345512593141,604.7,563.8
2025-12-15 14:30:00,0.46446469105414,7.245096306767973,606.9,565.9
2025-12-15 14:45:00,0.6176016533740387,7.468220338983067,608.7,566.4
2025-12-15 15:00:00,0.644565658937467,7.507507507507505,608.6,566.1
2025-12-15 15:15:00,0.5987765935267058,7.440791799222346,607.9,565.8
2025-12-15 15:30:00,0.7798349282566243,7.704597905201505,606.7,563.3
2025-12-15 15:45:00,0.794952012379314,7.726623840114222,603.7,560.4
2025-12-15 16:00:00,0.8325047497233588,7.781339031339018,605.3,561.6
2025-12-15 16:15:00,0.822064670695618,7.766127599075867,606.4,562.7
2025-12-15 16:30:00,0.8249079147706971,7.770270270270285,606.1,562.4
2025-12-15 16:45:00,0.7554667017576845,7.6690928457305185,606.5,563.3
2025-12-15 17:00:00,0.8172268818321258,7.75907883082374,608.3,564.5
2025-12-15 17:15:00,0.7919715653297723,7.722281261069797,608.2,564.6
2025-12-15 17:30:00,0.7854086266226378,7.71271891031311,608.9,565.3
2025-12-15 17:45:00,0.7620803201587673,7.678729037952348,610.0,566.5
2025-12-15 18:00:00,0.6738576021228183,7.550186534020242,605.4,562.9
2025-12-15 18:15:00,0.6510271047162236,7.516921980762392,603.6,561.4
2025-12-15 18:30:00,0.6766208057261652,7.554212584429432,605.1,562.6
2025-12-15 19:00:00,0.7045710388168732,7.594936708860756,603.5,560.9
2025-12-15 19:15:00,0.7976704606603608,7.730584681002317,606.2,562.7
2025-12-15 19:30:00,0.8239598297685943,7.768888888888892,606.2,562.5
2025-12-15 19:45:00,0.8437727815842387,7.797756809684886,605.5,561.7
2025-12-15 20:00:00,0.7685810489605305,7.688200747463969,605.1,561.9
2025-12-15 20:15:00,0.7244878305545286,7.623955926781578,605.6,562.7
2025-12-15 20:30:00,0.7967277206669872,7.72921108742004,606.3,562.8
2025-12-15 20:45:00,0.7676508150071619,7.686845375466023,606.6,563.3
2025-12-15 21:00:00,0.7695246281973437,7.689575563842999,606.4,563.1
2025-12-15 21:15:00,0.7161320778091229,7.611781405251938,606.5,563.6
2025-12-15 21:30:00,0.7704620340321956,7.690941385435157,606.3,563.0
2025-12-15 21:45:00,0.7460808226878889,7.655417406749554,606.1,563.0
2025-12-15 22:00:00,0.7798155061844895,7.7045696068012814,608.1,564.6
2025-12-15 22:15:00,0.8331698526439678,7.782308101400459,608.0,564.1
2025-12-15 22:30:00,0.7695289472762918,7.689581856839123,607.8,564.4
2025-12-15 22:45:00,0.8078938051531528,7.745480326125476,607.9,564.2
2025-12-15 23:00:00,0.7919243072804294,7.722212405018558,609.6,565.9
2025-12-15 23:15:00,0.743411771543216,7.651528538611085,609.2,565.9
2025-12-15 23:30:00,0.8396486324361289,7.791747830706575,608.7,564.7
2025-12-16 06:45:00,0.8396486324361289,7.791747830706575,608.7,564.7
2025-12-16 07:00:00,0.8799268896079503,7.850434166223663,608.6,564.3
2025-12-16 07:15:00,0.6834865436077397,7.564216120460587,607.2,564.5
2025-12-16 07:30:00,0.7311912696033733,7.633722989727243,607.7,564.6
2025-12-16 07:45:00,0.5938600739851221,7.4336283185840735,607.0,565.0
2025-12-16 08:00:00,0.6917768223321097,7.576295244854503,606.3,563.6
2025-12-16 08:15:00,0.7179866047171247,7.614483493077739,606.3,563.4
2025-12-16 08:30:00,0.7667144072973586,7.68548100816473,606.7,563.4
2025-12-16 08:45:00,0.7732719254105356,7.695035460992905,607.4,564.0
2025-12-16 09:00:00,0.7601429072692161,7.675906183368886,606.0,562.8
2025-12-16 09:15:00,0.7526649610246505,7.665010645848103,606.8,563.6
2025-12-16 09:30:00,0.7047255698633794,7.595161864105293,604.9,562.2
2025-12-16 09:45:00,0.7037985209941305,7.59381113284725,605.0,562.3
2025-12-16 10:00:00,0.7920667373230617,7.722419928825608,605.4,562.0
2025-12-16 10:15:00,0.6842055428591027,7.565263718700055,605.7,563.1
2025-12-16 10:30:00,0.8596099008227908,7.820831852115173,606.6,562.6
2025-12-16 10:45:00,0.8225394083160753,7.766819302571326,611.9,567.8
2025-12-16 11:00:00,0.7658041502539208,7.684154742978277,609.6,566.1
2025-12-16 11:15:00,0.7881807123453926,7.716757902172011,610.0,566.3
2025-12-16 11:30:00,0.7211191063115814,7.619047619047636,610.2,567.0
2025-12-16 11:45:00,0.8262973283938639,7.772294677476221,611.5,567.4
2025-12-16 12:00:00,0.7574648706031046,7.672004223121598,611.9,568.3
2025-12-16 12:15:00,0.7964958450891065,7.728873239436607,611.9,568.0
2025-12-16 12:30:00,0.8077264013356402,7.74523641496121,610.7,566.8
2025-12-16 12:45:00,0.7779130422223863,7.701797673598887,611.1,567.4
2025-12-16 13:00:00,0.7360793750765755,7.640845070422531,611.4,568.0
2025-12-16 13:15:00,0.7192752454764686,7.616361071932287,610.4,567.2
2025-12-16 13:30:00,0.7667466176375077,7.6855279393619025,610.9,567.3
2025-12-16 13:45:00,0.7090145013848955,7.601410934744268,610.1,567.0
2025-12-16 14:00:00,0.7518668501157979,7.663847780126853,611.1,567.6
2025-12-16 14:15:00,0.7192752454764686,7.616361071932287,610.4,567.2
2025-12-16 14:30:00,0.721003559437588,7.618879264627876,608.8,565.7
2025-12-16 14:45:00,0.6736145639921813,7.549832421943914,609.7,566.9
2025-12-16 15:00:00,0.6713283310418852,7.54650132860939,607.1,564.5
2025-12-16 15:15:00,0.7527509915985796,7.665135994348282,609.6,566.2
2025-12-16 15:30:00,0.6639985612869989,7.53582168759952,607.9,565.3
2025-12-16 15:45:00,0.6418365085767936,7.503531073446323,608.9,566.4
2025-12-16 16:00:00,0.6910396986707598,7.575221238938035,607.8,565.0
2025-12-16 16:15:00,0.6357649130316684,7.494684620836289,606.7,564.4
2025-12-16 16:30:00,0.6570768514918476,7.525736599219024,605.8,563.4
2025-12-16 16:45:00,0.6738576021228183,7.550186534020242,605.4,562.9
2025-12-16 17:00:00,0.5952612886267752,7.435669920141974,605.4,563.5
2025-12-16 17:15:00,0.6159835609846323,7.465862741620866,606.0,563.9
2025-12-16 17:30:00,0.6288121455291654,7.484554280670785,608.9,566.5
2025-12-16 17:45:00,0.7611501841647241,7.677373808683363,610.1,566.6
2025-12-16 18:00:00,0.7947354783532321,7.726308345120203,609.3,565.6
2025-12-16 18:15:00,0.8368091356992468,7.787610619469021,609.0,565.0
2025-12-16 18:30:00,0.8152398947961895,7.756183745583045,609.9,566.0
2025-12-16 19:00:00,0.8537015195296898,7.812223206377333,608.6,564.5
2025-12-16 19:15:00,0.8013064891343795,7.735882457072063,608.6,564.9
2025-12-16 19:30:00,0.7723335313302927,7.693668199504766,608.9,565.4
2025-12-16 19:45:00,0.8134560925923756,7.753584705257577,608.7,564.9
2025-12-16 20:00:00,0.7657912708107997,7.684135977337125,608.2,564.8
2025-12-16 20:15:00,0.8274947259487362,7.774039312909498,608.6,564.7
2025-12-16 20:30:00,0.7368446004883853,7.641960021227678,608.5,565.3
2025-12-16 20:45:00,0.7517769640993062,7.663716814159294,608.3,565.0
2025-12-16 21:00:00,0.7396295110136091,7.64601769911506,608.2,565.0
2025-12-16 21:15:00,0.7508461824347932,7.66236064413377,608.4,565.1
2025-12-16 21:30:00,0.7134862662622612,7.607926397735309,608.2,565.2
2025-12-16 21:45:00,0.675222657705628,7.552175451008147,608.1,565.4
2025-12-16 22:00:00,0.7311912696033733,7.633722989727243,607.7,564.6
2025-12-16 22:15:00,0.7181095675623081,7.614662652735959,607.7,564.7
2025-12-16 22:30:00,0.6779743615879612,7.556184746062633,607.8,565.1
2025-12-16 22:45:00,0.6621693592416152,7.533156498673743,608.1,565.5
2025-12-16 23:00:00,0.6621693592416152,7.533156498673743,608.1,565.5
2025-12-16 23:15:00,0.6360766070706779,7.49513876613046,608.1,565.7
2025-12-16 23:30:00,0.5821480673017441,7.416563658838071,608.3,566.3
2025-12-17 06:45:00,0.49113161270476346,7.283950617283952,608.3,567.0
2025-12-17 07:00:00,0.6085680406222066,7.455058160028205,609.7,567.4
2025-12-17 07:15:00,0.572279825993587,7.402185407120188,609.4,567.4
2025-12-17 07:30:00,0.5713846101261066,7.400881057268727,609.5,567.5
2025-12-17 07:45:00,0.658773561824988,7.528208744710851,609.9,567.2
2025-12-17 08:00:00,0.7704706159439612,7.690953889475516,611.9,568.2
2025-12-17 08:15:00,0.8206624330941402,7.764084507042268,612.1,568.0
2025-12-17 08:30:00,0.6915905938889333,7.576023905783091,612.0,568.9
2025-12-17 08:45:00,0.7481626690790847,7.65845070422535,611.5,568.0
2025-12-17 09:00:00,0.6578627837915416,7.526881720430123,610.0,567.3
2025-12-17 09:15:00,0.6596846610638842,7.529536236995216,609.8,567.1
2025-12-17 09:30:00,0.6466732250946858,7.510578279266555,609.8,567.2
2025-12-17 09:45:00,0.7005844323696044,7.589128132721501,609.6,566.6
2025-12-17 10:00:00,0.6807289886684978,7.560198300283294,607.5,564.8
2025-12-17 10:15:00,0.6853265424614146,7.566897040581266,607.0,564.3
2025-12-17 10:30:00,0.695818813299416,7.58218451749737,608.7,565.8
2025-12-17 10:45:00,0.7685940315687071,7.688219663418949,607.9,564.5
2025-12-17 11:00:00,0.7415564519906214,7.64882529588411,609.4,566.1
2025-12-17 11:15:00,0.7079490907709838,7.599858607281718,608.8,565.8
2025-12-17 11:30:00,0.6576020097882185,7.526501766784466,608.6,566.0
2025-12-17 11:45:00,0.6321219703014677,7.489376770538247,607.1,564.8
2025-12-17 12:00:00,0.7807955194951861,7.705997508453466,605.2,561.9
2025-12-17 12:15:00,0.7095090056714136,7.602131438721127,605.8,563.0
2025-12-17 12:30:00,0.7732762506250733,7.695041762928723,606.0,562.7
2025-12-17 12:45:00,0.8164913316057228,7.758007117437726,605.6,562.0
2025-12-17 13:00:00,0.7189143620092976,7.615835256524073,606.2,563.3
2025-12-17 13:15:00,0.7366849355721647,7.641727385818364,605.7,562.7
2025-12-17 13:30:00,0.8445564010354881,7.798898561023271,606.8,562.9
2025-12-17 13:45:00,0.8936097265166606,7.87037037037035,605.8,561.6
2025-12-17 14:00:00,0.8468073072266649,7.802178182467401,603.8,560.1
2025-12-17 14:15:00,0.7572709504636689,7.671721677074039,603.5,560.5
2025-12-17 14:30:00,0.7619721479390903,7.678571428571423,603.0,560.0
2025-12-17 14:45:00,0.7600906619091244,7.675830060692612,603.2,560.2
2025-12-17 15:00:00,0.7572709504636689,7.671721677074039,603.5,560.5
2025-12-17 15:15:00,0.6904811453119862,7.5744074140081885,603.6,561.1
2025-12-17 15:30:00,0.678959526457965,7.557620153653732,602.0,559.7
2025-12-17 15:45:00,0.6893647864039112,7.572780853723882,602.3,559.9
2025-12-17 16:00:00,0.7477843229616473,7.657899445339078,601.7,558.9
2025-12-17 16:15:00,0.734566261337447,7.638640429338106,601.7,559.0
2025-12-17 16:30:00,0.7090772868513295,7.601502414594874,601.6,559.1
2025-12-17 16:45:00,0.7581798516406291,7.673045966732239,602.0,559.1
2025-12-17 17:00:00,0.8415651428341173,7.794540229885083,600.2,556.8
2025-12-17 17:15:00,0.878794932143103,7.848784878487858,599.1,555.5
2025-12-17 17:30:00,0.71911838119046,7.616132517104801,597.7,555.4
2025-12-17 17:45:00,0.6427936616436504,7.504925667204021,600.2,558.3
2025-12-17 18:00:00,0.710803273705473,7.604017216642744,600.0,557.6
2025-12-17 18:15:00,0.7176142877269029,7.613941018766757,602.1,559.5
2025-12-17 18:30:00,0.7657522742726068,7.684079158495272,604.0,560.9
2025-12-17 19:00:00,0.6877031520626266,7.57035981474885,603.9,561.4
2025-12-17 19:15:00,0.7723421988484592,7.693680828275595,603.3,560.2
2025-12-17 19:30:00,0.8583046288138738,7.818930041152261,602.6,558.9
2025-12-17 19:45:00,0.8876918233200733,7.861747851002865,602.3,558.4
2025-12-17 20:00:00,0.8498592195872144,7.806624888093117,602.1,558.5
2025-12-17 20:15:00,0.7921146543084535,7.722489744961636,604.0,560.7
2025-12-17 20:30:00,0.8542740789512637,7.813057438458792,604.4,560.6
2025-12-17 20:45:00,0.9167929022614203,7.904148783977094,603.4,559.2
2025-12-17 21:00:00,0.8525498032365902,7.810545129579993,603.2,559.5
2025-12-17 21:15:00,0.8119458007533242,7.751384175745657,603.3,559.9
2025-12-17 21:30:00,0.8213483466058745,7.765083898607639,603.7,560.2
2025-12-17 21:45:00,0.8619373076771983,7.824222936763148,603.6,559.8
2025-12-17 22:00:00,0.813846824881524,7.754154011077352,603.1,559.7
2025-12-17 22:15:00,0.8394853612581654,7.791509940891994,601.8,558.3
2025-12-17 22:30:00,0.8251564341861617,7.770632368703101,603.3,559.8
2025-12-17 22:45:00,0.9643780705412621,7.973481454936393,602.6,558.1
2025-12-17 23:00:00,0.9054875460085278,7.887676623144335,603.2,559.1
2025-12-17 23:15:00,0.8374167253498457,7.788495891389791,603.4,559.8
2025-12-17 23:30:00,0.9222687136678173,7.912127165565286,604.2,559.9
2025-12-18 06:45:00,0.5641226599646886,7.390300230946889,604.5,562.9
2025-12-18 07:00:00,0.7798740425848549,7.704654895666119,603.9,560.7
2025-12-18 07:15:00,0.7958984736026562,7.728002855613081,603.6,560.3
2025-12-18 07:30:00,0.8231316185957976,7.7676821663994255,604.9,561.3
2025-12-18 07:45:00,0.8053028981205579,7.741705315733149,604.0,560.6
2025-12-18 08:00:00,0.8194463414065138,7.7623126338329795,603.9,560.4
2025-12-18 08:15:00,0.8184958478180278,7.760927743086521,604.0,560.5
2025-12-18 08:30:00,0.7290435329991727,7.630593688714571,603.7,560.9
2025-12-18 08:45:00,0.7685745124975254,7.688191223688912,603.7,560.6
2025-12-18 09:00:00,0.8082332845226695,7.745974955277268,602.3,559.0
2025-12-18 09:15:00,0.7931104487540762,7.723940640085836,602.5,559.3
2025-12-18 09:30:00,0.785571578571454,7.712956335003573,601.9,558.8
2025-12-18 09:45:00,0.74872488390383,7.659269863994278,601.6,558.8
2025-12-18 10:00:00,0.8725100806907061,7.839627707177366,602.5,558.7
2025-12-18 10:15:00,0.7884150746147394,7.71709937332139,601.6,558.5
2025-12-18 10:30:00,0.8602256507758548,7.821729013781975,602.4,558.7
2025-12-18 10:45:00,0.8763650549358889,7.845244492208492,602.1,558.3
2025-12-18 11:00:00,0.7467293523929508,7.656362329259525,599.0,556.4
2025-12-18 11:15:00,0.7410688860650531,7.648114901256742,599.6,557.0
2025-12-18 11:30:00,0.7041031176983056,7.594254937163369,599.3,557.0
2025-12-18 11:45:00,0.7087861126126945,7.601078167115904,598.8,556.5
2025-12-18 12:00:00,0.651110449399816,7.517043415859348,599.3,557.4
2025-12-18 12:15:00,0.6387973690384546,7.499102978112671,599.2,557.4
2025-12-18 12:30:00,0.6292492614884388,7.485191168551419,598.8,557.1
2025-12-18 12:45:00,0.5882034929905176,7.425386551600144,597.5,556.2
2025-12-18 13:00:00,0.6353946910931623,7.49414519906324,596.7,555.1
2025-12-18 13:15:00,0.6536138284585444,7.520690896005777,597.6,555.8
2025-12-18 13:30:00,0.5644361946352766,7.390757058083075,597.2,556.1
2025-12-18 13:45:00,0.5544222731379387,7.3761665470208015,598.3,557.2
2025-12-18 14:00:00,0.48185279864497277,7.270431174454273,594.6,554.3
2025-12-18 14:15:00,0.5721924739694514,7.402058133237044,594.9,553.9
2025-12-18 14:30:00,0.48568727908616566,7.276018099547521,592.7,552.5
2025-12-18 14:45:00,0.5193143906431076,7.325013564839944,593.4,552.9
2025-12-18 15:00:00,0.5331995385435796,7.345244540696605,594.8,554.1
2025-12-18 15:15:00,0.5474107047207781,7.365950532587129,594.7,553.9
2025-12-18 15:30:00,0.5708047486966976,7.400036185996006,593.6,552.7
2025-12-18 15:45:00,0.5523782821978815,7.373188405797104,592.7,552.0
2025-12-18 16:00:00,0.6126906061136285,7.461064831582753,593.4,552.2
2025-12-18 16:15:00,0.5399447477895051,7.35507246376812,592.6,552.0
2025-12-18 16:30:00,0.5053688397066105,7.304694580387894,592.0,551.7
2025-12-18 16:45:00,0.4174527474697715,7.176598837209314,589.9,550.4
2025-12-18 17:00:00,0.29974406559448435,7.005094614264928,588.1,549.6
2025-12-18 17:15:00,0.3397146921244654,7.063332724949811,586.6,547.9
2025-12-18 17:30:00,0.3925042820586162,7.140248356464585,586.7,547.6
2025-12-18 17:45:00,0.3466815527029236,7.07348359904707,584.3,545.7
2025-12-18 18:00:00,0.4948561065283521,7.289377289377286,585.8,546.0
2025-12-18 18:15:00,0.5325666064922211,7.34432234432234,586.1,546.0
2025-12-18 18:30:00,0.5052406600295972,7.3045078196872115,583.2,543.5
2025-12-18 19:00:00,0.4113699217626325,7.167736021998161,584.6,545.5
2025-12-18 19:15:00,0.37367776928844315,7.112817699762286,585.8,546.9
2025-12-18 19:30:00,0.30675254123239076,7.015306122448983,587.3,548.8
2025-12-18 19:45:00,0.4023475721520656,7.154590253695936,587.1,547.9
2025-12-18 20:00:00,0.42929243662961425,7.193849533223506,585.6,546.3
2025-12-18 20:15:00,0.3173036502825975,7.03067932797663,586.1,547.6
2025-12-18 20:30:00,0.43992730016861353,7.209344770943593,587.4,547.9
2025-12-18 20:45:00,0.38446323000087645,7.128532360984496,587.6,548.5
2025-12-18 21:00:00,0.31837911932877005,7.032246310803436,587.5,548.9
2025-12-18 21:15:00,0.31837911932877005,7.032246310803436,587.5,548.9
2025-12-18 21:30:00,0.27650952040095,6.971241354204594,587.7,549.4
2025-12-18 21:45:00,0.3032457511644685,7.01019664967224,587.7,549.2
2025-12-18 22:00:00,0.33897139693375183,7.06224972697489,588.2,549.4
2025-12-18 22:15:00,0.3880497223419386,7.133757961783438,588.7,549.5
2025-12-18 22:30:00,0.3889408981599903,7.135056425191122,588.6,549.4
2025-12-18 22:45:00,0.4210349459930203,7.181818181818178,589.5,550.0
2025-12-18 23:00:00,0.4201389079693933,7.180512634066538,589.6,550.1
2025-12-18 23:15:00,0.40143327346655366,7.153258099745186,588.7,549.4
2025-12-18 23:30:00,0.31857225382912535,7.032527712157011,589.0,550.3
2025-12-19 06:45:00,0.30522564183601353,7.013081395348841,589.0,550.4
2025-12-19 07:00:00,0.28638388290904326,6.985628524649812,588.1,549.7
2025-12-19 07:15:00,0.30260354494268027,7.0092609406210205,589.3,550.7
2025-12-19 07:30:00,0.32840755758986373,7.046857973120213,589.4,550.6
2025-12-19 07:45:00,0.3008570669005938,7.006716282446912,589.5,550.9
2025-12-19 08:00:00,0.28839870604847834,6.988564167725531,589.4,550.9
2025-12-19 08:15:00,0.2964964146618228,7.000362713093944,590.0,551.4
2025-12-19 08:30:00,0.2921436635867389,6.994020655915922,590.5,551.9
2025-12-19 08:45:00,0.3329596536765116,7.053490480507696,590.4,551.5
2025-12-19 09:00:00,0.26175033774425616,6.94973688985665,589.4,551.1
2025-12-19 09:15:00,0.2518876565069765,6.935366739288318,589.0,550.8
2025-12-19 09:30:00,0.23466639066573075,6.910274963820551,591.0,552.8
2025-12-19 09:45:00,0.3248965029404395,7.041742286751362,589.8,551.0
2025-12-19 10:00:00,0.35256118249636514,7.082050353196889,591.2,552.1
2025-12-19 10:15:00,0.42723239900884585,7.190848011621553,590.3,550.7
2025-12-19 10:30:00,0.5090063793849866,7.309994558316712,591.6,551.3
2025-12-19 10:45:00,0.6459489168920935,7.509522945764568,592.7,551.3
2025-12-19 11:00:00,0.5193143906431076,7.325013564839944,593.4,552.9
2025-12-19 11:15:00,0.4536583110982142,7.229351165732867,593.3,553.3
2025-12-19 11:30:00,0.3367656661069187,7.059035927062651,593.0,553.9
2025-12-19 11:45:00,0.43846022369950044,7.2072072072072,595.0,555.0
2025-12-19 12:00:00,0.31153214585630695,7.0222701149425415,595.9,556.8
2025-12-19 12:15:00,0.4515756873116382,7.226316735574345,596.5,556.3
2025-12-19 12:30:00,0.3660898686078529,7.101761956130881,595.7,556.2
2025-12-19 12:45:00,0.3466475973110998,7.073434125269973,594.9,555.6
2025-12-19 13:00:00,0.28919993732648497,6.989731579895508,593.9,555.1
2025-12-19 13:15:00,0.28574555737376206,6.984698469846973,594.3,555.5
2025-12-19 13:30:00,0.45184271160746897,7.226705796038146,584.6,545.2
2025-12-19 13:45:00,0.4229740566276871,7.184643510054833,586.3,547.0
2025-12-19 14:00:00,0.46952288063617337,7.252466203872854,587.1,547.4
2025-12-19 14:15:00,0.3853553768739761,7.12983223924144,587.5,548.4
2025-12-19 14:30:00,0.33897139693375183,7.06224972697489,588.2,549.4
2025-12-19 14:45:00,0.298239726213579,7.002902757619722,589.8,551.2
2025-12-19 15:00:00,0.23776970958437837,6.914796569968984,586.0,548.1
2025-12-19 15:15:00,0.1583807450813824,6.799125045570542,585.9,548.6
2025-12-19 15:30:00,0.09086192074293555,6.700748584991767,584.4,547.7
2025-12-19 15:45:00,0.0557682902397595,6.649616368286448,583.8,547.4
2025-12-19 16:00:00,0.2511600289029598,6.934306569343063,586.0,548.0
2025-12-19 16:15:00,0.25325805274186086,6.937363437727595,587.3,549.2
2025-12-19 16:30:00,0.25499259856145606,6.939890710382524,587.1,549.0
2025-12-19 16:45:00,0.30499850743885004,7.012750455373396,587.5,549.0
2025-12-19 17:00:00,0.18060194016277697,6.831501831501829,583.3,546.0
2025-12-19 17:15:00,0.13014907948052612,6.757990867579911,584.5,547.5
2025-12-19 17:30:00,0.18596884881470452,6.839321539303311,585.8,548.3
2025-12-19 17:45:00,0.11002196721799337,6.728665207877449,585.3,548.4
2025-12-19 18:00:00,0.27620860917094153,6.970802919708041,586.2,548.0
2025-12-19 18:15:00,0.22135446181384627,6.890879181136889,584.8,547.1
2025-12-19 18:30:00,0.24731344619270038,6.928702010968912,584.9,547.0
2025-12-19 19:00:00,0.2541251677072247,6.938626843926432,587.2,549.1
2025-12-19 19:15:00,0.33529475693652333,7.05689277899344,587.1,548.4
2025-12-19 19:30:00,0.24855603642571528,6.930512493160679,586.3,548.3
2025-12-19 19:45:00,0.3486955366033538,7.076418019332498,587.1,548.3
2025-12-19 20:00:00,0.36210120528135287,7.0959503830718695,587.1,548.2
2025-12-19 20:15:00,0.4023475721520656,7.154590253695936,587.1,547.9
2025-12-19 20:30:00,0.3898323984549488,7.136355361369029,588.5,549.3
2025-12-19 20:45:00,0.3666179721887698,7.102531415042801,588.1,549.1
2025-12-19 21:00:00,0.32823960037576533,7.046613255644552,587.9,549.2
2025-12-19 21:15:00,0.35589038363969117,7.086901074877017,587.8,548.9
2025-12-19 21:30:00,0.3102644469677893,7.020423048869429,586.9,548.4
2025-12-19 21:45:00,0.3227796019521563,7.038657913931434,587.0,548.4
2025-12-19 22:00:00,0.37640293024282273,7.116788321167888,587.0,548.0
2025-12-19 22:15:00,0.46152413417046173,7.240811848601214,586.5,546.9
2025-12-19 22:30:00,0.48206089852698436,7.270734380708821,587.2,547.4
2025-12-19 22:45:00,0.46861373121104255,7.251141552511431,587.2,547.5
2025-12-19 23:00:00,0.4435422755272881,7.214611872146115,587.0,547.5
2025-12-19 23:15:00,0.4955129798452294,7.290334368719176,587.2,547.3
2025-12-19 23:30:00,0.31906666594656274,7.033248081841426,585.9,547.4
2025-12-20 09:45:00,-0.014904268869758935,6.546644844517191,585.9,549.9
2025-12-20 10:00:00,0.33000146187756135,7.049180327868854,587.7,549.0
2025-12-20 10:15:00,0.3442706406862491,7.069970845481066,587.6,548.8
2025-12-20 10:30:00,0.2605452736014061,6.947981084030563,588.0,549.8
2025-12-20 10:45:00,0.26401714509438656,6.95303967965053,587.6,549.4
2025-12-20 11:00:00,0.27999555300015333,6.97632058287796,587.3,549.0
2025-12-20 11:15:00,0.31837911932877005,7.032246310803436,587.5,548.9
2025-12-20 11:30:00,0.30412196969902594,7.0114733199781565,587.6,549.1
2025-12-20 11:45:00,0.39518822417441674,7.144158921086197,587.9,548.7
2025-12-20 12:00:00,0.4524538761741397,7.227596276692827,587.5,547.9
2025-12-20 12:15:00,0.3692187375097612,7.106320789185228,586.3,547.4
2025-12-20 12:30:00,0.30213496410790225,7.008578207702132,586.3,547.9
2025-12-20 12:45:00,0.2995026008174302,7.004742794600505,586.6,548.2
2025-12-20 13:00:00,0.4480684295469797,7.221206581352835,586.5,547.0
2025-12-20 13:15:00,0.45879957586113457,7.236842105263141,586.8,547.2
2025-12-20 13:30:00,0.24905279647370177,6.931236283833231,584.7,546.8
2025-12-20 13:45:00,0.3001392356094811,7.005670385952056,585.0,546.7
2025-12-20 14:00:00,0.18629391760186612,6.839795171909313,584.2,546.8
2025-12-20 14:15:00,0.1979850395244358,6.856829402084474,584.4,546.9
2025-12-20 14:30:00,0.13014907948052612,6.757990867579911,584.5,547.5
2025-12-20 14:45:00,0.06579962023747239,6.664232243929158,584.2,547.7
2025-12-20 15:00:00,0.17943582535989908,6.829802775748717,585.0,547.6
2025-12-20 15:15:00,0.1777244321334194,6.8273092369478094,585.2,547.8
2025-12-20 15:30:00,0.21703614124790083,6.884587289992683,585.3,547.6
2025-12-20 15:45:00,0.2295695798772398,6.902848794740679,585.4,547.6
2025-12-20 16:00:00,0.27153403405603294,6.963991957594584,585.2,547.1
2025-12-20 16:15:00,0.28320316886562835,6.98099415204676,585.4,547.2
2025-12-20 16:30:00,0.30740834819647767,7.016261648090638,585.7,547.3
2025-12-20 16:45:00,0.3298370889119365,7.048940832724626,586.2,547.6
2025-12-20 17:00:00,0.3862272499858744,7.131102578167847,585.9,546.9
2025-12-20 17:15:00,0.30652864805576696,7.014979905005481,585.8,547.4
2025-12-20 17:30:00,0.30652864805576696,7.014979905005481,585.8,547.4
2025-12-20 17:45:00,0.2931135414248378,6.995433789954331,585.8,547.5
2025-12-20 18:00:00,0.32895377554494987,7.047653825086719,586.3,547.7
2025-12-20 18:15:00,0.21358715850101004,6.879562043795628,585.7,548.0
2025-12-20 18:30:00,0.36112828859102714,7.094532821356747,585.7,546.9
2025-12-20 18:45:00,0.17686920405270184,6.826063150209882,585.3,547.9
2025-12-21 09:45:00,0.5242715376576027,7.332236240628998,587.0,546.9
2025-12-21 10:00:00,0.27882917453399303,6.974621142961457,585.9,547.7
2025-12-21 10:15:00,0.2511600289029598,6.934306569343063,586.0,548.0
2025-12-21 10:30:00,0.31818499710857695,7.031963470319624,586.0,547.5
2025-12-21 10:45:00,0.3047702116532585,7.012417823228634,586.0,547.6
2025-12-21 11:00:00,0.2412357237757907,6.919846631367532,585.6,547.7
2025-12-21 11:15:00,0.2153110202682661,6.882073749543638,585.5,547.8
2025-12-21 11:30:00,0.2537668740285299,6.938104801898848,585.7,547.7
2025-12-21 11:45:00,0.2412357237757907,6.919846631367532,585.6,547.7
2025-12-21 12:00:00,0.344014106672876,7.069597069597067,584.6,546.0
2025-12-21 12:15:00,0.2741563480224269,6.967812728602785,584.9,546.8
2025-12-21 12:30:00,0.3010188933953636,7.006952067325267,584.9,546.6
2025-12-21 12:45:00,0.25986063265234666,6.946983546617913,585.0,547.0
2025-12-21 13:00:00,0.31357526184290235,7.025246981339173,585.0,546.6
2025-12-21 13:15:00,0.2589891409954901,6.945713763480166,585.1,547.1
2025-12-21 13:30:00,0.24644424793494724,6.9274355693657474,585.0,547.1
2025-12-21 13:45:00,0.3126933073004014,7.023961953539404,585.1,546.7
2025-12-21 14:00:00,0.20708587798380293,6.870089530422074,584.9,547.3
2025-12-21 14:15:00,0.1267629000306278,6.753057127212991,584.9,547.9
2025-12-21 14:30:00,0.16519556942179875,6.809054399415859,585.1,547.8
2025-12-21 14:45:00,0.17857997251210994,6.828555778710976,585.1,547.7
2025-12-21 15:00:00,0.19540496536789023,6.853070175438591,584.7,547.2
2025-12-21 15:15:00,0.21703614124790083,6.884587289992683,585.3,547.6
2025-12-21 15:30:00,0.2823277306433128,6.979718618673503,585.5,547.3
2025-12-21 15:45:00,0.2823277306433128,6.979718618673503,585.5,547.3
2025-12-21 16:00:00,0.2948680394198952,6.99799013338207,585.6,547.3
2025-12-21 16:15:00,0.29136032478673224,6.9928793134927725,586.0,547.7
2025-12-21 16:30:00,0.27882917453399303,6.974621142961457,585.9,547.7
2025-12-21 16:45:00,0.1854355588270052,6.838544523678913,584.3,546.9
2025-12-21 17:00:00,0.24297063005735944,6.922374429223743,585.4,547.5
2025-12-21 17:15:00,0.31004937849091646,7.020109689213894,585.4,547.0
2025-12-21 17:30:00,0.27503109222765576,6.969087250777384,584.8,546.7
2025-12-21 17:45:00,0.18200526043065332,6.833546501004961,584.7,547.3
2025-12-21 18:00:00,0.22135446181384627,6.890879181136889,584.8,547.1
2025-12-21 18:15:00,0.12845537150115313,6.755523096585714,584.7,547.7
2025-12-21 18:30:00,0.2036422730175731,6.865072119773585,585.3,547.7
2025-12-21 18:45:00,0.3030130592495954,7.009857612267267,586.2,547.8
2025-12-22 06:45:00,0.2904841965379747,6.991602774735317,586.1,547.8
2025-12-22 07:00:00,0.3629897605499701,7.0972450282795085,587.0,548.1
2025-12-22 07:15:00,0.2153110202682661,6.882073749543638,585.5,547.8
2025-12-22 07:30:00,0.2834866691321291,6.981407218374036,586.9,548.6
2025-12-22 07:45:00,0.18425725754000596,6.836827711941651,586.0,548.5
2025-12-22 08:00:00,0.2834866691321291,6.981407218374036,586.9,548.6
2025-12-22 08:15:00,0.14078573129098226,6.773488710852127,586.4,549.2
2025-12-22 08:30:00,0.13335956027123608,6.762668611009848,585.7,548.6
2025-12-22 08:45:00,0.1358990987258929,6.766368776217413,585.4,548.3
2025-12-22 09:00:00,0.18973049457081292,6.844802342606138,583.8,546.4
2025-12-22 09:15:00,0.10771708710818112,6.725306945207987,582.4,545.7
2025-12-22 09:30:00,0.13032127354428497,6.758241758241756,582.9,546.0
2025-12-22 09:45:00,0.15888061845827942,6.799853372434028,582.7,545.6
2025-12-22 10:00:00,0.25443344911099774,6.939076016933554,581.0,543.3
2025-12-22 10:15:00,0.2867590250072958,6.98617511520736,580.4,542.5
2025-12-22 10:30:00,0.18987881592264955,6.845018450184504,579.1,542.0
2025-12-22 10:45:00,0.13408815356278758,6.763730187983774,579.3,542.6
2025-12-22 11:00:00,0.24005293075285983,6.918123275068999,581.1,543.5
2025-12-22 11:15:00,0.24792854969405106,6.929598230740885,580.2,542.6
2025-12-22 11:30:00,0.13494385095922154,6.764976958525359,579.2,542.5
2025-12-22 11:45:00,0.10038799899263169,6.714628297362113,578.5,542.1
2025-12-22 12:00:00,0.12844377502673981,6.755506200259109,576.8,540.3
2025-12-22 12:15:00,0.08608395627899114,6.69378698224854,577.0,540.8
2025-12-22 12:30:00,0.3401847843807355,7.064017660044142,582.0,543.6
2025-12-22 12:45:00,0.35818158732229405,7.090239410681409,581.5,543.0
2025-12-22 13:00:00,0.2596987931365477,6.946747742767623,580.4,542.7
2025-12-22 13:15:00,0.2679451600103636,6.958762886597936,581.0,543.2
2025-12-22 13:30:00,0.20785539169525405,6.871210729377197,581.7,544.3
2025-12-22 13:45:00,0.2139281435892646,6.880058866813821,581.0,543.6
2025-12-22 14:00:00,0.14330813080624513,6.777163904235728,579.8,543.0
2025-12-22 14:15:00,0.150171101448542,6.787163408336405,579.0,542.2
2025-12-22 14:30:00,0.13751283698260774,6.76872002950939,578.9,542.2
2025-12-22 14:45:00,0.13751283698260774,6.76872002950939,578.9,542.2
2025-12-22 15:00:00,0.12017033272176963,6.743451606910655,574.6,538.3
2025-12-22 15:15:00,0.1234559211222344,6.748238783833882,575.8,539.4
2025-12-22 15:30:00,0.29956308256086855,7.004830917874383,575.9,538.2
2025-12-22 15:45:00,0.26076732205743497,6.948304613674261,577.2,539.7
2025-12-22 16:00:00,0.3286625160095225,7.047229453328385,575.7,537.8
2025-12-22 16:15:00,0.37057659504837737,7.1082992184592575,575.6,537.4
2025-12-22 16:30:00,0.47016579596715585,7.253402946112275,575.2,536.3
2025-12-22 16:45:00,0.5416861391632221,7.357609710550883,574.9,535.5
2025-12-22 17:00:00,0.5204687361612781,7.326695472477929,571.3,532.3
2025-12-22 17:15:00,0.5305227153313428,7.341344348479173,571.7,532.6
2025-12-22 17:30:00,0.6035926581764061,7.447808914801568,571.3,531.7
2025-12-22 17:45:00,0.6600856465306922,7.530120481927716,571.2,531.2
2025-12-22 18:00:00,0.6523139835704823,7.518796992481214,572.0,532.0
2025-12-22 18:15:00,0.6700816281541364,7.544684854186268,571.6,531.5
2025-12-22 18:30:00,0.6615962935523957,7.532321528948827,573.9,533.7
2025-12-22 19:00:00,0.5492414133149708,7.368617916588738,574.1,534.7
2025-12-22 19:15:00,0.6637965138708606,7.535527299925215,575.1,534.8
2025-12-22 19:30:00,0.6756606460821717,7.552813610020559,575.3,534.9
2025-12-22 19:45:00,0.6390921276481812,7.499532448101731,574.8,534.7
2025-12-22 20:00:00,0.7052211967539999,7.595884003741826,575.1,534.5
2025-12-22 20:15:00,0.7625001231914432,7.67934070050571,574.9,533.9
2025-12-22 20:30:00,0.6902380669710697,7.5740532433445695,573.8,533.4
2025-12-22 20:45:00,0.6902380669710697,7.5740532433445695,573.8,533.4
2025-12-22 21:00:00,0.6487364265982565,7.513584410717611,573.8,533.7
2025-12-22 21:15:00,0.6516367677954644,7.517810273715786,573.5,533.4
2025-12-22 21:30:00,0.6201340595918431,7.471910112359548,573.9,534.0
2025-12-22 21:45:00,0.6091979971394261,7.455976020981647,573.6,533.8
2025-12-22 22:00:00,0.5825294284771928,7.417119310732345,573.5,533.9
2025-12-22 22:15:00,0.6053662725275526,7.450393111194309,574.0,534.2
2025-12-22 22:30:00,0.6291386054016993,7.4850299401197695,574.4,534.4
2025-12-22 22:45:00,0.603452561264633,7.447604790419171,574.2,534.4
2025-12-22 23:00:00,0.6024962426896421,7.446211412535075,574.3,534.5
2025-12-22 23:15:00,0.627216716577378,7.482229704451937,574.6,534.6
2025-12-22 23:30:00,0.6637965138708606,7.535527299925215,575.1,534.8
2025-12-23 06:45:00,0.5298102793251549,7.340306313036993,574.7,535.4
2025-12-23 07:00:00,0.5303954597642869,7.341158934227687,576.1,536.7
2025-12-23 07:15:00,0.5943353795837769,7.434320849636666,576.6,536.7
2025-12-23 07:30:00,0.6659877017490998,7.5387199104310465,576.3,535.9
2025-12-23 07:45:00,0.6778270771241931,7.555970149253732,576.5,536.0
2025-12-23 08:00:00,0.5753895996104096,7.406716417910464,575.7,536.0
2025-12-23 08:15:00,0.6285249783674441,7.484135871593889,575.9,535.8
2025-12-23 08:30:00,0.6166719795371481,7.466865783087551,575.7,535.7
2025-12-23 08:45:00,0.5958120189876746,7.436472346786238,575.0,535.2
2025-12-23 09:00:00,0.5038088402035216,7.302421625680489,571.6,532.7
2025-12-23 09:15:00,0.5191957922799879,7.32484076433122,572.9,533.8
2025-12-23 09:30:00,0.5025836294212404,7.300636465743171,573.2,534.2
2025-12-23 09:45:00,0.5248528808181891,7.333083270817697,572.3,533.2
2025-12-23 10:00:00,0.6390921276481812,7.499532448101731,574.8,534.7
2025-12-23 10:15:00,0.6185859822267982,7.469654528478054,575.5,535.5
2025-12-23 10:30:00,0.6086358437138117,7.455156950672648,575.1,535.2
2025-12-23 10:45:00,0.6005846786482317,7.443426220310445,574.5,534.7
2025-12-23 11:00:00,0.5288694986526261,7.338935574229688,574.8,535.5
2025-12-23 11:15:00,0.5210800748940336,7.327586206896552,572.7,533.6
2025-12-23 11:30:00,0.517312921113584,7.322097378277159,573.1,534.0
2025-12-23 11:45:00,0.5477521217853838,7.366447985004676,572.8,533.5
2025-12-23 12:00:00,0.5510082086432909,7.371192177510344,571.0,531.8
2025-12-23 12:15:00,0.5409506593220788,7.356538099717791,570.6,531.5
2025-12-23 12:30:00,0.6661875489285941,7.539011092310588,572.0,531.9
2025-12-23 12:45:00,0.6442554343877157,7.507055503292559,571.4,531.5
2025-12-23 13:00:00,0.6178404092190575,7.468568211671989,572.7,532.9
2025-12-23 13:15:00,0.7179317722310847,7.614403600900199,573.8,533.2
2025-12-23 13:30:00,0.7327695046743908,7.6360225140712945,573.7,533.0
2025-12-23 13:45:00,0.7386757853581183,7.644628099173567,573.1,532.4
2025-12-23 14:00:00,0.7455832937371769,7.654692495768267,572.4,531.7
2025-12-23 14:15:00,0.7326750541407515,7.635884897498579,572.3,531.7
2025-12-23 14:30:00,0.7308036983252899,7.633158289572384,573.9,533.2
2025-12-23 14:45:00,0.8099360502654124,7.74845592363842,575.7,534.3
2025-12-23 15:00:00,0.7911397990842811,7.72106935875867,576.2,534.9
2025-12-23 15:15:00,0.7180618160120465,7.614593077642673,575.2,534.5
2025-12-23 15:30:00,0.831776163948335,7.780277465316843,574.9,533.4
2025-12-23 15:45:00,0.830775255534849,7.778819119025315,575.0,533.5
2025-12-23 16:00:00,0.8713859850975443,7.837989874367168,575.1,533.3
2025-12-23 16:15:00,0.8199079352687536,7.762985186574189,574.7,533.3
2025-12-23 16:30:00,0.7061967378128982,7.597305389221565,575.0,534.4
2025-12-23 16:45:00,0.867121004614054,7.831775700934584,576.9,535.0
2025-12-23 17:00:00,1.00571332888533,8.033707865168527,576.9,534.0
2025-12-23 17:15:00,0.9856591686477115,8.004488498223283,577.5,534.7
2025-12-23 17:30:00,0.9712597689904452,7.983508245877058,576.2,533.6
2025-12-23 17:45:00,0.969206816577194,7.98051704758338,576.4,533.8
2025-12-23 18:00:00,1.0543517595870617,8.104575163398685,578.9,535.5
2025-12-23 18:15:00,1.0637161063574319,8.118219229330336,578.0,534.6
2025-12-23 18:30:00,1.1194858596342792,8.199477026522217,579.3,535.4
2025-12-23 19:00:00,1.0142809591380426,8.04619109703857,580.1,536.9
2025-12-23 19:15:00,0.9170674759970536,7.904548844146153,578.8,536.4
2025-12-23 19:30:00,0.952838413025185,7.9566679118416195,578.0,535.4
2025-12-23 19:45:00,0.945112003087058,7.945410357076099,577.4,534.9
2025-12-23 20:00:00,0.9235117241407163,7.913938260056108,576.8,534.5
2025-12-23 20:15:00,0.8809569180858946,7.851934941110494,576.9,534.9
2025-12-23 20:30:00,0.8978304856246383,7.876520112254437,576.6,534.5
2025-12-23 20:45:00,0.8849898663665917,7.85781103835359,576.5,534.5
2025-12-23 21:00:00,0.8867280009749071,7.860343539955195,577.7,535.6
2025-12-23 21:15:00,0.846285872149108,7.801418439716334,577.6,535.8
2025-12-23 21:30:00,0.8600972341107171,7.821541907784213,577.6,535.7
2025-12-23 21:45:00,0.8156988871893247,7.756852507924683,577.9,536.3
2025-12-23 22:00:00,0.8590953364891996,7.820082120194116,577.7,535.8
2025-12-23 22:15:00,0.8560918862605883,7.815706024995328,578.0,536.1
2025-12-23 22:30:00,0.8442879780840987,7.798507462686555,577.8,536.0
2025-12-23 22:45:00,0.9559000325178167,7.961128760979252,577.7,535.1
2025-12-23 23:00:00,0.9512357338283218,7.954332771851025,576.8,534.3
2025-12-23 23:15:00,1.0129506221267284,8.044252765797877,576.2,533.3
2025-12-23 23:30:00,0.9126994564929829,7.898184540520314,576.5,534.3
2025-12-24 06:45:00,0.952838413025185,7.9566679118416195,578.0,535.4
2025-12-24 07:00:00,0.9241565116300717,7.9148777300728,578.1,535.7
2025-12-24 07:15:00,0.9093221090546951,7.893263668594908,578.2,535.9
2025-12-24 07:30:00,0.9201033672662271,7.908972206677856,578.5,536.1
2025-12-24 07:45:00,1.0092670880882055,8.038885773041681,577.9,534.9
2025-12-24 08:00:00,0.8698973474625599,7.835820895522394,578.0,536.0
2025-12-24 08:15:00,0.8955067168410057,7.873134328358211,578.2,536.0
2025-12-24 08:30:00,0.9625920781416815,7.970879223445948,578.4,535.7
2025-12-24 08:45:00,0.9261853544811023,7.917833800186735,577.9,535.5
2025-12-24 09:00:00,1.0303814502703958,8.069649878299945,577.2,534.1
2025-12-24 09:15:00,1.0320531629562757,8.072085601651956,575.7,532.7
2025-12-24 09:30:00,0.9753702941149606,7.989497374343557,575.8,533.2
2025-12-24 09:45:00,0.9150790426873047,7.901651651651664,574.9,532.8
2025-12-24 10:00:00,0.9160970921081084,7.903134972780168,574.8,532.7
2025-12-24 10:15:00,0.9167607186608159,7.904101891740045,576.1,533.9
2025-12-24 10:30:00,0.9702331004517505,7.982012366498026,576.3,533.7
2025-12-24 10:45:00,0.9604471612003831,7.967754030746166,575.9,533.4
2025-12-24 11:00:00,0.9727775273406499,7.985719654265311,574.7,532.2
2025-12-24 11:15:00,0.998569752043471,8.023299511461834,574.9,532.2
2025-12-24 11:30:00,0.8416344309103437,7.7946411841858465,575.3,533.7
2025-12-24 11:45:00,0.8090324609450213,7.747139373475886,574.4,533.1
2025-12-24 12:00:00,0.7377725755100645,7.643312101910848,574.6,533.8
2025-12-24 12:15:00,0.8179105676371294,7.760074976569808,574.9,533.5
2025-12-24 12:30:00,0.8316293726479135,7.780063587058139,576.3,534.7
2025-12-24 12:45:00,0.8474699805667704,7.803143712574867,576.1,534.4
2025-12-24 13:00:00,0.8907599876886317,7.866218236173372,577.3,535.2
2025-12-24 13:15:00,0.8907599876886317,7.866218236173372,577.3,535.2
2025-12-24 13:30:00,0.9018790912847383,7.882419022654941,576.2,534.1
2025-12-24 13:45:00,0.8859990467723622,7.8592814371257536,576.4,534.4
2025-12-24 14:00:00,0.8839810635068263,7.856341189674532,576.6,534.6
2025-12-24 14:15:00,0.8119274399947736,7.751357423703431,575.5,534.1
2025-12-24 14:30:00,0.8565046313302563,7.8163074039362845,575.2,533.5
2025-12-24 14:45:00,0.8347811422184237,7.784655786906769,574.6,533.1
2025-12-24 15:00:00,0.9181343380476997,7.906103286384991,574.6,532.5
2025-12-24 15:15:00,0.8913426699236701,7.867067217423962,574.5,532.6
2025-12-24 15:30:00,0.788251254325858,7.71686068343973,573.7,532.6
2025-12-24 15:45:00,0.8130250291319541,7.752956636005237,574.0,532.7
2025-12-24 16:00:00,0.7386757853581183,7.644628099173567,573.1,532.4
2025-12-24 16:15:00,0.7604999662588412,7.676426426426453,573.7,532.8
2025-12-24 16:30:00,0.8825047408807226,7.854190154077401,574.0,532.2
2025-12-24 16:45:00,0.8835178164234592,7.855666228152591,573.9,532.1
2025-12-24 17:00:00,0.8726417243277127,7.839819514946433,573.6,531.9
2025-12-24 17:15:00,0.8488492105086716,7.805153281925903,573.2,531.7
2025-12-24 17:30:00,0.8220302674283828,7.766077472734123,573.1,531.8
2025-12-24 17:45:00,0.8627675757018102,7.825432656132425,573.2,531.6
2025-12-24 18:00:00,0.7346471125701654,7.638758231420506,572.1,531.5
2025-12-24 18:15:00,0.8151303225869557,7.756024096385539,572.4,531.2
2025-12-24 18:30:00,0.8082147728947968,7.745947983415014,571.7,530.6
2025-12-24 19:00:00,0.7604733063365702,7.676387582314192,572.3,531.5
2025-12-24 19:15:00,0.7515185076506636,7.663340237243443,571.8,531.1
2025-12-24 19:30:00,0.7316895811666855,7.634449040992863,572.4,531.8
2025-12-24 19:45:00,0.7515185076506636,7.663340237243443,571.8,531.1
2025-12-24 20:00:00,0.7068585749478848,7.598269700959181,572.1,531.7
2025-12-24 20:15:00,0.7436078647032693,7.651814250799038,572.6,531.9
2025-12-24 20:30:00,0.7565112506657151,7.67061477721378,572.7,531.9
2025-12-24 20:45:00,0.7704070181359952,7.690861226024848,572.7,531.8
2025-12-24 21:00:00,0.7178010927783623,7.614213197969533,572.4,531.9
2025-12-24 21:15:00,0.7575012058128869,7.672057164347512,572.6,531.8
2025-12-24 21:30:00,0.7029383127438243,7.592557789889121,572.5,532.1
2025-12-24 21:45:00,0.7406475050151379,7.647500939496421,572.9,532.2
2025-12-24 22:00:00,0.7535436173665561,7.666290868094694,573.0,532.2
2025-12-24 22:15:00,0.7267677703427241,7.627277850835989,572.9,532.3
2025-12-24 22:30:00,0.7813235887100317,7.70676691729324,573.0,532.0
2025-12-24 22:45:00,0.8220302674283828,7.766077472734123,573.1,531.8
2025-12-24 23:00:00,0.8101244917193496,7.748730487116773,572.9,531.7
2025-12-24 23:15:00,0.7207502300891937,7.618510158013536,572.1,531.6
2025-12-24 23:30:00,0.8797322709437335,7.8501506024096335,572.9,531.2
2025-12-25 06:45:00,0.5997500249268881,7.44221011088142,571.7,532.1
2025-12-25 07:00:00,0.7872958060348966,7.715468573579232,572.4,531.4
2025-12-25 07:15:00,0.882776800512181,7.854586551139575,572.6,530.9
2025-12-25 07:30:00,0.7465715656551156,7.656132430398777,572.3,531.6
2025-12-25 07:45:00,0.8389579136255869,7.790741437711701,572.8,531.4
2025-12-25 08:00:00,0.7674309926294038,7.686525089268925,573.0,532.1
2025-12-25 08:15:00,0.7793358420693924,7.70387072529124,573.2,532.2
2025-12-25 08:30:00,0.7525551496154151,7.664850648130761,573.1,532.3
2025-12-25 08:45:00,0.7257845175267366,7.625845229151018,573.0,532.4
2025-12-25 09:00:00,0.7356336984441909,7.64019570944674,572.0,531.4
2025-12-25 09:15:00,0.761464752239559,7.677832141513008,572.2,531.4
2025-12-25 09:30:00,0.7346471125701654,7.638758231420506,572.1,531.5
2025-12-25 09:45:00,0.7704070181359952,7.690861226024848,572.7,531.8
2025-12-25 10:00:00,0.8042100384353541,7.74011299435029,572.1,531.0
2025-12-25 10:15:00,0.7664275841987218,7.685063100395562,571.7,530.9
2025-12-25 10:30:00,0.758459895491491,7.673453996983426,571.1,530.4
2025-12-25 10:45:00,0.7206260656432459,7.618329247595712,570.7,530.3
2025-12-25 11:00:00,0.8559110628679255,7.815442561205277,572.5,531.0
2025-12-25 11:15:00,0.8191417774057983,7.761868877166544,572.0,530.8
2025-12-25 11:30:00,0.9307799991924509,7.924528301886791,572.0,530.0
2025-12-25 11:45:00,0.9229539635308355,7.913125590179404,571.4,529.5
2025-12-25 12:00:00,0.9400314926702148,7.93800793800794,571.1,529.1
2025-12-25 12:15:00,0.8392900830011791,7.791225416036318,570.0,528.8
2025-12-25 12:30:00,0.9960793168797182,8.019670890864372,571.1,528.7
2025-12-25 12:45:00,0.9592030575183372,7.965941343424787,570.6,528.5
2025-12-25 13:00:00,0.8532829845028161,7.811613391337224,570.0,528.7
2025-12-25 13:15:00,0.9233269670290996,7.913669064748197,570.0,528.2
2025-12-25 13:30:00,0.7903798921171704,7.7199621570482435,569.3,528.5
2025-12-25 13:45:00,0.6984899527199379,7.586076428301181,568.7,528.6
2025-12-25 14:00:00,0.7973431144285369,7.730107730107716,570.0,529.1
2025-12-25 14:15:00,0.6835417246027468,7.564296520423608,568.8,528.8
2025-12-25 14:30:00,0.7434025835629405,7.6515151515151425,568.4,528.0
2025-12-25 14:45:00,0.7744023151072855,7.696682464454985,568.1,527.5
2025-12-25 15:00:00,0.7532780223753517,7.665903890160197,564.6,524.4
2025-12-25 15:15:00,0.7874926515582008,7.715755381977529,565.4,524.9
2025-12-25 15:30:00,0.987812746983915,8.007626310772164,566.5,524.5
2025-12-25 15:45:00,0.9495969867181424,7.951945080091538,566.1,524.4
2025-12-25 16:00:00,1.08260851547812,8.145745898512002,566.9,524.2
2025-12-25 16:15:00,1.1023726441830928,8.174542682926855,567.7,524.8
2025-12-25 16:30:00,1.0783457028685268,8.139534883720923,567.3,524.6
2025-12-25 16:45:00,1.061016412652579,8.114285714285717,567.6,525.0
2025-12-25 17:00:00,0.9522723650673881,7.955843167110776,567.2,525.4
2025-12-25 17:15:00,1.0165359629901405,8.04947668886773,567.8,525.5
2025-12-25 17:30:00,0.8045345218522941,7.740585774058584,566.5,525.8
2025-12-25 17:45:00,0.8587882602892611,7.819634703196354,566.7,525.6
2025-12-25 18:00:00,0.8035243288985238,7.739113899980987,566.6,525.9
2025-12-25 18:15:00,0.8849043599598108,7.857686453576851,566.9,525.6
2025-12-25 18:30:00,0.8887213283732063,7.8632478632478575,567.9,526.5
2025-12-25 19:00:00,0.7513714345577506,7.663125948406679,567.6,527.2
2025-12-25 19:15:00,0.7513714345577506,7.663125948406679,567.6,527.2
2025-12-25 19:30:00,0.689640275369121,7.573182247403221,569.6,529.5
2025-12-25 19:45:00,0.7843714436792969,7.711207711207701,569.9,529.1
2025-12-25 20:00:00,0.7364496216489996,7.641384528087758,569.1,528.7
2025-12-25 20:15:00,0.7903798921171704,7.7199621570482435,569.3,528.5
2025-12-25 20:30:00,0.8023614774028488,7.737419598940587,569.5,528.6
2025-12-25 20:45:00,0.7793944274747412,7.703956085557451,569.0,528.3
2025-12-25 21:00:00,0.7843714436792969,7.711207711207701,569.9,529.1
2025-12-25 21:15:00,0.7733961692223545,7.695216487048606,569.6,528.9
2025-12-25 21:30:00,0.7983460281027231,7.731568998109628,569.9,529.0
2025-12-25 21:45:00,0.7903333195332974,7.719894299735763,570.7,529.8
2025-12-25 22:00:00,0.8102194052458057,7.748868778280538,571.5,530.4
2025-12-25 22:15:00,0.8002819894653064,7.73438973778533,571.1,530.1
2025-12-25 22:30:00,0.7733912742483983,7.695209354960375,571.0,530.2
2025-12-25 22:45:00,0.772395335818055,7.693758250047167,571.1,530.3
2025-12-25 23:00:00,0.7484931874021165,7.658932276928887,570.7,530.1
2025-12-25 23:15:00,0.7453925315756815,7.654414550966293,568.2,527.8
2025-12-25 23:30:00,0.5998718471404842,7.44238760861351,568.8,529.4
2025-12-26 06:45:00,0.5388635708844296,7.353497164461253,567.9,529.0
2025-12-26 07:00:00,0.5466568422732871,7.364852137879074,570.0,530.9
2025-12-26 07:15:00,0.6588374881322496,7.5283018867924545,569.9,530.0
2025-12-26 07:30:00,0.6410302028381848,7.502356267671995,570.3,530.5
2025-12-26 07:45:00,0.6070389145969667,7.452830188679238,569.5,530.0
2025-12-26 08:00:00,0.6837571848231213,7.564610450858322,570.2,530.1
2025-12-26 08:15:00,0.6957227228328141,7.582044511505082,570.4,530.2
2025-12-26 08:30:00,0.6937605082985784,7.579185520362008,570.6,530.4
2025-12-26 08:45:00,0.6080042116599338,7.454236648424239,569.4,529.9
2025-12-26 09:00:00,0.602768053189901,7.446607446607434,568.5,529.1
2025-12-26 09:15:00,0.5869075271680316,7.423498299962228,568.7,529.4
2025-12-26 09:30:00,0.6481359281978485,7.512709470909429,571.0,531.1
2025-12-26 09:45:00,0.6898405152840176,7.573474001507163,571.0,530.8
2025-12-26 10:00:00,0.668856795468437,7.542900245144257,570.3,530.3
2025-12-26 10:15:00,0.674720786804069,7.55144421370586,569.7,529.7
2025-12-26 10:30:00,0.6967043853389112,7.583474816072422,570.3,530.1
2025-12-26 10:45:00,0.7395056744142751,7.645837266377198,570.2,529.7
2025-12-26 11:00:00,0.7415610201327241,7.648831951770907,571.4,530.8
2025-12-26 11:15:00,0.6853698254567644,7.566960104888554,574.3,533.9
2025-12-26 11:30:00,0.6577246092119725,7.526680396929408,574.3,534.1
2025-12-26 11:45:00,0.6291386054016993,7.4850299401197695,574.4,534.4
2025-12-26 12:00:00,0.6892636886601088,7.572633552014985,573.9,533.5
2025-12-26 12:15:00,0.6725147758343256,7.548230005619039,574.2,533.9
2025-12-26 12:30:00,0.6674147139413241,7.540799099606055,573.3,533.1
2025-12-26 12:45:00,0.6853698254567644,7.566960104888554,574.3,533.9
2025-12-26 13:00:00,0.6490344870659938,7.514018691588786,575.2,535.0
2025-12-26 13:15:00,0.6528931512702999,7.519640852974163,574.8,534.6
2025-12-26 13:30:00,0.7684371073885707,7.6879910213243585,575.7,534.6
2025-12-26 13:45:00,0.7684371073885707,7.6879910213243585,575.7,534.6
2025-12-26 14:00:00,0.7241649994431646,7.623485554520037,577.4,536.5
2025-12-26 14:15:00,0.7654921228051694,7.683700111898539,577.4,536.2
2025-12-26 14:30:00,0.8058739240164375,7.74253731343284,577.5,536.0
2025-12-26 14:45:00,0.7292502724134418,7.630894912736719,579.7,538.6
2025-12-26 15:00:00,0.8303443579126754,7.778191291403069,579.2,537.4
2025-12-26 15:15:00,0.8550914830326435,7.814248414770608,578.1,536.2
2025-12-26 15:30:00,0.8094728738551352,7.747781065088777,582.7,540.8
2025-12-26 15:45:00,0.9377901880468792,7.934742306266229,582.2,539.4
2025-12-26 16:00:00,0.909329228050809,7.893274041133935,582.3,539.7
2025-12-26 16:15:00,0.9535517705296113,7.957707289927662,582.0,539.1
2025-12-26 16:30:00,0.991744931316602,8.013355592654413,582.3,539.1
2025-12-26 16:45:00,1.0457597578193873,8.092056421677807,582.4,538.8
2025-12-26 17:00:00,1.0450993838509262,8.09109424180705,583.8,540.1
2025-12-26 17:15:00,0.9658140084950886,7.975573649148782,583.5,540.4
2025-12-26 17:30:00,0.9343704733284436,7.929759704251382,583.9,541.0
2025-12-26 17:45:00,0.9130059788617164,7.898631150573432,583.3,540.6
2025-12-26 18:00:00,0.9769789865287629,7.991841275727807,582.4,539.3
2025-12-26 18:15:00,0.9260736574471786,7.917671055071396,582.0,539.3
2025-12-26 18:30:00,0.9774757392753752,7.992565055762091,581.0,538.0
2025-12-26 19:00:00,0.9163648117522066,7.903525046382187,581.6,539.0
2025-12-26 19:15:00,0.9260736574471786,7.917671055071396,582.0,539.3
2025-12-26 19:30:00,0.8252519334867652,7.770771513353103,581.1,539.2
2025-12-26 19:45:00,0.8027493813617184,7.7379847838189075,580.6,538.9
2025-12-26 20:00:00,0.7860840024728294,7.713702948266277,580.9,539.3
2025-12-26 20:15:00,0.8037350568634585,7.739420935412045,580.5,538.8
2025-12-26 20:30:00,0.838972288168607,7.790762381747363,581.1,539.1
2025-12-26 20:45:00,0.8242629992840252,7.769330613758596,581.2,539.3
2025-12-26 21:00:00,0.8222862307126255,7.766450417052817,581.4,539.5
2025-12-26 21:15:00,0.7958598822468643,7.727946627131188,581.3,539.6
2025-12-26 21:30:00,0.9143527809533205,7.900593471810069,581.8,539.2
2025-12-26 21:45:00,0.9016240884581151,7.882047477744813,581.7,539.2
2025-12-26 22:00:00,0.8584616275807545,7.819158791921432,581.9,539.7
2025-12-26 22:15:00,0.85746745717513,7.817710263060396,582.0,539.8
2025-12-26 22:30:00,0.8671946367523627,7.831882984632466,582.4,540.1
2025-12-26 22:45:00,0.9297252337187545,7.922991484635311,583.0,540.2
2025-12-26 23:00:00,0.9744563111970546,7.98816568047338,584.0,540.8
2025-12-26 23:15:00,0.8679576021373958,7.832994642527269,583.7,541.3
2025-12-26 23:30:00,0.9851158411171598,8.003696857670972,584.3,541.0
2025-12-27 09:45:00,1.0348366420178767,8.076141193864327,584.8,541.1
2025-12-27 10:00:00,0.9243290698315078,7.915129151291511,584.9,542.0
2025-12-27 10:15:00,0.8171305303503075,7.758938444526353,584.7,542.6
2025-12-27 10:30:00,0.7519470463459025,7.663964627855568,584.4,542.8
2025-12-27 10:45:00,0.7909028020949773,7.720724048762473,583.2,541.4
2025-12-27 11:00:00,0.7090591678237448,7.601476014760156,583.2,542.0
2025-12-27 11:15:00,0.7509291544120088,7.66248153618907,583.1,541.6
2025-12-27 11:30:00,0.7626282702616916,7.6795274136975955,583.3,541.7
2025-12-27 11:45:00,0.8035797710521665,7.739194680458072,583.3,541.4
2025-12-27 12:00:00,0.6701149768640255,7.544733444014007,583.0,542.1
2025-12-27 12:15:00,0.7645749733059526,7.682363804247472,583.1,541.5
2025-12-27 12:30:00,0.7265510896858683,7.626962142197602,582.8,541.5
2025-12-27 12:45:00,0.7821343699622951,7.707948243992613,582.7,541.0
2025-12-27 13:00:00,0.7821343699622951,7.707948243992613,582.7,541.0
2025-12-27 13:15:00,0.7431047018058026,7.651081131029369,582.5,541.1
2025-12-27 13:30:00,0.9277127261481871,7.920059215396025,583.2,540.4
2025-12-27 13:45:00,0.9805457519966004,7.9970381340244145,583.4,540.2
2025-12-27 14:00:00,0.8299196694193556,7.777572510622588,583.4,541.3
2025-12-27 14:15:00,0.9110011429886182,7.895710059171601,583.5,540.8
2025-12-27 14:30:00,0.820193395803836,7.763401109057311,583.0,541.0
2025-12-27 14:45:00,0.777249601179309,7.700831024930754,583.2,541.5
2025-12-27 15:00:00,0.7752982185604315,7.697987816134377,583.4,541.7
2025-12-27 15:15:00,0.6662969601275347,7.53917050691244,583.4,542.5
2025-12-27 15:30:00,0.6915994891355598,7.576036866359459,583.6,542.5
2025-12-27 15:45:00,0.6935171250238656,7.578830905402922,583.4,542.3
2025-12-27 16:00:00,0.6808611947391046,7.560390927530891,583.3,542.3
2025-12-27 16:15:00,0.6682052644543587,7.541950949658882,583.2,542.3
2025-12-27 16:30:00,0.6565016800855157,7.524898561416449,583.0,542.2
2025-12-27 16:45:00,0.6818182090173689,7.561785319070458,583.2,542.2
2025-12-27 17:00:00,0.7489878478869287,7.659653008490208,583.3,541.8
2025-12-27 17:15:00,0.6555493341695977,7.523510971786851,583.1,542.3
2025-12-27 17:30:00,0.7100219154505789,7.602878759918807,583.1,541.9
2025-12-27 17:45:00,0.7353524598071864,7.639785938365007,583.3,541.9
2025-12-27 18:00:00,0.7236526282729808,7.622739018087876,583.1,541.8
2025-12-27 18:15:00,0.9267070308756105,7.918593894542081,583.3,540.5
2025-12-27 18:30:00,0.8007084516584692,7.735011102886768,582.2,540.4
2025-12-27 18:45:00,0.7762854568047175,7.6994262446788975,581.9,540.3
2025-12-28 09:45:00,0.9033132375454945,7.884508606329832,582.9,540.3
2025-12-28 10:00:00,0.8475459747801818,7.803254437869822,583.0,540.8
2025-12-28 10:15:00,0.8084897821383785,7.746348678129045,582.8,540.9
2025-12-28 10:30:00,0.7031265603592265,7.592832070940325,582.4,541.3
2025-12-28 10:45:00,0.6892898896537993,7.57267172745788,581.0,540.1
2025-12-28 11:00:00,0.7665113747866038,7.685185185185195,581.5,540.0
2025-12-28 11:15:00,0.76160847101065,7.678041543026692,580.6,539.2
2025-12-28 11:30:00,0.735178673391245,7.639532727609866,580.5,539.3
2025-12-28 11:45:00,0.756726426640615,7.670928293496382,581.1,539.7
2025-12-28 12:00:00,0.756726426640615,7.670928293496382,581.1,539.7
2025-12-28 12:15:00,0.7596545671571044,7.675194660734141,580.8,539.4
2025-12-28 12:30:00,0.7596545671571044,7.675194660734141,580.8,539.4
2025-12-28 12:45:00,0.7723785400778119,7.69373377827216,580.9,539.4
2025-12-28 13:00:00,0.7704213685573921,7.690882134914756,581.1,539.6
2025-12-28 13:15:00,0.7332349295931327,7.63670064874884,580.7,539.5
2025-12-28 13:30:00,0.6941058274889141,7.579688658265371,580.5,539.6
2025-12-28 13:45:00,0.7185757262880474,7.615341856586966,580.8,539.7
2025-12-28 14:00:00,0.6892898896537993,7.57267172745788,581.0,540.1
2025-12-28 14:15:00,0.715672034094575,7.611111111111124,581.1,540.0
2025-12-28 14:30:00,0.674663232212096,7.55136035535815,581.1,540.3
2025-12-28 14:45:00,0.7312926264055801,7.633870668890119,580.9,539.7
2025-12-28 15:00:00,0.68160290853097,7.561471621371774,581.8,540.9
2025-12-28 15:15:00,0.6825625374382626,7.562869822485219,581.7,540.8
2025-12-28 15:30:00,0.6768100814802387,7.554488363502032,582.3,541.4
2025-12-28 15:45:00,0.6670007174026613,7.540195897246349,581.9,541.1
2025-12-28 16:00:00,0.6406811884285298,7.5018477457501564,581.8,541.2
2025-12-28 16:15:00,0.6134252366942745,7.462135205024012,581.8,541.4
2025-12-28 16:30:00,0.7694480280151199,7.689463955637721,582.6,541.0
2025-12-28 16:45:00,0.6349793596240786,7.493540051679592,582.4,541.8
2025-12-28 17:00:00,0.623258838975628,7.476462986893106,582.2,541.7
2025-12-28 17:15:00,0.6368785655257186,7.496307237813893,582.2,541.6
2025-12-28 17:30:00,0.7167711107503127,7.612712490761253,582.4,541.2
2025-12-28 17:45:00,0.6748954284878104,7.551698670605611,582.5,541.6
2025-12-28 18:00:00,0.6223117498170976,7.475083056478415,582.3,541.8
2025-12-28 18:15:00,0.6457444907626407,7.509225092250937,582.7,542.0
2025-12-28 18:30:00,0.6049256130305687,7.449751060298748,582.7,542.3
2025-12-28 18:45:00,0.6175815433153145,7.468191038170757,582.8,542.3
2025-12-29 06:45:00,0.7382568667579732,7.6440177252584895,583.0,541.6
2025-12-29 07:00:00,0.6454423789319986,7.508784908451993,581.3,540.7
2025-12-29 07:15:00,0.7225700467467256,7.621161672216048,581.8,540.6
2025-12-29 07:30:00,0.6397300058291695,7.500461851099205,581.9,541.3
2025-12-29 07:45:00,0.6973566432722761,7.584425170695708,583.0,541.9
2025-12-29 08:00:00,0.7158058712652501,7.611306114908567,582.5,541.3
2025-12-29 08:15:00,0.6710703615870763,7.546125461254616,582.9,542.0
2025-12-29 08:30:00,0.6653433355086279,7.5377810541835455,583.5,542.6
2025-12-29 08:45:00,0.5589737007821745,7.382798080472508,581.8,541.8
2025-12-29 09:00:00,0.7704190057008472,7.690878692179104,579.7,538.3
2025-12-29 09:15:00,0.7449190577408732,7.653724688835228,579.5,538.3
2025-12-29 09:30:00,0.7155375509676265,7.610915166140719,579.7,538.7
2025-12-29 09:45:00,0.7321690837608862,7.635147687163291,579.4,538.3
2025-12-29 10:00:00,0.6703432017576093,7.545065972867504,578.7,538.1
2025-12-29 10:15:00,0.6710632833671649,7.546115148127441,577.2,536.7
2025-12-29 10:30:00,0.5852960068746009,7.421150278293132,579.0,539.0
2025-12-29 10:45:00,0.5334270018725854,7.345575959933215,578.7,539.1
2025-12-29 11:00:00,0.762585966594594,7.6794657762938145,580.5,539.1
2025-12-29 11:15:00,0.7704190057008472,7.690878692179104,579.7,538.3
2025-12-29 11:30:00,0.8697084878063659,7.835545722713855,584.9,542.4
2025-12-29 11:45:00,0.9390019949916977,7.93650793650793,591.6,548.1
2025-12-29 12:00:00,0.7239938667999111,7.623236210371975,587.3,545.7
2025-12-29 12:15:00,0.7800958252643403,7.704978038067356,588.5,546.4
2025-12-29 12:30:00,0.8411085276771371,7.793874931230516,587.8,545.3
2025-12-29 12:45:00,0.8564434045527839,7.816218195130897,589.0,546.3
2025-12-29 13:00:00,0.8013309305458675,7.735918068763725,589.1,546.8
2025-12-29 13:15:00,0.8709759328786008,7.837392418970879,588.9,546.1
2025-12-29 13:30:00,0.8849781611530526,7.85779398359161,591.6,548.5
2025-12-29 13:45:00,0.8243581624470873,7.769469268648566,590.9,548.3
2025-12-29 14:00:00,0.8051374851489632,7.741464305276602,590.1,547.7
2025-12-29 14:15:00,0.6450551311073756,7.508220679576172,588.5,547.4
2025-12-29 14:30:00,0.6845663848553583,7.5657894736842035,588.6,547.2
2025-12-29 14:45:00,0.6237290399819664,7.477148080438756,587.9,547.0
2025-12-29 15:00:00,0.6594811838560001,7.529239766081863,588.4,547.2
2025-12-29 15:15:00,0.6798259826215864,7.558882599963468,589.1,547.7
2025-12-29 15:30:00,0.6642073146460781,7.536125845984998,587.9,546.7
2025-12-29 15:45:00,0.7646559243963796,7.682481751824821,590.1,548.0
2025-12-29 16:00:00,0.6923571328743409,7.577140770494806,589.2,547.7
2025-12-29 16:15:00,0.7375322051472453,7.642961876832821,587.3,545.6
2025-12-29 16:30:00,0.6441485182221762,7.50689972401104,584.3,543.5
2025-12-29 16:45:00,0.5347740053390023,7.347538574577528,584.4,544.4
2025-12-29 17:00:00,0.5334899691646104,7.345667704707837,586.0,545.9
2025-12-29 17:15:00,0.4841145789949794,7.273726639794797,585.5,545.8
2025-12-29 17:30:00,0.44004419959702873,7.209515096065866,585.9,546.5
2025-12-29 17:45:00,0.5381118615290822,7.352401906857353,585.5,545.4
2025-12-29 18:00:00,0.28563740051412095,6.984540882845969,574.4,536.9
2025-12-29 18:15:00,0.2868632871609319,6.986327027533257,571.2,533.9
2025-12-29 18:30:00,0.5830243177114887,7.417840375586859,572.0,532.5
2025-12-29 19:00:00,0.8042100384353541,7.74011299435029,572.1,531.0
2025-12-29 19:15:00,0.9307799991924509,7.924528301886791,572.0,530.0
2025-12-29 19:30:00,0.9069241065110565,7.889769724424323,571.6,529.8
2025-12-29 19:45:00,0.8231592826844034,7.767722473604843,571.6,530.4
2025-12-29 20:00:00,0.753499893497223,7.666227161424,571.6,530.9
2025-12-29 20:15:00,0.6683857242482786,7.542213883677307,573.2,533.0
2025-12-29 20:30:00,0.6900397767667055,7.573764330013155,572.4,532.1
2025-12-29 20:45:00,0.6910168651123334,7.5751879699248015,572.3,532.0
2025-12-29 21:00:00,0.6810420957550042,7.5606545044197615,571.9,531.7
2025-12-29 21:15:00,0.699023940135547,7.586854460093884,572.9,532.5
2025-12-29 21:30:00,0.7189120764881439,7.615831926467842,573.7,533.1
2025-12-29 21:45:00,0.8486603094414081,7.804878048780495,574.6,533.0
2025-12-29 22:00:00,0.7951633287962551,7.726931732933218,574.4,533.2
2025-12-29 22:15:00,0.8120263250683291,7.751501501501523,574.1,532.8
2025-12-29 22:30:00,0.8736535167207703,7.8412937194433985,573.5,531.8
2025-12-29 22:45:00,0.8696086285293044,7.835400225479128,573.9,532.2
2025-12-29 23:00:00,1.0074371977180663,8.036219581211101,572.7,530.1
2025-12-29 23:15:00,1.0623784891480583,8.11627029067572,572.8,529.8
2025-12-29 23:30:00,1.1378077699315008,8.22617246596067,572.3,528.8
2025-12-30 06:45:00,0.8698491098106822,7.835750612168013,572.5,530.9
2025-12-30 07:00:00,0.9222134243548159,7.912046607780487,574.2,532.1
2025-12-30 07:15:00,0.9320448028287386,7.926371149511646,574.6,532.4
2025-12-30 07:30:00,0.9160970921081084,7.903134972780168,574.8,532.7
2025-12-30 07:45:00,0.8655698160242018,7.829515583927882,574.3,532.6
2025-12-30 08:00:00,1.0181317603062956,8.051801801801828,575.7,532.8
2025-12-30 08:15:00,1.0052501706039114,8.033033033033043,575.6,532.8
2025-12-30 08:30:00,0.9913364099871305,8.012760367798855,575.6,532.9
2025-12-30 08:45:00,0.9039056690383618,7.885371792470508,576.0,533.9
2025-12-30 09:00:00,0.868598356342476,7.833928235957166,574.0,532.3
2025-12-30 09:15:00,0.8885889112677322,7.863054928517665,573.4,531.6
2025-12-30 09:30:00,0.8061266005607607,7.742905468896821,573.3,532.1
2025-12-30 09:45:00,0.790240856683615,7.719759579263719,573.5,532.4
2025-12-30 10:00:00,0.8102194052458057,7.748868778280538,571.5,530.4
2025-12-30 10:15:00,0.7992807913869416,7.732930969445495,571.2,530.2
2025-12-30 10:30:00,0.8200264702518829,7.763157894736827,573.3,532.0
2025-12-30 10:45:00,0.8559110628679255,7.815442561205277,572.5,531.0
2025-12-30 11:00:00,0.7654342701109066,7.683615819209022,571.8,531.0
2025-12-30 11:15:00,0.7515185076506636,7.663340237243443,571.8,531.1
2025-12-30 11:30:00,0.7298213480683449,7.631726982936438,574.0,533.3
2025-12-30 11:45:00,0.7516634365003753,7.663551401869162,576.0,535.0
2025-12-30 12:00:00,0.6499986120817216,7.515423443634339,575.1,534.9
2025-12-30 12:15:00,0.728839366146705,7.630296212973397,574.1,533.4
2025-12-30 12:30:00,0.9153942842809882,7.902110965813569,577.6,535.3
2025-12-30 12:45:00,0.820786770076389,7.764265668849402,576.0,534.5
2025-12-30 13:00:00,0.8029779112175661,7.73831775700935,576.4,535.0
2025-12-30 13:15:00,0.6865493861677748,7.568678751635205,575.6,535.1
2025-12-30 13:30:00,0.6756606460821717,7.552813610020559,575.3,534.9
2025-12-30 13:45:00,0.7081489156338496,7.600149756645425,574.8,534.2
2025-12-30 14:00:00,0.6506696249670131,7.516401124648553,573.6,533.5
2025-12-30 14:15:00,0.5982537367391215,7.440029985007479,573.3,533.6
2025-12-30 14:30:00,0.5963405393023591,7.437242412888723,573.5,533.8
2025-12-30 14:45:00,0.531109229987407,7.342198913654241,573.1,533.9
2025-12-30 15:00:00,0.563025629845012,7.388701833146283,574.1,534.6
2025-12-30 15:15:00,0.5658729604749172,7.392850458543898,573.8,534.3
2025-12-30 15:30:00,0.49415606734631806,7.28835731638946,574.1,535.1
2025-12-30 15:45:00,0.47645731511208866,7.262569832402232,576.0,537.0
2025-12-30 16:00:00,0.5517895075880233,7.372330547818029,578.2,538.5
2025-12-30 16:15:00,0.45812765083437645,7.235863095238093,576.5,537.6
2025-12-30 16:30:00,0.4452284355802281,7.217068645640068,577.9,539.0
2025-12-30 16:45:00,0.39702488188351986,7.146834973083349,577.2,538.7
2025-12-30 17:00:00,0.47121945939082566,7.254938157651836,581.0,541.7
2025-12-30 17:15:00,0.5937253019464516,7.433431952662728,581.0,540.8
2025-12-30 17:30:00,0.5594003301280022,7.383419689119175,580.3,540.4
2025-12-30 17:45:00,0.681386570644178,7.561156412157155,580.4,539.6
2025-12-30 18:00:00,0.5584627777594217,7.382053654024046,580.4,540.5
2025-12-30 18:15:00,0.5584627777594217,7.382053654024046,580.4,540.5
2025-12-30 18:30:00,0.6073622365604983,7.453301276123536,581.0,540.7
2025-12-30 19:00:00,0.6425846085433219,7.504621072088735,581.6,541.0
2025-12-30 19:15:00,0.6600473993087272,7.530064754856625,581.2,540.5
2025-12-30 19:30:00,0.6425846085433219,7.504621072088735,581.6,541.0
2025-12-30 19:45:00,0.6552709504904971,7.523105360443627,581.7,541.0
2025-12-30 20:00:00,0.5438953326079875,7.360828555576093,580.5,540.7
2025-12-30 20:15:00,0.6238521199157852,7.477327410697776,580.7,540.3
2025-12-30 20:30:00,0.6111493418417074,7.458819174532683,580.6,540.3
2025-12-30 20:45:00,0.6219531662277242,7.474560592044388,580.9,540.5
2025-12-30 21:00:00,0.5711608554530944,7.400555041628132,580.5,540.5
2025-12-30 21:15:00,0.5312019518174823,7.3423340114666,580.4,540.7
2025-12-30 21:30:00,0.5819754749794879,7.41631218790455,580.8,540.7
2025-12-30 21:45:00,0.5565887133984927,7.379323099685586,580.6,540.7
2025-12-30 22:00:00,0.5702213010547331,7.399186089530141,580.6,540.6
2025-12-30 22:15:00,0.5848011850259517,7.420429311621035,580.5,540.4
2025-12-30 22:30:00,0.5339994752300679,7.346410066617337,580.1,540.4
2025-12-30 22:45:00,0.524092624490842,7.331975560081472,579.7,540.1
2025-12-30 23:00:00,0.45687815621013134,7.234042553191489,579.6,540.5
2025-12-30 23:15:00,0.3761714276525354,7.11645101663585,579.5,541.0
2025-12-30 23:30:00,0.40605538317123646,7.159992618564326,580.7,541.9
2026-01-05 06:45:00,0.026934088888825803,6.607604282022894,577.6,541.8
2026-01-05 07:00:00,0.33062769543028536,7.050092764378468,577.0,539.0
2026-01-05 07:15:00,0.31141994242149834,7.022106631989611,576.1,538.3
2026-01-05 07:30:00,0.30135030683767333,7.0074349442379225,575.7,538.0
2026-01-05 07:45:00,0.2793955937139499,6.975446428571419,575.1,537.6
2026-01-05 08:00:00,0.321288593167718,7.036485480268051,575.0,537.2
2026-01-05 08:15:00,0.39977227607941307,7.150837988826808,575.4,537.0
2026-01-05 08:30:00,0.46275081027660386,7.242599143548678,576.0,537.1
2026-01-05 08:45:00,0.38973951869621276,7.136220033451024,576.5,538.1
2026-01-05 09:00:00,0.6001683688946573,7.442819647544074,573.1,533.4
2026-01-05 09:15:00,0.5839805713816124,7.41923365890309,571.9,532.4
2026-01-05 09:30:00,0.5286313516161232,7.3385885885886015,571.9,532.8
2026-01-05 09:45:00,0.4972315710930127,7.292838395200607,572.3,533.4
2026-01-05 10:00:00,0.4456284381636561,7.21765145848916,573.4,534.8
2026-01-05 10:15:00,0.42357354892587185,7.185516983949225,574.3,535.8
2026-01-05 10:30:00,0.5204182575105896,7.326621923937382,575.7,536.4
2026-01-05 10:45:00,0.441801851143727,7.2120760342899715,575.3,536.6
2026-01-05 11:00:00,0.31321124149765833,7.02471659542836,575.9,538.1
2026-01-05 11:15:00,0.25599494417370317,6.941351150705288,576.2,538.8
2026-01-05 11:30:00,0.23182053997174631,6.906128494723185,577.4,540.1
2026-01-05 11:45:00,0.1862055084305038,6.83966635773865,576.4,539.5
2026-01-05 12:00:00,0.12861352261795353,6.755753526354891,575.2,538.8
2026-01-05 12:15:00,0.1191666766851752,6.741989257269854,576.3,539.9
2026-01-05 12:30:00,0.15298665176091572,6.791265729089568,577.1,540.4
2026-01-05 12:45:00,0.10645448740306124,6.7234673087609,576.2,539.9
2026-01-05 13:00:00,0.06237801883289427,6.65924689296975,575.0,539.1
2026-01-05 13:15:00,0.08358149894118228,6.690140845070425,575.7,539.6
2026-01-05 13:30:00,0.1448059158038097,6.7793462109955405,574.9,538.4
2026-01-05 13:45:00,0.1329203067017566,6.762028608582593,574.7,538.3
2026-01-05 14:00:00,0.15668711056638737,6.796657381615612,575.1,538.5
2026-01-05 14:15:00,0.12189054850125712,6.745958000371677,574.4,538.1
2026-01-05 14:30:00,0.09381549237569556,6.705052005943535,574.5,538.4
2026-01-05 14:45:00,0.0955255948336506,6.707543664065385,574.3,538.2
2026-01-05 15:00:00,0.19177802060115717,6.847785634536674,574.2,537.4
2026-01-05 15:15:00,0.17377947052867704,6.821561338289972,574.7,538.0
2026-01-05 15:30:00,0.13809902032871935,6.769574111958332,574.1,537.7
2026-01-05 15:45:00,0.15086322154394738,6.788171843035151,574.2,537.7
2026-01-05 16:00:00,0.11673373308950848,6.738444403192867,575.0,538.7
2026-01-05 16:15:00,0.15668711056638737,6.796657381615612,575.1,538.5
2026-01-05 16:30:00,0.12017033272176963,6.743451606910655,574.6,538.3
2026-01-05 16:45:00,0.12017033272176963,6.743451606910655,574.6,538.3
2026-01-05 17:00:00,0.05898936397407031,6.654309545875803,575.4,539.5
2026-01-05 17:15:00,0.09886205987148686,6.712404969404795,575.5,539.3
2026-01-05 17:30:00,0.08869279955819243,6.697588126159548,575.1,539.0
2026-01-05 17:45:00,0.01830753578574089,6.595035198221577,575.4,539.8
2026-01-05 18:00:00,-0.005251144825181023,6.5607096654962005,576.6,541.1
2026-01-05 18:15:00,0.010096889646936055,6.583072100313481,578.0,542.3
2026-01-05 18:30:00,-0.024563870891186553,6.532570584978781,577.3,541.9
2026-01-05 19:00:00,0.04464346357462745,6.633407243163325,577.1,541.2
2026-01-05 19:15:00,0.07254591521547298,6.674061748936966,577.0,540.9
2026-01-05 19:30:00,0.05053967001295488,6.641998149861239,576.4,540.5
2026-01-05 19:45:00,0.07933075674441055,6.683947417144975,576.2,540.1
2026-01-05 20:00:00,0.09289011061719957,6.703703703703723,576.2,540.0
2026-01-05 20:15:00,0.1055999457901839,6.722222222222207,576.3,540.0
2026-01-05 20:30:00,0.11830978096319872,6.740740740740736,576.4,540.0
2026-01-05 20:45:00,0.07933075674441055,6.683947417144975,576.2,540.1
2026-01-05 21:00:00,0.05391579287318284,6.6469172375486,576.0,540.1
2026-01-05 21:15:00,0.0268215504341335,6.607440310938384,576.0,540.3
2026-01-05 21:30:00,0.06408365961811507,6.661732050333091,576.4,540.4
2026-01-05 21:45:00,0.03700069113275923,6.622271550129466,576.4,540.6
2026-01-05 22:00:00,0.10303821887859967,6.718489727928945,576.6,540.3
2026-01-05 22:15:00,0.05222710658228889,6.644456783268571,576.2,540.3
2026-01-05 22:30:00,0.05391579287318284,6.6469172375486,576.0,540.1
2026-01-05 22:45:00,0.07933075674441055,6.683947417144975,576.2,540.1
2026-01-05 23:00:00,0.07933075674441055,6.683947417144975,576.2,540.1
2026-01-05 23:15:00,0.06747044027116994,6.666666666666665,576.0,540.0
2026-01-05 23:30:00,0.08693362414993747,6.695024967634544,576.9,540.7
2026-01-06 06:45:00,0.09281969601788265,6.70360110803323,577.8,541.5
2026-01-06 07:00:00,0.23877895271002078,6.916267060125425,579.7,542.2
2026-01-06 07:15:00,0.18987881592264955,6.845018450184504,579.1,542.0
2026-01-06 07:30:00,0.13152295276583365,6.759992632160627,579.6,542.9
2026-01-06 07:45:00,0.0961413548523715,6.708440840398078,579.0,542.6
2026-01-06 08:00:00,0.038005137018194635,6.623735050597968,579.5,543.5
2026-01-06 08:15:00,0.12656413886154488,6.752767527675285,578.6,542.0
2026-01-06 08:30:00,0.1544707519224646,6.79342809673249,578.5,541.7
2026-01-06 08:45:00,0.1544707519224646,6.79342809673249,578.5,541.7
2026-01-06 09:00:00,0.123146266913994,6.747787610619471,579.0,542.4
2026-01-06 09:15:00,0.11717710553994129,6.7390904069232205,579.7,543.1
2026-01-06 09:30:00,0.1087902877558486,6.726870622926651,579.1,542.6
2026-01-06 09:45:00,0.203411028318336,6.864735190994664,579.1,541.9
2026-01-06 10:00:00,0.29269135369960025,6.994818652849744,578.2,540.4
2026-01-06 10:15:00,0.32435182264502216,7.0409486751899175,577.7,539.7
2026-01-06 10:30:00,0.3552935346608258,7.08603145235891,578.8,540.5
2026-01-06 10:45:00,0.34169818251674433,7.06622271550128,578.8,540.6
2026-01-06 11:00:00,0.38346081750064737,7.127071823204423,581.7,543.0
2026-01-06 11:15:00,0.38887180316382364,7.134955752212391,581.1,542.4
2026-01-06 11:30:00,0.35270333290332234,7.082257469568409,580.6,542.2
2026-01-06 11:45:00,0.30939751655621195,7.01915991156965,580.9,542.8
2026-01-06 12:00:00,0.3970107649785267,7.146814404432145,580.2,541.5
2026-01-06 12:15:00,0.3979167644220024,7.148134466198752,580.1,541.4
2026-01-06 12:30:00,0.4223600207252394,7.18374884579871,580.4,541.5
2026-01-06 12:45:00,0.38795277459110755,7.1336167067085565,579.7,541.1
2026-01-06 13:00:00,0.337216784988993,7.059693217519847,579.3,541.1
2026-01-06 13:15:00,0.32453278758848725,7.041212345222703,579.2,541.1
2026-01-06 13:30:00,0.37166150923179875,7.109879963065557,580.0,541.5
2026-01-06 13:45:00,0.34362433406344234,7.069029162052432,580.1,541.8
2026-01-06 14:00:00,0.33527389448146355,7.05686238192258,578.0,539.9
2026-01-06 14:15:00,0.2593506786488126,6.946240532052461,578.9,541.3
2026-01-06 14:30:00,0.19334849763456308,6.850073855243721,578.7,541.6
2026-01-06 14:45:00,0.194216719004764,6.851338873499535,578.6,541.5
2026-01-06 15:00:00,0.14028622431194854,6.772760917838649,577.0,540.4
2026-01-06 15:15:00,0.1775204469495754,6.827012025901946,577.4,540.5
2026-01-06 15:30:00,0.15040052810243298,6.787497688181965,577.4,540.7
2026-01-06 15:45:00,0.16309390889293818,6.805992232291458,577.5,540.7
2026-01-06 16:00:00,0.17492119177080206,6.82322485207103,577.7,540.8
2026-01-06 16:15:00,0.18934943682476701,6.844247132815395,577.6,540.6
2026-01-06 16:30:00,0.1055999457901839,6.722222222222207,576.3,540.0
2026-01-06 16:45:00,0.18828241015667274,6.842692450725196,574.6,537.8
2026-01-06 17:00:00,0.15606776458273955,6.795754980450575,573.6,537.1
2026-01-06 17:15:00,0.2728541801873761,6.965915440491699,574.3,536.9
2026-01-06 17:30:00,0.18075169642968783,6.83172002978405,573.9,537.2
2026-01-06 17:45:00,0.1723319087751275,6.819452207937382,573.3,536.7
2026-01-06 18:00:00,0.15693631914262293,6.797020484171323,573.5,537.0
2026-01-06 18:15:00,0.18774471942513668,6.8419090231170765,573.1,536.4
2026-01-06 18:30:00,0.421733383339704,7.182835820895517,574.5,536.0
2026-01-06 19:00:00,0.2199600657689657,6.888847514429353,574.1,537.1
2026-01-06 19:15:00,0.22921048228675853,6.902325581395363,574.6,537.5
2026-01-06 19:30:00,0.2428633275860707,6.922218087085974,574.6,537.4
2026-01-06 19:45:00,0.2428633275860707,6.922218087085974,574.6,537.4
2026-01-06 20:00:00,0.17464986459682716,6.822829522216045,574.6,537.9
2026-01-06 20:15:00,0.1627587545470526,6.805503904797328,574.4,537.8
2026-01-06 20:30:00,0.17639162397437297,6.825367305188745,574.4,537.7
2026-01-06 20:45:00,0.1253348191134913,6.750976380881513,574.0,537.7
2026-01-06 21:00:00,0.1432893043454882,6.77713647365481,573.5,537.1
2026-01-06 21:15:00,0.18249799882019183,6.834264432029813,573.7,537.0
2026-01-06 21:30:00,0.19615485822698342,6.854162786366191,573.7,536.9
2026-01-06 21:45:00,0.2543839648076104,6.939003917179609,573.3,536.1
2026-01-06 22:00:00,0.22789596144035573,6.9004102946661705,573.2,536.2
2026-01-06 22:15:00,0.39063082336961674,7.137518684603883,573.4,535.2
2026-01-06 22:30:00,0.3339072985452002,7.054871220604708,573.6,535.8
2026-01-06 22:45:00,0.33210059051513585,7.052238805970146,573.8,536.0
2026-01-06 23:00:00,0.38058314268731736,7.122878985642367,574.5,536.3
2026-01-06 23:15:00,0.35317521601483526,7.082945013979503,574.5,536.5
2026-01-06 23:30:00,0.2419794329721985,6.920930232558153,574.7,537.5
2026-01-08 06:45:00,-0.19932244856907705,6.277943368107319,570.5,536.8
2026-01-08 07:00:00,0.14003032017676909,6.772388059701484,572.3,536.0
2026-01-08 07:15:00,0.22480542099627554,6.895907307045412,572.0,535.1
2026-01-08 07:30:00,0.40255873376294243,7.15489792095898,572.1,533.9
2026-01-08 07:45:00,0.2566909654142305,6.942365269461082,571.5,534.4
2026-01-08 08:00:00,0.37136509604486384,7.109448082319925,572.5,534.5
2026-01-08 08:15:00,0.2394060680742757,6.917180781454468,571.9,534.9
2026-01-08 08:30:00,0.2531271948925971,6.937172774869116,571.9,534.8
2026-01-08 08:45:00,0.2925250866486509,6.994576397980179,572.1,534.7
2026-01-08 09:00:00,0.3410081972554516,7.065217391304324,571.3,533.6
2026-01-08 09:15:00,0.4458986153471848,7.218045112781946,570.4,532.0
2026-01-08 09:30:00,0.39429477329136803,7.14285714285714,570.0,532.0
2026-01-08 09:45:00,0.28866015188236027,6.988945100243571,571.0,533.7
2026-01-08 10:00:00,0.3549880988930843,7.085586425508117,574.3,536.3
2026-01-08 10:15:00,0.3741580985533885,7.113517550410764,573.7,535.6
2026-01-08 10:30:00,0.40070309354666606,7.152194211017737,573.8,535.5
2026-01-08 10:45:00,0.42449414697906906,7.186858316221767,574.2,535.7
2026-01-08 11:00:00,0.3869723461139154,7.132188200149359,573.8,535.6
2026-01-08 11:15:00,0.3979546202456887,7.1481896229936615,574.1,535.8
2026-01-08 11:30:00,0.42449414697906906,7.186858316221767,574.2,535.7
2026-01-08 11:45:00,0.42449414697906906,7.186858316221767,574.2,535.7
2026-01-08 12:00:00,0.4776029366102421,7.264239028944908,574.4,535.5
2026-01-08 12:15:00,0.5213558835556219,7.327988066380775,575.6,536.3
2026-01-08 12:30:00,0.39429477329136803,7.14285714285714,574.5,536.2
2026-01-08 12:45:00,0.4473427527181651,7.220149253731356,574.7,536.0
2026-01-08 13:00:00,0.4857568067858263,7.276119402985071,575.0,536.0
2026-01-08 13:15:00,0.38058314268731736,7.122878985642367,574.5,536.3
2026-01-08 13:30:00,0.5332133935907729,7.345264727815048,575.8,536.4
2026-01-08 13:45:00,0.4848252964279073,7.274762171236704,575.1,536.1
2026-01-08 14:00:00,0.5004303349664672,7.297499066815982,574.9,535.8
2026-01-08 14:15:00,0.474811406286284,7.260171705860419,574.7,535.8
2026-01-08 14:30:00,0.4950910629144214,7.289719626168223,574.0,535.0
2026-01-08 14:45:00,0.36498317391735763,7.100149476831086,573.2,535.2
2026-01-08 15:00:00,0.2820830416915746,6.979362101313336,570.2,533.0
2026-01-08 15:15:00,0.32995927466534397,7.049118860142478,571.0,533.4
2026-01-08 15:30:00,0.3419171154221558,7.066541705716967,571.2,533.5
2026-01-08 15:45:00,0.3685605738409645,7.105361829771284,571.3,533.4
2026-01-08 16:00:00,0.26831015420368026,6.959294691427509,570.2,533.1
2026-01-08 16:15:00,0.24256147293027797,6.921778277996626,570.0,533.1
2026-01-08 16:30:00,0.25543581356697914,6.940536484712068,570.1,533.1
2026-01-08 16:45:00,0.16356279995159329,6.806675417213581,569.6,533.3
2026-01-08 17:00:00,0.17906899300977974,6.829268292682933,569.4,533.0
2026-01-08 17:15:00,0.22302507210310576,6.893313298271986,569.1,532.4
2026-01-08 17:30:00,0.24702132243736002,6.928276380022536,569.5,532.6
2026-01-08 17:45:00,0.24702132243736002,6.928276380022536,569.5,532.6
2026-01-08 18:00:00,0.23544308867113087,6.91140663045513,570.8,533.9
2026-01-08 18:15:00,0.23455479029834098,6.9101123595505465,570.9,534.0
2026-01-08 18:30:00,0.32542843602826366,7.042517325341824,571.5,533.9
2026-01-08 19:00:00,0.36117068548527637,7.094594594594605,570.6,532.8
2026-01-08 19:15:00,0.37680276673536117,7.117370892018782,570.4,532.5
2026-01-08 19:30:00,0.3602569604134942,7.093263276412087,570.7,532.9
2026-01-08 19:45:00,0.3179969494379787,7.03168948059254,570.8,533.3
2026-01-08 20:00:00,0.34464591549946844,7.070517629407336,570.9,533.2
2026-01-08 20:15:00,0.3189020633110885,7.033008252063011,570.7,533.2
2026-01-08 20:30:00,0.38601530529405353,7.130793769938082,570.9,532.9
2026-01-08 20:45:00,0.3850970903733542,7.129455909943716,571.0,533.0
2026-01-08 21:00:00,0.4117736501746129,7.1683242634640765,571.1,532.9
2026-01-08 21:15:00,0.395214024181172,7.14419651228202,571.4,533.3
2026-01-08 21:30:00,0.44576317219219036,7.217847769028873,571.9,533.4
2026-01-08 21:45:00,0.5229657705434162,7.330333708286463,572.5,533.4
2026-01-08 22:00:00,0.5352573450412934,7.348242811501593,571.2,532.1
2026-01-08 22:15:00,0.42557863399714757,7.18843843843846,571.1,532.8
2026-01-08 22:30:00,0.47804082445947915,7.26487704148675,571.4,532.7
2026-01-08 22:45:00,0.42372735862902156,7.185741088180109,571.3,533.0
2026-01-08 23:00:00,0.3850970903733542,7.129455909943716,571.0,533.0
2026-01-08 23:15:00,0.4154693075433908,7.173708920187805,570.7,532.5
2026-01-08 23:30:00,0.23057601735066954,6.904315196998123,569.8,533.0
2026-01-09 09:45:00,0.5686135133791471,7.396843506370021,564.8,525.9
2026-01-09 10:00:00,0.21804463364664553,6.886056686322983,561.9,525.7
2026-01-09 10:15:00,0.15606291323108998,6.795747911921035,562.6,526.8
2026-01-09 10:30:00,0.13176782139705992,6.76034941131789,562.2,526.6
2026-01-09 10:45:00,0.1178561168256437,6.740079741788496,562.2,526.7
2026-01-09 11:00:00,0.1717562673317426,6.818613485280145,562.4,526.5
2026-01-09 11:15:00,0.1847919957143186,6.837606837606836,562.5,526.5
2026-01-09 11:30:00,0.10219940165471941,6.71726755218216,562.4,527.0
2026-01-09 11:45:00,0.07702271722792906,6.680584551148239,562.1,526.9
2026-01-09 12:00:00,0.12401229256173733,6.749049429657794,561.5,526.0
2026-01-09 12:15:00,0.16138119502725845,6.803496769289241,562.0,526.2
2026-01-09 12:30:00,0.10394969384291607,6.71981776765378,562.2,526.8
2026-01-09 12:45:00,0.10570131553521016,6.722369920243065,562.0,526.6
2026-01-09 13:00:00,0.10570131553521016,6.722369920243065,562.0,526.6
2026-01-09 13:15:00,0.07702271722792906,6.680584551148239,562.1,526.9
2026-01-09 13:30:00,0.10394969384291607,6.71981776765378,562.2,526.8
2026-01-09 13:45:00,0.09179455998712122,6.702107461553064,562.0,526.7
2026-01-09 14:00:00,0.13088689524489733,6.759065881906201,562.3,526.7
2026-01-09 14:15:00,0.13088689524489733,6.759065881906201,562.3,526.7
2026-01-09 14:30:00,0.13088689524489733,6.759065881906201,562.3,526.7
2026-01-09 14:45:00,0.1717562673317426,6.818613485280145,562.4,526.5
2026-01-09 15:00:00,0.18568349689550628,6.838905775075999,562.4,526.4
2026-01-09 15:15:00,0.1865753368572865,6.84020520615618,562.3,526.3
2026-01-09 15:30:00,0.13088689524489733,6.759065881906201,562.3,526.7
2026-01-09 15:45:00,0.1587205389491678,6.799620132953455,562.3,526.5
2026-01-09 16:00:00,0.15783432725889446,6.798328902392692,562.4,526.6
2026-01-09 16:15:00,0.1587205389491678,6.799620132953455,562.3,526.5
2026-01-09 16:30:00,0.14391767366415095,6.778052022023906,562.4,526.7
2026-01-09 16:45:00,0.15783432725889446,6.798328902392692,562.4,526.6
2026-01-09 17:00:00,0.10482533840637484,6.721093601670769,562.1,526.7
2026-01-09 17:15:00,0.13176782139705992,6.76034941131789,562.2,526.6
2026-01-09 17:30:00,0.07789308414881387,6.68185269552013,562.0,526.8
2026-01-09 17:45:00,0.09092138899586497,6.700835231586955,562.1,526.8
2026-01-09 18:00:00,0.1178561168256437,6.740079741788496,562.2,526.7
2026-01-09 18:15:00,0.13176782139705992,6.76034941131789,562.2,526.6
2026-01-09 18:30:00,0.063996885014168,6.661605617764277,562.0,526.9
2026-01-09 19:00:00,0.11697799868995193,6.738800303720582,562.3,526.8
2026-01-09 19:15:00,0.17678369841443992,6.825938566552892,563.4,527.4
2026-01-09 19:30:00,0.15075673218987168,6.788016685627629,563.2,527.4
2026-01-09 19:45:00,0.1386243060605222,6.7703394652000926,563.0,527.3
2026-01-09 20:00:00,0.1004504374575706,6.714719271623659,562.6,527.2
2026-01-09 20:15:00,0.1134688573995873,6.733687405159339,562.7,527.2
2026-01-09 20:30:00,0.15075673218987168,6.788016685627629,563.2,527.4
2026-01-09 20:45:00,0.1516402571195497,6.789304001517182,563.1,527.3
2026-01-09 21:00:00,0.08656050182441227,6.694481319931733,562.6,527.3
2026-01-09 21:15:00,0.12648727734157353,6.752655538694974,562.8,527.2
2026-01-09 21:30:00,0.05010595957939519,6.641366223908918,562.0,527.0
2026-01-09 21:45:00,0.10307438165542068,6.718542417916118,562.3,526.9
2026-01-09 22:00:00,0.063996885014168,6.661605617764277,562.0,526.9
2026-01-09 22:15:00,0.11961335380145625,6.742640075973405,562.0,526.5
2026-01-09 22:30:00,0.10657762541888087,6.723646723646715,561.9,526.5
2026-01-09 22:45:00,0.09179455998712122,6.702107461553064,562.0,526.7
2026-01-09 23:00:00,0.09179455998712122,6.702107461553064,562.0,526.7
2026-01-09 23:15:00,0.06660155674244313,6.66540068363084,561.7,526.6
2026-01-09 23:30:00,0.10219940165471941,6.71726755218216,562.4,527.0
2026-01-12 06:45:00,0.019763381233143227,6.597156398104254,562.3,527.5
2026-01-12 07:00:00,0.141269483211224,6.7741935483871085,562.7,527.0
2026-01-12 07:15:00,0.055336026694367095,6.648986550483049,563.0,527.9
2026-01-12 07:30:00,0.05966235040379355,6.655290102389078,562.5,527.4
2026-01-12 07:45:00,0.16554253716759318,6.809559939301968,563.1,527.2
2026-01-12 08:00:00,0.15517771051041918,6.794458151451899,562.7,526.9
2026-01-12 08:15:00,0.09608382701653914,6.708357021034672,563.1,527.7
2026-01-12 08:30:00,0.07093938694461997,6.671721000758146,562.8,527.6
2026-01-12 08:45:00,0.07180744563827435,6.672985781990537,562.7,527.5
2026-01-12 09:00:00,0.12297358704640114,6.747536012130406,563.2,527.6
2026-01-12 09:15:00,0.10908991190080757,6.727307182111053,563.2,527.7
2026-01-12 09:30:00,0.18033956476771337,6.831119544592035,563.0,527.0
2026-01-12 09:45:00,0.1690912180781411,6.81473044798786,562.7,526.8
2026-01-12 10:00:00,0.09957645288343976,6.713445856248823,562.7,527.3
2026-01-12 10:15:00,0.14656888257128242,6.781914893617036,562.1,526.4
2026-01-12 10:30:00,0.055301449148074534,6.64893617021276,561.4,526.4
2026-01-12 10:45:00,0.027501797949660865,6.608431447018592,561.4,526.6
2026-01-12 11:00:00,0.0229460033743247,6.601793550849089,558.7,524.1
2026-01-12 11:15:00,0.006405073949003592,6.577693040991428,559.0,524.5
2026-01-12 11:30:00,0.12947910356990855,6.75701469746135,559.3,523.9
2026-01-12 11:45:00,0.1408048069248177,6.773516504483879,559.6,524.1
2026-01-12 12:00:00,0.030845186256324018,6.613302839717927,559.4,524.7
2026-01-12 12:15:00,0.037860927039806196,6.623524933384095,560.2,525.4
2026-01-12 12:30:00,0.011734885953303402,6.585458698134761,560.0,525.4
2026-01-12 12:45:00,0.059617681697457695,6.655225019069411,559.3,524.4
2026-01-12 13:00:00,0.030845186256324018,6.613302839717927,559.4,524.7
2026-01-12 13:15:00,0.005544518231129335,6.57643919176516,559.1,524.6
2026-01-12 13:30:00,0.015892889817466158,6.5915170042032845,557.9,523.4
2026-01-12 13:45:00,0.042988281176211944,6.630995604815593,558.0,523.3
2026-01-12 14:00:00,0.041249576877010447,6.628462273161428,558.2,523.5
2026-01-12 14:15:00,0.07970450621310664,6.68449197860963,558.6,523.6
2026-01-12 14:30:00,0.12522253124663105,6.750812774909165,558.2,522.9
2026-01-12 14:45:00,0.09985280532558644,6.713848508033671,557.9,522.8
2026-01-12 15:00:00,0.09024303927946407,6.699846860643177,557.4,522.4
2026-01-12 15:15:00,0.1419050730547174,6.775119617224878,557.9,522.5
2026-01-12 15:30:00,0.26103753184172407,6.948698315467095,558.7,522.4
2026-01-12 15:45:00,0.20758269021667014,6.870813397129183,558.4,522.5
2026-01-12 16:00:00,0.2561073036251194,6.94151486097796,557.7,521.5
2026-01-12 16:15:00,0.3115226858802634,7.022256331542587,557.8,521.2
2026-01-12 16:30:00,0.31358968339933235,7.02526799387444,559.1,522.4
2026-01-12 16:45:00,0.26103753184172407,6.948698315467095,558.7,522.4
2026-01-12 17:00:00,0.30137228917592546,7.007466973004028,558.9,522.3
2026-01-12 17:15:00,0.25921238536108004,6.946039035591256,558.9,522.6
2026-01-12 17:30:00,0.34358065265029547,7.068965517241366,558.9,522.0
2026-01-12 17:45:00,0.36606618406697494,7.101727447216888,558.0,521.0
2026-01-12 18:00:00,0.18995145226343935,6.845124282982784,558.8,523.0
2026-01-12 18:15:00,0.23971991676070667,6.91763806611887,559.5,523.3
2026-01-12 18:30:00,0.2519257478259452,6.935422239205202,559.7,523.4
2026-01-12 19:00:00,0.10768344570966092,6.725257928926265,558.6,523.4
2026-01-12 19:15:00,0.06659657841817336,6.665393430099309,558.5,523.6
2026-01-12 19:30:00,0.14702225537773567,6.782575468093244,558.9,523.4
2026-01-12 19:45:00,0.10856549303771527,6.726543091916692,558.5,523.3
2026-01-12 20:00:00,0.13390931882170568,6.763469621704243,558.8,523.4
2026-01-12 20:15:00,0.12168093541001045,6.745652589336904,558.6,523.3
2026-01-12 20:30:00,0.09545005066540546,6.707433594496459,558.4,523.3
2026-01-12 20:45:00,0.1645989569117223,6.808185121438148,558.5,522.9
2026-01-12 21:00:00,0.20848538028409933,6.872128637059727,558.3,522.4
2026-01-12 21:15:00,0.180414325735094,6.831228473019513,558.3,522.6
2026-01-12 21:30:00,0.15236474865706362,6.790359602142315,558.3,522.8
2026-01-12 21:45:00,0.1645989569117223,6.808185121438148,558.5,522.9
2026-01-12 22:00:00,0.1935473356727507,6.850363566781459,558.4,522.6
2026-01-12 22:15:00,0.20758269021667014,6.870813397129183,558.4,522.5
2026-01-12 22:30:00,0.20938841601114525,6.873444380624183,558.2,522.3
2026-01-12 22:45:00,0.19624786270188657,6.854298295998484,558.1,522.3
2026-01-12 23:00:00,0.22434111227817985,6.89523079869756,558.1,522.1
2026-01-12 23:15:00,0.21119552523848253,6.876077379812284,558.0,522.1
2026-01-12 23:30:00,0.18310730939262793,6.835152211372786,558.0,522.3
2026-01-13 06:45:00,0.08496772769864352,6.692160611854692,558.0,523.0
2026-01-13 07:00:00,0.13923676282420194,6.771231828615165,558.2,522.8
2026-01-13 07:15:00,0.23930526874548003,6.917033914543014,558.0,521.9
2026-01-13 07:30:00,0.20848538028409933,6.872128637059727,558.3,522.4
2026-01-13 07:45:00,0.285478405236424,6.984309223115193,559.1,522.6
2026-01-13 08:00:00,0.24516983848111676,6.92557872584656,558.9,522.7
2026-01-13 08:15:00,0.20577834626709024,6.86818442701358,558.6,522.7
2026-01-13 08:30:00,0.20577834626709024,6.86818442701358,558.6,522.7
2026-01-13 08:45:00,0.22071821364906982,6.889952153110057,558.5,522.5
2026-01-13 09:00:00,0.1193253959136416,6.742220514790631,555.7,520.6
2026-01-13 09:15:00,0.10436996174118936,6.720430107526876,555.8,520.8
2026-01-13 09:30:00,0.07186999860029103,6.673076923076926,554.7,520.0
2026-01-13 09:45:00,0.08506867358763909,6.692307692307686,554.8,520.0
2026-01-13 10:00:00,0.10436996174118936,6.720430107526876,555.8,520.8
2026-01-13 10:15:00,0.11146602356235046,6.730769230769229,555.0,520.0
2026-01-13 10:30:00,0.10181341290955512,6.716705157813707,554.5,519.6
2026-01-13 10:45:00,0.2156660892519813,6.882591093117396,554.4,518.7
2026-01-13 11:00:00,0.23572771144868102,6.9118213323065,555.3,519.4
2026-01-13 11:15:00,0.17236147067218643,6.81949528029282,554.5,519.1
2026-01-13 11:30:00,0.19010834078356995,6.8453528731199365,554.1,518.6
2026-01-13 11:45:00,0.17777759220663233,6.827386692381876,553.9,518.5
2026-01-13 12:00:00,0.1035884932464494,6.719291490180979,554.3,519.4
2026-01-13 12:15:00,0.07892691727610615,6.683359013867474,553.9,519.2
2026-01-13 12:30:00,0.10369310239777067,6.719443908090383,552.7,517.9
2026-01-13 12:45:00,0.10280280059766672,6.7181467181467,552.8,518.0
2026-01-13 13:00:00,0.10993485477030832,6.728538283062635,552.0,517.2
2026-01-13 13:15:00,0.08073287697344626,6.6859903381642605,552.1,517.5
2026-01-13 13:30:00,0.049804260107913924,6.6409266409266365,552.4,518.0
2026-01-13 13:45:00,0.018794475778803568,6.595744680851068,551.1,517.0
2026-01-13 14:00:00,0.013390227056822633,6.587870567719434,550.1,516.1
2026-01-13 14:15:00,0.008139837528203943,6.580220630927047,550.7,516.7
2026-01-13 14:30:00,-0.0033995022230551525,6.563407550822831,550.4,516.5
2026-01-13 14:45:00,0.07899349889373188,6.683456024796586,550.7,516.2
2026-01-13 15:00:00,0.03734488207643541,6.62277304415182,550.6,516.4
2026-01-13 15:15:00,0.02493200296930804,6.604687197365888,550.4,516.3
2026-01-13 15:30:00,-0.0308425704747515,6.523422377080901,550.3,516.6
2026-01-13 15:45:00,-0.0016545203443632682,6.565950029052892,550.2,516.3
2026-01-13 16:00:00,0.06747044027116994,6.666666666666665,550.4,516.0
2026-01-13 16:15:00,-0.010592293013214661,6.552927491275695,549.6,515.8
2026-01-13 16:30:00,-0.02824104365803457,6.527212860739895,550.0,516.3
2026-01-13 16:45:00,-0.0380712032278792,6.512890094979662,549.5,515.9
2026-01-13 17:00:00,-0.06553946270216722,6.472868217054262,549.4,516.0
2026-01-13 17:15:00,-0.023292910089174116,6.534422403733942,547.8,514.2
2026-01-13 17:30:00,-0.06458494545773151,6.474258970358826,546.0,512.8
2026-01-13 17:45:00,-0.080559134848477,6.450984213603594,546.2,513.1
2026-01-13 18:00:00,-0.15638184261938132,6.340508806262224,543.4,511.0
2026-01-13 18:15:00,-0.09009073299469077,6.437096458618652,544.0,511.1
2026-01-13 18:30:00,0.10940694790129446,6.7277691107644255,547.3,512.8
2026-01-13 19:00:00,-0.0020585236209077805,6.565361387103064,547.0,513.3
2026-01-13 19:15:00,0.02115389083789276,6.599182402180248,547.6,513.7
2026-01-13 19:30:00,0.05945723420763511,6.654991243432584,548.1,513.9
2026-01-13 19:45:00,0.03451443394365752,6.618649016935962,547.7,513.7
2026-01-13 20:00:00,0.06657869584273594,6.66536737478074,547.3,513.1
2026-01-13 20:15:00,0.08711945346076319,6.695295725161055,546.6,512.3
2026-01-13 20:30:00,0.0023350135265045543,6.571762870514819,546.5,512.8
2026-01-13 20:45:00,-0.050331659869531344,6.495026331187814,546.0,512.7
2026-01-13 21:00:00,-0.031706480938246163,6.522163639914069,545.5,512.1
2026-01-13 21:15:00,-0.005781089269486166,6.559937524404513,545.8,512.2
2026-01-13 21:30:00,-0.080559134848477,6.450984213603594,546.2,513.1
2026-01-13 21:45:00,-0.025307143834383344,6.531487619418996,546.4,512.9
2026-01-13 22:00:00,-0.039559750659418594,6.510721247563356,546.4,513.0
2026-01-13 22:15:00,-0.0689132965940565,6.467952464445759,546.5,513.3
2026-01-13 22:30:00,-0.08573045400811859,6.443449484134689,546.8,513.7
2026-01-13 22:45:00,-0.12922173758615188,6.380081696168061,546.9,514.1
2026-01-13 23:00:00,-0.13007332227780521,6.37884091793075,547.0,514.2
2026-01-13 23:15:00,-0.05900936779660432,6.482382713646095,547.0,513.7
2026-01-13 23:30:00,-0.14257188540452678,6.360630227582176,546.8,514.1
2026-01-14 06:45:00,0.6420814954489826,7.503888024883354,553.0,514.4
2026-01-14 07:00:00,-0.23099231696567765,6.2317996505532935,547.2,515.1
2026-01-14 07:15:00,-0.15020091162383628,6.349514563106795,547.7,515.0
2026-01-14 07:30:00,-0.06506368855466843,6.473561430793162,547.7,514.4
2026-01-14 07:45:00,-0.05085483837621661,6.49426404822091,547.7,514.3
2026-01-14 08:00:00,-0.04304125472748522,6.505648617062709,546.8,513.4
2026-01-14 08:15:00,-0.080559134848477,6.450984213603594,546.2,513.1
2026-01-14 08:30:00,-0.1104026974108461,6.407501465129917,544.7,511.9
2026-01-14 08:45:00,-0.08358765152913798,6.4465715960148495,544.9,511.9
2026-01-14 09:00:00,-0.15147632970134536,6.34765625,544.5,512.0
2026-01-14 09:15:00,-0.1782861382694147,6.308593749999991,544.3,512.0
2026-01-14 09:30:00,-0.17913163408736585,6.307361843389958,544.4,512.1
2026-01-14 09:45:00,-0.07926179840977952,6.452874462260461,544.4,511.4
2026-01-14 10:00:00,-0.22521379223400856,6.240219092331767,543.1,511.2
2026-01-14 10:15:00,-0.2067024284903798,6.267190569744585,540.9,509.0
2026-01-14 10:30:00,-0.22859395552360387,6.23529411764705,541.8,510.0
2026-01-14 10:45:00,-0.2159780696840133,6.2536757498529605,542.0,510.1
2026-01-14 11:00:00,-0.3358854703405485,6.078967943706015,542.7,511.6
2026-01-14 11:15:00,-0.32165178613997303,6.099706744868039,542.7,511.5
2026-01-14 11:30:00,-0.05568992999554135,6.487219209914796,549.9,516.4
2026-01-14 11:45:00,-0.11874342389150756,6.395348837209292,549.0,516.0
2026-01-14 12:00:00,-0.16537924900521656,6.3273993808049545,549.5,516.8
2026-01-14 12:15:00,-0.13906438129020274,6.365740740740744,551.4,518.4
2026-01-14 12:30:00,-0.054978568596222396,6.488255679630361,553.1,519.4
2026-01-14 12:45:00,-0.025098301451313577,6.53179190751445,552.9,519.0
2026-01-14 13:00:00,-0.002990243652339674,6.564003849855626,553.6,519.5
2026-01-14 13:15:00,0.013702769225260729,6.588325948757445,553.3,519.1
2026-01-14 13:30:00,0.09746820010872773,6.71037408407249,553.4,518.6
2026-01-14 13:45:00,-0.023370093309212196,6.534309946029326,552.7,518.8
2026-01-14 14:00:00,0.06218690601911771,6.658968437259438,554.2,519.6
2026-01-14 14:15:00,0.041972615673507976,6.629515757109905,554.9,520.4
2026-01-14 14:30:00,-0.05889662059739061,6.4825469888761145,555.2,521.4
2026-01-14 14:45:00,0.05165635964116379,6.643625192012292,555.4,520.8
2026-01-14 15:00:00,0.09295846931577491,6.70380330388014,555.5,520.6
2026-01-14 15:15:00,0.13340042099571714,6.762728146013464,555.7,520.5
2026-01-14 15:30:00,0.10603082892094974,6.722850028730143,557.2,522.1
2026-01-14 15:45:00,0.17862072032280218,6.828615149196637,558.5,522.8
2026-01-14 16:00:00,0.047282940706140385,6.6372530212929215,555.9,521.3
2026-01-14 16:15:00,0.08233460829311089,6.688324097076248,558.3,523.3
2026-01-14 16:30:00,-0.01634026447585975,6.544552566304129,558.4,524.1
2026-01-14 16:45:00,0.11726154713450417,6.739213440244374,559.1,523.8
2026-01-14 17:00:00,0.21439147071143858,6.8807339449541205,559.2,523.2
2026-01-14 17:15:00,0.24375486021799198,6.92351707037957,560.6,524.3
2026-01-14 17:30:00,0.3025392787268662,7.009167303284936,560.3,523.6
2026-01-14 17:45:00,0.30621711473659885,7.014525993883769,559.9,523.2
2026-01-14 18:00:00,0.22841471132068866,6.901166125023894,559.2,523.1
2026-01-14 18:15:00,0.27906624387760565,6.974966558379525,559.8,523.3
2026-01-14 18:30:00,0.2266044743884121,6.898528568698659,559.4,523.3
2026-01-14 19:00:00,0.14457644913383752,6.779011872845642,557.6,522.2
2026-01-14 19:15:00,0.21662516943475613,6.883988494726756,557.4,521.5
2026-01-14 19:30:00,0.2088914513342469,6.872720291802659,556.7,520.9
2026-01-14 19:45:00,0.1975222970059163,6.856155175724976,556.4,520.7
2026-01-14 20:00:00,0.2247931023050931,6.895889358432572,556.5,520.6
2026-01-14 20:15:00,0.2784463785896783,6.974063400576358,556.8,520.5
2026-01-14 20:30:00,0.10956857172402527,6.728004600345017,556.8,521.7
2026-01-14 20:45:00,0.15171514751687695,6.789413118527032,556.8,521.4
2026-01-14 21:00:00,0.179839819544415,6.830391404451253,556.8,521.2
2026-01-14 21:15:00,0.2079860844103705,6.871401151631473,556.8,521.0
2026-01-14 21:30:00,0.12450018965725193,6.749760306807295,556.7,521.5
2026-01-14 21:45:00,0.06747044027116994,6.666666666666665,556.8,522.0
2026-01-14 22:00:00,0.10956857172402527,6.728004600345017,556.8,521.7
2026-01-14 22:15:00,0.09553048266155478,6.707550785741656,556.8,521.8
2026-01-14 22:30:00,0.026288821901331083,6.606664113366523,556.7,522.2
2026-01-14 22:45:00,0.19909677671710801,6.858449228424468,560.9,524.9
2026-01-14 23:00:00,0.3341430555575785,7.055214723926362,558.4,521.6
2026-01-14 23:15:00,0.36606618406697494,7.101727447216888,558.0,521.0
2026-01-14 23:30:00,0.23342269227107218,6.9084628670121,557.1,521.1
2026-01-15 06:45:00,0.08854374211242728,6.697370946075609,556.0,521.1
2026-01-15 07:00:00,0.18131164335190122,6.832535885167479,558.2,522.5
2026-01-15 07:15:00,0.1454675900400118,6.780310285385927,557.5,522.1
2026-01-15 07:30:00,0.10603082892094974,6.722850028730143,557.2,522.1
2026-01-15 07:45:00,0.07710500139006185,6.680704441041341,557.3,522.4
2026-01-15 08:00:00,0.12627750422147938,6.752349894494536,556.5,521.3
2026-01-15 08:15:00,0.09464839783597845,6.706265568116487,556.9,521.9
2026-01-15 08:30:00,0.03769088772185518,6.623277182235832,557.0,522.4
2026-01-15 08:45:00,0.057848771893210735,6.652647677308354,557.9,523.1
2026-01-15 09:00:00,0.15682620277411058,6.796860042121389,557.8,522.3
2026-01-15 09:15:00,0.15593322872649043,6.795558958652381,557.9,522.4
2026-01-15 09:30:00,0.06309193246036496,6.6602870813397,557.3,522.5
2026-01-15 09:45:00,0.1628124269255095,6.80558210667177,558.7,523.1
2026-01-15 10:00:00,0.17562275481997044,6.824247045367882,560.4,524.6
2026-01-15 10:15:00,0.16849113247232017,6.813856109630767,561.2,525.4
2026-01-15 10:30:00,0.23019887386701285,6.903765690376584,562.1,525.8
2026-01-15 10:45:00,0.2952004389088248,6.998474446987046,561.1,524.4
2026-01-15 11:00:00,0.3494047466269978,7.077451354444841,561.3,524.2
2026-01-15 11:15:00,0.29886705773395766,7.003816793893147,560.7,524.0
2026-01-15 11:30:00,0.3410792324930032,7.06532089125882,562.2,525.1
2026-01-15 11:45:00,0.34200288000813756,7.0666666666666655,562.1,525.0
2026-01-15 12:00:00,0.328008748788135,7.046276899638171,562.1,525.1
2026-01-15 12:15:00,0.2590249494438088,6.945765937202664,562.0,525.5
2026-01-15 12:30:00,0.2590249494438088,6.945765937202664,562.0,525.5
2026-01-15 12:45:00,0.27175903309203764,6.9643197863003214,560.6,524.1
2026-01-15 13:00:00,0.24726104716041722,6.928625664388766,563.3,526.8
2026-01-15 13:15:00,0.20907156576044958,6.872982722612475,562.9,526.7
2026-01-15 13:30:00,0.2203068715791635,6.889352818371619,563.2,526.9
2026-01-15 13:45:00,0.2530590873008388,6.937073540561034,564.2,527.6
2026-01-15 14:00:00,0.22435107294273807,6.895245311612053,564.3,527.9
2026-01-15 14:15:00,0.3571274875043859,7.088703563305532,565.0,527.6
2026-01-15 14:30:00,0.36266661203134054,7.096774193548372,564.4,527.0
2026-01-15 14:45:00,0.34319943981748685,7.068410081485688,565.0,527.7
2026-01-15 15:00:00,0.31993201264968313,7.034508911642012,564.5,527.4
2026-01-15 15:15:00,0.3645157907838466,7.099468488990146,564.2,526.8
2026-01-15 15:30:00,0.3337026978597856,7.054573112759077,563.0,525.9
2026-01-15 15:45:00,0.22479811121972892,6.895896656534961,562.7,526.4
2026-01-15 16:00:00,0.21127314680006137,6.87619047619048,561.1,525.0
2026-01-15 16:15:00,0.16938139734087085,6.815153245764338,561.1,525.3
2026-01-15 16:30:00,0.1824469046574937,6.834189986674288,561.2,525.3
2026-01-15 16:45:00,0.08661496187069252,6.694560669456084,561.0,525.8
2026-01-15 17:00:00,0.06659907469084442,6.665397067225287,560.1,525.1
2026-01-15 17:15:00,-0.04221717834520231,6.506849315068486,559.8,525.6
2026-01-15 17:30:00,-0.0763322662577215,6.45714285714285,558.9,525.0
2026-01-15 17:45:00,-0.02489431124321339,6.532089125880769,559.4,525.1
2026-01-15 18:00:00,0.004684290531436255,6.575185820468832,559.2,524.7
2026-01-15 18:15:00,-0.01780970139935863,6.5424115633320845,560.2,525.8
2026-01-15 18:30:00,0.08661496187069252,6.694560669456084,561.0,525.8
2026-01-15 19:00:00,0.09011300921281179,6.699657403882764,560.6,525.4
2026-01-15 19:15:00,0.13706041232109786,6.768060836501899,561.6,526.0
2026-01-15 19:30:00,0.09354189703630547,6.704653371320024,561.8,526.5
2026-01-15 19:45:00,0.09354189703630547,6.704653371320024,561.8,526.5
2026-01-15 20:00:00,0.15694845208341984,6.797038162141633,562.5,526.7
2026-01-15 20:15:00,0.20817613261927914,6.871678056188313,563.0,526.8
2026-01-15 20:30:00,0.19336292528654822,6.850094876660351,563.1,527.0
2026-01-15 20:45:00,0.166429202460552,6.810851830772147,563.0,527.1
2026-01-15 21:00:00,0.21175990644498274,6.876899696048633,562.6,526.4
2026-01-15 21:15:00,0.23423274231338134,6.909643128321963,563.2,526.8
2026-01-15 21:30:00,0.22120443746633026,6.890660592255138,563.1,526.8
2026-01-15 21:45:00,0.20817613261927914,6.871678056188313,563.0,526.8
2026-01-15 22:00:00,0.22524770448782833,6.896551724137945,564.2,527.8
2026-01-15 22:15:00,0.22793963885359153,6.900473933649276,563.9,527.5
2026-01-15 22:30:00,0.18623684245623287,6.839712012125809,563.9,527.8
2026-01-15 22:45:00,0.20102488719905764,6.861258529188774,563.8,527.6
2026-01-15 23:00:00,0.2557678655917391,6.941020292053857,563.9,527.3
2026-01-15 23:15:00,0.24365305681961721,6.923368740515934,563.7,527.2
2026-01-15 23:30:00,0.18534760073157086,6.838416366736122,564.0,527.9
2026-01-16 06:45:00,0.35436264697994185,7.084675127865125,565.3,527.9
2026-01-16 07:00:00,0.15075673218987168,6.788016685627629,563.2,527.4
2026-01-16 07:15:00,0.11084049394209222,6.729857819905205,563.0,527.5
2026-01-16 07:30:00,0.11946522052438188,6.742424242424239,563.6,528.0
2026-01-16 07:45:00,0.13510208166931395,6.7652075042637705,563.4,527.7
2026-01-16 08:00:00,0.07873171036008585,6.6830745929572055,563.5,528.2
2026-01-16 08:15:00,0.05274416400103388,6.645210147671321,563.3,528.2
2026-01-16 08:30:00,0.08220787703866528,6.688139446760144,563.1,527.8
2026-01-16 08:45:00,0.0830777421322707,6.689406859958291,563.0,527.7
2026-01-16 09:00:00,0.03622030484294722,6.621134509580728,562.0,527.1
2026-01-16 09:15:00,0.07615268061706493,6.67931688804555,562.2,527.0
2026-01-16 09:30:00,0.012906923003747666,6.587166382737086,563.1,528.3
2026-01-16 09:45:00,0.030193394329881485,6.612353164077311,562.7,527.8
2026-01-16 10:00:00,0.009486475002969974,6.582182712313212,563.5,528.7
2026-01-16 10:15:00,0.05188086390904493,6.643952299829636,563.4,528.3
2026-01-16 10:30:00,0.06054829100901739,6.656580937972767,564.0,528.8
2026-01-16 10:45:00,0.0018093582595509372,6.570996978851951,564.4,529.6
2026-01-16 11:00:00,0.03811237601044957,6.623891300245344,565.0,529.9
2026-01-16 11:15:00,-0.03537983151039644,6.516811484699669,563.9,529.4
2026-01-16 11:30:00,-0.006900472024500458,6.558306558306537,563.8,529.1
2026-01-16 11:45:00,-0.01987214277372456,6.539406539406545,563.7,529.1
2026-01-16 12:00:00,-0.048344151482879565,6.497922176048343,563.8,529.4
2026-01-16 12:15:00,-0.0855663505875037,6.443688586545715,563.3,529.2
2026-01-16 12:30:00,-0.031997834995841586,6.521739130434789,563.5,529.0
2026-01-16 12:45:00,-0.09140849572807733,6.435176448386493,564.0,529.9
2026-01-16 13:00:00,-0.09780574334742227,6.425855513307965,559.8,526.0
2026-01-16 13:15:00,-0.15559914829184346,6.341649209674349,558.4,525.1
2026-01-16 13:30:00,-0.1622201349033107,6.33200228180264,559.2,525.9
2026-01-16 13:45:00,-0.20627985576283708,6.267806267806275,559.5,526.5
2026-01-16 14:00:00,-0.19570131763916782,6.283219438116938,559.9,526.8
2026-01-16 14:15:00,-0.20300915409681172,6.272571754419309,559.1,526.1
2026-01-16 14:30:00,-0.15559914829184346,6.341649209674349,558.4,525.1
2026-01-16 14:45:00,-0.178563762165844,6.308189245677376,559.5,526.3
2026-01-16 15:00:00,-0.19727344273871894,6.280928816140086,558.4,525.4
2026-01-16 15:15:00,-0.15973962686273638,6.335616438356162,558.9,525.6
2026-01-16 15:30:00,-0.2013719374898862,6.274957216200794,558.9,525.9
2026-01-16 15:45:00,-0.21197182620386604,6.259512937595124,558.5,525.6
2026-01-16 16:00:00,-0.2013719374898862,6.274957216200794,558.9,525.9
2026-01-16 16:15:00,-0.18749977921320699,6.2951692658805625,558.9,525.8
2026-01-16 16:30:00,-0.21687539853684917,6.2523683213338455,560.8,527.8
2026-01-16 16:45:00,-0.217688278783773,6.251183936351579,560.9,527.9
2026-01-16 17:00:00,-0.30949171656463575,6.11742424242423,560.3,528.0
2026-01-16 17:15:00,-0.2534679568936885,6.199052132701421,560.2,527.5
2026-01-16 17:30:00,-0.2193131157249607,6.248816512024247,561.1,528.1
2026-01-16 17:45:00,-0.25508046485849506,6.196702671972698,560.4,527.7
2026-01-16 18:00:00,-0.24449824124811703,6.212121212121202,560.8,528.0
2026-01-16 18:15:00,-0.26888988124563296,6.176582038651013,560.4,527.8
2026-01-16 18:30:00,-0.2282572636405912,6.235784685367696,560.5,527.6
2026-01-16 19:00:00,-0.2777064786645153,6.163736055965208,561.5,528.9
2026-01-16 19:15:00,-0.27690648552090413,6.16490166414525,561.4,528.8
2026-01-16 19:30:00,-0.2882895317678464,6.148316307226631,561.1,528.6
2026-01-16 19:45:00,-0.27370348496338287,6.169568508705536,561.0,528.4
2026-01-16 20:00:00,-0.22418025070467887,6.2417249858142565,561.7,528.7
2026-01-16 20:15:00,-0.19821728118160853,6.279553622091916,561.9,528.7
2026-01-16 20:30:00,-0.19903230632168795,6.278366111951605,562.0,528.8
2026-01-16 20:45:00,-0.2639274556543757,6.183812405446298,561.5,528.8
2026-01-16 21:00:00,-0.21688031112494685,6.25236116358141,562.5,529.4
2026-01-16 21:15:00,-0.21769073414872367,6.251180358829078,562.6,529.5
2026-01-16 21:30:00,-0.18125657194803313,6.304265760664429,563.2,529.8
2026-01-16 21:45:00,-0.14074430663408233,6.363293051359498,563.3,529.6
2026-01-16 22:00:00,-0.24683354181430048,6.208718626155885,562.8,529.9
2026-01-16 22:15:00,-0.20310281257116597,6.272435291894962,562.5,529.3
2026-01-16 22:30:00,-0.12115812712247177,6.3918305597579606,562.6,528.8
2026-01-16 22:45:00,-0.07008126426710984,6.466250709018717,563.1,528.9
2026-01-16 23:00:00,-0.12418886343704412,6.3874147081121935,561.3,527.6
2026-01-16 23:15:00,-0.11034677977963887,6.407582938388612,561.3,527.5
2026-01-16 23:30:00,-0.2574969363114086,6.1931818181818254,560.7,528.0
2026-01-17 09:45:00,-0.8013140023790484,5.400828001505476,560.1,531.4
2026-01-17 10:00:00,-0.3473094497941257,6.062322946175636,561.6,529.5
2026-01-17 10:15:00,-0.3610545160151367,6.042296072507547,561.6,529.6
2026-01-17 10:30:00,-0.3351356678526579,6.08006042296072,561.8,529.6
2026-01-17 10:45:00,-0.3610545160151367,6.042296072507547,561.6,529.6
2026-01-17 11:00:00,-0.3610545160151367,6.042296072507547,561.6,529.6
2026-01-17 11:15:00,-0.3473094497941257,6.062322946175636,561.6,529.5
2026-01-17 11:30:00,-0.35948783082207836,6.044578768417086,561.4,529.4
2026-01-17 11:45:00,-0.3480950919338973,6.061178247734134,561.7,529.6
2026-01-17 12:00:00,-0.37947092557125733,6.01546294550257,562.2,530.3
2026-01-17 12:15:00,-0.40535556065866946,5.977748444276831,562.0,530.3
2026-01-17 12:30:00,-0.39163699698542614,5.997736703130885,562.0,530.2
2026-01-17 12:45:00,-0.392413243114971,5.9966056948896895,562.1,530.3
2026-01-17 13:00:00,-0.3641843391894705,6.037735849056602,562.0,530.0
2026-01-17 13:15:00,-0.3641843391894705,6.037735849056602,562.0,530.0
2026-01-17 13:30:00,-0.41829787820236786,5.958891193663973,561.9,530.3
2026-01-17 13:45:00,-0.419839733939898,5.9566446748350765,562.1,530.5
2026-01-17 14:00:00,-0.4069022956865075,5.975494816211135,562.2,530.5
2026-01-17 14:15:00,-0.43354522591547434,5.936675461741414,562.1,530.6
2026-01-17 14:30:00,-0.30921681969017917,6.1178247734138935,562.0,529.6
2026-01-17 14:45:00,-0.4030332693409213,5.981132075471707,561.7,530.0
2026-01-17 15:00:00,-0.38930650072666784,6.001132289111166,561.7,529.9
2026-01-17 15:15:00,-0.35045023920511587,6.057746744668813,562.0,529.9
2026-01-17 15:30:00,-0.33671095458506556,6.077765194412987,562.0,529.8
2026-01-17 15:45:00,-0.33671095458506556,6.077765194412987,562.0,529.8
2026-01-17 16:00:00,-0.3779132574722576,6.017732503301265,562.0,530.1
2026-01-17 16:15:00,-0.3488804374370335,6.060033981498947,561.8,529.7
2026-01-17 16:30:00,-0.37635441355282734,6.020003774297034,561.8,529.9
2026-01-17 16:45:00,-0.4289325561085698,5.943396226415088,561.5,530.0
2026-01-17 17:00:00,-0.3052488992570663,6.123606123606118,561.5,529.1
2026-01-17 17:15:00,-0.31822057000630505,6.104706104706104,561.4,529.1
2026-01-17 17:30:00,-0.29227722850782695,6.142506142506132,561.6,529.1
2026-01-17 17:45:00,-0.3441639115047843,6.066906066906075,561.2,529.1
2026-01-17 18:00:00,-0.29227722850782695,6.142506142506132,561.6,529.1
2026-01-17 18:15:00,-0.29227722850782695,6.142506142506132,561.6,529.1
2026-01-17 18:30:00,-0.20957270295124683,6.263008514664148,561.6,528.5
2026-01-17 18:45:00,-0.3327705056266023,6.083506518042703,561.5,529.3
2026-01-18 09:45:00,-0.37401394009637606,6.02341389728096,561.5,529.6
2026-01-18 10:00:00,-0.4121188076168267,5.967894239848914,561.1,529.5
2026-01-18 10:15:00,-0.36027132135866285,6.043437204910296,561.5,529.5
2026-01-18 10:30:00,-0.4258516364213336,5.947885196374614,561.1,529.6
2026-01-18 10:45:00,-0.37401394009637606,6.02341389728096,561.5,529.6
2026-01-18 11:00:00,-0.39993278825885487,5.985649546827787,561.3,529.6
2026-01-18 11:15:00,-0.3343475782295733,6.081208687440998,561.7,529.5
2026-01-18 11:30:00,-0.4030332693409213,5.981132075471707,561.7,530.0
2026-01-18 11:45:00,-0.4030332693409213,5.981132075471707,561.7,530.0
2026-01-18 12:00:00,-0.3351356678526579,6.08006042296072,561.8,529.6
2026-01-18 12:15:00,-0.3351356678526579,6.08006042296072,561.8,529.6
2026-01-18 12:30:00,-0.412892212340079,5.966767371601223,561.2,529.6
2026-01-18 12:45:00,-0.3732331929232152,6.024551463644934,561.4,529.5
2026-01-18 13:00:00,-0.3991569360522743,5.986779981114276,561.2,529.5
2026-01-18 13:15:00,-0.38619506448775237,6.005665722379594,561.3,529.5
2026-01-18 13:30:00,-0.3205948709046747,6.101246694370999,561.7,529.4
2026-01-18 13:45:00,-0.30683696701550284,6.1212922728131725,561.7,529.3
2026-01-18 14:00:00,-0.30365963046418526,6.125921724333527,561.3,528.9
2026-01-18 14:15:00,-0.3449507418733832,6.065759637188184,561.3,529.2
2026-01-18 14:30:00,-0.3044544150750636,6.124763705103975,561.4,529.0
2026-01-18 14:45:00,-0.2639274556543757,6.183812405446298,561.5,528.8
2026-01-18 15:00:00,-0.3327705056266023,6.083506518042703,561.5,529.3
2026-01-18 15:15:00,-0.37401394009637606,6.02341389728096,561.5,529.6
2026-01-18 15:30:00,-0.38930650072666784,6.001132289111166,561.7,529.9
2026-01-18 15:45:00,-0.3359234599149923,6.078912592033214,561.9,529.7
2026-01-18 16:00:00,-0.308423835100499,6.118980169971677,561.9,529.5
2026-01-18 16:15:00,-0.38930650072666784,6.001132289111166,561.7,529.9
2026-01-18 16:30:00,-0.36027132135866285,6.043437204910296,561.5,529.5
2026-01-18 16:45:00,-0.4022585879005236,5.982260803925277,561.6,529.9
2026-01-18 17:00:00,-0.4022585879005236,5.982260803925277,561.6,529.9
2026-01-18 17:15:00,-0.38930650072666784,6.001132289111166,561.7,529.9
2026-01-18 17:30:00,-0.3641843391894705,6.037735849056602,562.0,530.0
2026-01-18 17:45:00,-0.3253354090380198,6.094339622641498,562.3,530.0
2026-01-18 18:00:00,-0.28329797152770037,6.155589123867067,562.2,529.6
2026-01-18 18:15:00,-0.36340232637897163,6.038875259482923,561.9,529.9
2026-01-18 18:30:00,-0.35045023920511587,6.057746744668813,562.0,529.9
2026-01-18 18:45:00,-0.3245460648574044,6.095489715040592,562.2,529.9
2026-01-19 06:45:00,-0.22092936746660424,6.2464615965276415,563.0,529.9
2026-01-19 07:00:00,-0.3261244554090677,6.093189964157708,562.4,530.1
2026-01-19 07:15:00,-0.22984463109741474,6.233471854930106,562.4,529.4
2026-01-19 07:30:00,-0.3052488992570663,6.123606123606118,561.5,529.1
2026-01-19 07:45:00,-0.26633388700934824,6.180306180306161,561.8,529.1
2026-01-19 08:00:00,-0.2541662049233231,6.198034769463323,562.0,529.2
2026-01-19 08:15:00,-0.26633388700934824,6.180306180306161,561.8,529.1
2026-01-19 08:30:00,-0.2549698897933344,6.196863782354067,562.1,529.3
2026-01-19 08:45:00,-0.22822776579472143,6.235827664399096,562.2,529.2
2026-01-19 09:00:00,-0.2274459246911382,6.236966824644541,560.4,527.5
2026-01-19 09:15:00,-0.29409871951126987,6.1398521887436,560.1,527.7
2026-01-19 09:30:00,-0.32328298496828656,6.09733005112667,560.3,528.1
2026-01-19 09:45:00,-0.3496728679711359,6.058879392212724,558.4,526.5
2026-01-19 10:00:00,-0.3919072424670276,5.997342949326256,558.5,526.9
2026-01-19 10:15:00,-0.3666415770232138,6.034155597722957,558.8,527.0
2026-01-19 10:30:00,-0.4891899927751737,5.855599772598064,558.6,527.7
2026-01-19 10:45:00,-0.42788723826657304,5.944919278252603,557.8,526.5
2026-01-19 11:00:00,-0.4723551171620781,5.8801285687275495,560.0,528.9
2026-01-19 11:15:00,-0.4287977405897026,5.943592655688068,559.7,528.3
2026-01-19 11:30:00,-0.35870404423768654,6.045720763272255,561.3,529.3
2026-01-19 11:45:00,-0.3571355822540389,6.048006048006038,561.1,529.1
2026-01-19 12:00:00,-0.3708891810019544,6.027966742252455,561.1,529.2
2026-01-19 12:15:00,-0.307630550932222,6.120136003022281,561.8,529.4
2026-01-19 12:30:00,-0.34573727493215206,6.064613640657468,561.4,529.3
2026-01-19 12:45:00,-0.4121188076168267,5.967894239848914,561.1,529.5
2026-01-19 13:00:00,-0.3815190858632104,6.012478729438464,560.7,528.9
2026-01-19 13:15:00,-0.4066967841862644,5.9757942511346585,560.4,528.8
2026-01-19 13:30:00,-0.4043686630295058,5.979186376537382,560.1,528.5
2026-01-19 13:45:00,-0.3484878017545409,6.060606060606055,560.0,528.0
2026-01-19 14:00:00,-0.50295505343516,5.835543766578266,558.6,527.8
2026-01-19 14:15:00,-0.5404624642512325,5.780894617134202,558.1,527.6
2026-01-19 14:30:00,-0.5995787678976141,5.694760820045564,556.8,526.8
2026-01-19 14:45:00,-0.6126070727446506,5.675778283978761,556.7,526.8
2026-01-19 15:00:00,-0.6037133212623231,5.688736681887363,555.5,525.6
2026-01-19 15:15:00,-0.6574107639284371,5.610498288322563,555.3,525.8
2026-01-19 15:30:00,-0.6741096822686651,5.586167585027568,555.7,526.3
2026-01-19 15:45:00,-0.6878762230122129,5.566109422492405,555.7,526.4
2026-01-19 16:00:00,-0.6922255899940093,5.559772296015164,556.3,527.0
2026-01-19 16:15:00,-0.66544971895575,5.598785348263435,556.4,526.9
2026-01-19 16:30:00,-0.5850610898037095,5.7159134067603645,556.7,526.6
2026-01-19 16:45:00,-0.6133463901007667,5.674701081799194,556.8,526.9
2026-01-19 17:00:00,-0.6128880464019757,5.675368898978439,558.6,528.6
2026-01-19 17:15:00,-0.6351925926982185,5.642870668434008,557.9,528.1
2026-01-19 17:30:00,-0.7550013911703932,5.4683065279091725,557.4,528.5
2026-01-19 17:45:00,-0.7304581564045954,5.504066578399836,557.8,528.7
2026-01-19 18:00:00,-0.7153245556984793,5.526116578349738,557.6,528.4
2026-01-19 18:15:00,-0.698731102721436,5.550293616215196,557.2,527.9
2026-01-19 18:30:00,-0.5910118052109304,5.707243079256741,557.5,527.4
2026-01-19 19:00:00,-0.7507357323363206,5.474521689713963,556.8,527.9
2026-01-19 19:15:00,-0.698009363593107,5.551345206517633,557.1,527.8
2026-01-19 19:30:00,-0.6712751811548104,5.590297517528908,557.2,527.7
2026-01-19 19:45:00,-0.672002122238715,5.589238347859049,557.3,527.8
2026-01-19 20:00:00,-0.6575394144802248,5.61031084154664,557.2,527.6
2026-01-19 20:15:00,-0.6965650645565759,5.553449583017422,556.9,527.6
2026-01-19 20:30:00,-0.7232995206918689,5.514496873223407,556.8,527.7
2026-01-19 20:45:00,-0.6170387714355285,5.669321198331434,557.3,527.4
2026-01-19 21:00:00,-0.6329912602071195,5.646078059871185,557.6,527.8
2026-01-19 21:15:00,-0.6177764077294845,5.668246445497616,557.4,527.5
2026-01-19 21:30:00,-0.6300522545478123,5.650360257868803,557.2,527.4
2026-01-19 21:45:00,-0.6568094560333018,5.611374407582948,557.1,527.5
2026-01-19 22:00:00,-0.5858059178144027,5.714828175431919,556.8,526.7
2026-01-19 22:15:00,-0.5582445220922965,5.754985754985742,556.8,526.5
2026-01-19 22:30:00,-0.6126070727446506,5.675778283978761,556.7,526.8
2026-01-19 22:45:00,-0.584315978857432,5.716999050332383,556.6,526.5
2026-01-19 23:00:00,-0.6465609004880292,5.626306785782176,555.7,526.1
2026-01-19 23:15:00,-0.6327786534812347,5.6463878326996175,555.7,526.0
2026-01-19 23:30:00,-0.7001910464846062,5.548166444993363,555.5,526.3
2026-01-20 06:45:00,-0.7689467309092175,5.447987851176928,555.5,526.8
2026-01-20 07:00:00,-0.6972947702529825,5.552386385244357,555.1,525.9
2026-01-20 07:15:00,-0.7414601249748082,5.4880364603114185,555.5,526.6
2026-01-20 07:30:00,-0.7805598837675599,5.431067223699215,555.2,526.6
2026-01-20 07:45:00,-0.6733810694713096,5.587229190421894,555.6,526.2
2026-01-20 08:00:00,-0.7211466363338752,5.517633674630273,556.5,527.4
2026-01-20 08:15:00,-0.7204284638351698,5.518680068272341,556.4,527.3
2026-01-20 08:30:00,-0.7059704115774337,5.539745778789595,556.3,527.1
2026-01-20 08:45:00,-0.6683646595990745,5.594538213540679,556.8,527.3
2026-01-20 09:00:00,-0.7625477745639162,5.457311275907983,554.6,525.9
2026-01-20 09:15:00,-0.7568413987155996,5.465625595124735,553.8,525.1
2026-01-20 09:30:00,-0.7466362237125416,5.480494766888677,554.3,525.5
2026-01-20 09:45:00,-0.7052836662491779,5.54074638233053,554.3,525.2
2026-01-20 10:00:00,-0.7794319583328289,5.432710636675564,553.1,524.6
2026-01-20 10:15:00,-0.7787210644789321,5.43374642516683,553.0,524.5
2026-01-20 10:30:00,-0.7082225929680581,5.536464299350907,552.8,523.8
2026-01-20 10:45:00,-0.7932230290776177,5.412616733371456,553.1,524.7
2026-01-20 11:00:00,-0.7103976631621317,5.5332951726769775,553.1,524.1
2026-01-20 11:15:00,-0.6214429902275127,5.662904151520931,552.3,522.7
2026-01-20 11:30:00,-0.5989213763686504,5.695718654434234,553.0,523.2
2026-01-20 11:45:00,-0.580548715726778,5.722488038277507,552.4,522.5
2026-01-20 12:00:00,-0.6717631583059106,5.5895865237366005,551.6,522.4
2026-01-20 12:15:00,-0.5737719339866384,5.73236196319018,551.5,521.6
2026-01-20 12:30:00,-0.5281932634591784,5.798771121351787,551.0,520.8
2026-01-20 12:45:00,-0.48865806188417066,5.856374807987708,551.3,520.8
2026-01-20 13:00:00,-0.5188447644870995,5.812392096681385,551.6,521.3
2026-01-20 13:15:00,-0.5482147322269251,5.76959938662065,551.8,521.7
2026-01-20 13:30:00,-0.5444159453027357,5.775134305448937,551.3,521.2
2026-01-20 13:45:00,-0.5398477690329798,5.781790242028428,550.7,520.6
2026-01-20 14:00:00,-0.5707525185698902,5.736761320030692,551.1,521.2
2026-01-20 14:15:00,-0.6102573784706447,5.679201841903292,550.8,521.2
2026-01-20 14:30:00,-0.7309460511338713,5.503355704697999,550.2,521.5
2026-01-20 14:45:00,-0.7352867416194803,5.497031220072768,550.8,522.1
2026-01-20 15:00:00,-0.7024353849057385,5.544896392939358,550.1,521.2
2026-01-20 15:15:00,-0.6651424941499376,5.599232981783331,550.7,521.5
2026-01-20 15:30:00,-0.7529471021692462,5.471299673641772,549.4,520.9
2026-01-20 15:45:00,-0.7177853397370938,5.522531160115052,550.3,521.5
2026-01-20 16:00:00,-0.5651493142612309,5.744925315970884,552.2,522.2
2026-01-20 16:15:00,-0.6264046870036909,5.655674846625769,551.1,521.6
2026-01-20 16:30:00,-0.6204420671342422,5.664362519201238,550.3,520.8
2026-01-20 16:45:00,-0.6475401374017232,5.624880015358058,550.2,520.9
2026-01-20 17:00:00,-0.5981740720586415,5.696807493787026,552.9,523.1
2026-01-20 17:15:00,-0.6907470203938253,5.561926605504564,552.3,523.2
2026-01-20 17:30:00,-0.6150156669180825,5.672268907563005,553.3,523.6
2026-01-20 17:45:00,-0.6521301645556288,5.618192241544073,552.7,523.3
2026-01-20 18:00:00,-0.5363681001485134,5.786860198624888,553.9,523.6
2026-01-20 18:15:00,-0.6827470494980312,5.573582744798644,553.1,523.9
2026-01-20 18:30:00,-0.6827470494980312,5.573582744798644,553.1,523.9
2026-01-20 19:00:00,-0.6449205500785214,5.628696813585199,553.6,524.1
2026-01-20 19:15:00,-0.6288644667060026,5.652090891731887,553.3,523.7
2026-01-20 19:30:00,-0.6550753164039952,5.613901088409401,553.1,523.7
2026-01-20 19:45:00,-0.6419698915549913,5.632995990070655,553.2,523.7
2026-01-20 20:00:00,-0.5764427673099719,5.728470498376925,553.7,523.7
2026-01-20 20:15:00,-0.6179874642883681,5.667938931297711,553.7,524.0
2026-01-20 20:30:00,-0.6048895425451993,5.68702290076335,553.8,524.0
2026-01-20 20:45:00,-0.5887998113282154,5.710466004583648,553.5,523.6
2026-01-20 21:00:00,-0.6377329119457744,5.639169365593455,554.5,524.9
2026-01-20 21:15:00,-0.6340426589804211,5.644546147978646,554.0,524.4
2026-01-20 21:30:00,-0.5824395298719558,5.719733079122968,554.5,524.5
2026-01-20 21:45:00,-0.581690935155683,5.720823798626995,554.4,524.4
2026-01-20 22:00:00,-0.5431832229505544,5.776930409914205,554.8,524.5
2026-01-20 22:15:00,-0.5431832229505544,5.776930409914205,554.8,524.5
2026-01-20 22:30:00,-0.5532525917614701,5.7622591108567045,554.3,524.1
2026-01-20 22:45:00,-0.5809420548797171,5.72191493419798,554.3,524.3
2026-01-20 23:00:00,-0.5509875186628082,5.765559373806806,554.0,523.8
2026-01-20 23:15:00,-0.5633373424609681,5.747565400038179,553.8,523.7
2026-01-20 23:30:00,-0.5186886885489972,5.812619502868066,553.4,523.0
2026-01-21 06:45:00,-0.5325717876634471,5.792391512139172,553.4,523.1
2026-01-21 07:00:00,-0.5794434369949112,5.72409845449342,554.1,524.1
2026-01-21 07:15:00,-0.5824395298719558,5.719733079122968,554.5,524.5
2026-01-21 07:30:00,-0.5547612004321707,5.760061033759301,554.5,524.3
2026-01-21 07:45:00,-0.5509875186628082,5.765559373806806,554.0,523.8
2026-01-21 08:00:00,-0.5093885544005826,5.8261700095511015,554.0,523.5
2026-01-21 08:15:00,-0.5502319176119642,5.766660301699433,553.9,523.7
2026-01-21 08:30:00,-0.5917916208020152,5.706106870229011,553.9,524.0
2026-01-21 08:45:00,-0.5902962872391206,5.708285605192831,553.7,523.8
2026-01-21 09:00:00,-0.5603220679495516,5.751958723485573,553.4,523.3
2026-01-21 09:15:00,-0.6011615762801942,5.692454632282695,553.3,523.5
2026-01-21 09:30:00,-0.6083124928228271,5.682035584465273,552.4,522.7
2026-01-21 09:45:00,-0.5396231226164312,5.7821175569596095,552.5,522.3
2026-01-21 10:00:00,-0.5606137457323753,5.751533742331283,551.6,521.6
2026-01-21 10:15:00,-0.48556858289867955,5.860876249039193,550.9,520.4
2026-01-21 10:30:00,-0.4389657254290535,5.928777670837326,550.3,519.5
2026-01-21 10:45:00,-0.480925449032833,5.867641400538659,550.3,519.8
2026-01-21 11:00:00,-0.5119456428272775,5.822444273635674,550.7,520.4
2026-01-21 11:15:00,-0.5948366550179846,5.701670186216168,550.6,520.9
2026-01-21 11:30:00,-0.5707525185698902,5.736761320030692,551.1,521.2
2026-01-21 11:45:00,-0.5373424058926339,5.785440613026838,552.2,522.0
2026-01-21 12:00:00,-0.5659042292349484,5.743825387708212,552.3,522.3
2026-01-21 12:15:00,-0.4685139713434439,5.885725205427117,554.1,523.3
2026-01-21 12:30:00,-0.5340911832049472,5.790177718326017,553.6,523.3
2026-01-21 12:45:00,-0.46696950326826797,5.887975530491296,553.9,523.1
2026-01-21 13:00:00,-0.45549813362180547,5.904689576609057,557.8,526.7
2026-01-21 13:15:00,-0.5329280780800253,5.791872388909991,557.1,526.6
2026-01-21 13:30:00,-0.5754241724512251,5.7299546142209,559.1,528.8
2026-01-21 13:45:00,-0.6432427918521195,5.63114134542706,559.0,529.2
2026-01-21 14:00:00,-0.5721212652092276,5.734767025089593,560.5,530.1
2026-01-21 14:15:00,-0.5865480062704627,5.713746935696795,560.6,530.3
2026-01-21 14:30:00,-0.6505321683707221,5.6205205582798845,560.0,530.2
2026-01-21 14:45:00,-0.6498044683040126,5.621580833804929,559.9,530.1
2026-01-21 15:00:00,-0.5676612663913183,5.74126534466477,559.9,529.5
2026-01-21 15:15:00,-0.5372379966612607,5.7855927396483375,559.5,528.9
2026-01-21 15:30:00,-0.47006469996295214,5.883465758607653,559.7,528.6
2026-01-21 15:45:00,-0.4769281654395277,5.873465533522193,560.6,529.5
2026-01-21 16:00:00,-0.5158137801331544,5.816808309726151,560.3,529.5
2026-01-21 16:15:00,-0.509772915458483,5.825609986759961,559.5,528.7
2026-01-21 16:30:00,-0.5584289899467549,5.75471698113208,560.5,530.0
2026-01-21 16:45:00,-0.5576836339867467,5.755802981694669,560.4,529.9
2026-01-21 17:00:00,-0.7494678025070156,5.476369092273048,562.4,533.2
2026-01-21 17:15:00,-0.740129204448787,5.489975641746292,563.0,533.7
2026-01-21 17:30:00,-0.7679513098647309,5.449438202247192,563.1,534.0
2026-01-21 17:45:00,-0.6865416036258245,5.568053993250843,563.1,533.4
2026-01-21 18:00:00,-0.7380100025266316,5.493063367079132,562.7,533.4
2026-01-21 18:15:00,-0.7029755337674528,5.544109383779738,563.5,533.9
2026-01-21 18:30:00,-0.5420293477627537,5.778611632270159,563.8,533.0
2026-01-21 19:00:00,-0.8037344534468513,5.397301349325323,562.4,533.6
2026-01-21 19:15:00,-0.6865416036258245,5.568053993250843,563.1,533.4
2026-01-21 19:30:00,-0.7223039329558832,5.515947467166971,562.4,533.0
2026-01-21 19:45:00,-0.7351806890411057,5.497185741088173,562.3,533.0
2026-01-21 20:00:00,-0.7616370967322431,5.458638154192452,562.2,533.1
2026-01-21 20:15:00,-0.7187492228253105,5.521126760563377,561.9,532.5
2026-01-21 20:30:00,-0.8287694832687548,5.360824742268044,562.1,533.5
2026-01-21 20:45:00,-0.7915686722653436,5.415027168821429,562.6,533.7
2026-01-21 21:00:00,-0.7515813558825328,5.473289597000952,562.7,533.5
2026-01-21 21:15:00,-0.740129204448787,5.489975641746292,563.0,533.7
2026-01-21 21:30:00,-0.6729555097663252,5.587849240577558,563.1,533.3
2026-01-21 21:45:00,-0.6736745039006075,5.586801649793793,563.2,533.4
2026-01-21 22:00:00,-0.6865416036258245,5.568053993250843,563.1,533.4
2026-01-21 22:15:00,-0.6170998446620863,5.669232213253217,562.9,532.7
2026-01-21 22:30:00,-0.7072469216307783,5.537885874649207,564.1,534.5
2026-01-21 22:45:00,-0.6231772068658396,5.660377358490587,565.6,535.3
2026-01-21 23:00:00,-0.5733615852586303,5.732959850606911,566.2,535.5
2026-01-21 23:15:00,-0.695830378506669,5.554520037278654,566.3,536.5
2026-01-21 23:30:00,-0.6367218469385794,5.640642510272698,565.6,535.4
2026-01-22 06:45:00,-0.3239095150844807,6.096417182517344,565.6,533.1
2026-01-22 07:00:00,-0.6139930626220049,5.673758865248235,566.2,535.8
2026-01-22 07:15:00,-0.670244876201261,5.591798695246975,566.5,536.5
2026-01-22 07:30:00,-0.5869104684869679,5.713218820014943,566.2,535.6
2026-01-22 07:45:00,-0.5447678542895668,5.77462156606241,566.0,535.1
2026-01-22 08:00:00,-0.5183698127500813,5.813084112149536,566.1,535.0
2026-01-22 08:15:00,-0.4904597096836506,5.853749766224037,566.0,534.7
2026-01-22 08:30:00,-0.529711194409721,5.796559461480921,565.8,534.8
2026-01-22 08:45:00,-0.6367218469385794,5.640642510272698,565.6,535.4
2026-01-22 09:00:00,-0.49428759792849025,5.8481724461106,564.7,533.5
2026-01-22 09:15:00,-0.5306450589057097,5.795198799699919,564.1,533.2
2026-01-22 09:30:00,-0.5366037482886328,5.786516853932588,564.9,534.0
2026-01-22 09:45:00,-0.5418029750169115,5.778941462502329,565.6,534.7
2026-01-22 10:00:00,-0.7299833717407982,5.50475835043851,565.4,535.9
2026-01-22 10:15:00,-0.7022386965318175,5.545182972367435,565.3,535.6
2026-01-22 10:30:00,-0.7164687773427835,5.524449421425914,565.4,535.8
2026-01-22 10:45:00,-0.7455987842590276,5.482006339735235,565.7,536.3
2026-01-22 11:00:00,-0.7459590108013211,5.481481481481487,569.6,540.0
2026-01-22 11:15:00,-0.7912920134065407,5.4154302670623045,568.4,539.2
2026-01-22 11:30:00,-0.8683391926785541,5.303170776933075,567.9,539.3
2026-01-22 11:45:00,-0.787842247109341,5.420456654909955,567.9,538.7
2026-01-22 12:00:00,-0.8181180750093723,5.376344086021501,568.4,539.4
2026-01-22 12:15:00,-0.8549354758826558,5.322700296735894,567.9,539.2
2026-01-22 12:30:00,-0.7809234671671811,5.430537474428099,566.9,537.7
2026-01-22 12:45:00,-0.8319802720280628,5.356146550120866,566.5,537.7
2026-01-22 13:00:00,-0.6887328182635565,5.564861343755823,567.2,537.3
2026-01-22 13:15:00,-0.6183488536280364,5.667412378821779,566.8,536.4
2026-01-22 13:30:00,-0.5792309995965053,5.724407980607871,567.0,536.3
2026-01-22 13:45:00,-0.6502614283222063,5.620915032679741,565.6,535.5
2026-01-22 14:00:00,-0.6872843523302926,5.566971791518793,565.1,535.3
2026-01-22 14:15:00,-0.6311439897082355,5.64876957494409,566.7,536.4
2026-01-22 14:30:00,-0.7285728483694058,5.506813515027065,565.2,535.7
2026-01-22 14:45:00,-0.8221228883425687,5.370508982035926,563.1,534.4
2026-01-22 15:00:00,-0.7689002274727977,5.448055607739999,561.3,532.3
2026-01-22 15:15:00,-0.7810937524520853,5.430289364900398,561.1,532.2
2026-01-22 15:30:00,-0.5990791862831919,5.695488721804498,562.3,532.0
2026-01-22 15:45:00,-0.5732772652552759,5.733082706766912,562.5,532.0
2026-01-22 16:00:00,-0.6829560072490312,5.573278288609496,562.6,532.9
2026-01-22 16:15:00,-0.7137613990204251,5.528394133132775,561.2,531.8
2026-01-22 16:30:00,-0.7588239312542814,5.462737000187712,561.8,532.7
2026-01-22 16:45:00,-0.7501725845095332,5.475342208888057,562.5,533.3
2026-01-22 17:00:00,-0.6850401180461062,5.570241691842903,559.1,529.6
2026-01-22 17:15:00,-0.5980156662408226,5.697038294661372,560.3,530.1
2026-01-22 17:30:00,-0.5246684621166717,5.803906836964679,563.3,532.4
2026-01-22 17:45:00,-0.6287516369206505,5.652255287291785,564.5,534.3
2026-01-22 18:00:00,-0.7628136156205522,5.456923939450564,564.3,535.1
2026-01-22 18:15:00,-0.7756398368753088,5.438235843767525,564.2,535.1
2026-01-22 18:30:00,-0.6908354560060214,5.561797752809006,563.7,534.0
2026-01-22 19:00:00,-0.7628136156205522,5.456923939450564,564.3,535.1
2026-01-22 19:15:00,-0.7891610514342425,5.418535127055302,564.2,535.2
2026-01-22 19:30:00,-0.8075163468258191,5.3917910447761175,564.9,536.0
2026-01-22 19:45:00,-0.705112427077975,5.540995881692234,563.8,534.2
2026-01-22 20:00:00,-0.7953850865755376,5.409466566491372,561.2,532.4
2026-01-22 20:15:00,-0.7894784014274692,5.418072740907376,562.3,533.4
2026-01-22 20:30:00,-0.8058159307470244,5.39426858962353,562.7,533.9
2026-01-22 20:45:00,-0.7536925335892437,5.470213563132265,563.0,533.8
2026-01-22 21:00:00,-0.7943520473259971,5.410971728140801,563.0,534.1
2026-01-22 21:15:00,-0.7718904865905484,5.443698732289337,565.6,536.4
2026-01-22 21:30:00,-0.7043692236033591,5.542078746034718,565.6,535.9
2026-01-22 21:45:00,-0.7292782416828902,5.50578574094811,565.3,535.8
2026-01-22 22:00:00,-0.6815656831147002,5.575304022450878,564.3,534.5
2026-01-22 22:15:00,-0.6544424884775432,5.614823133071312,564.3,534.3
2026-01-22 22:30:00,-0.7272693374946478,5.508712759977508,563.1,533.7
2026-01-22 22:45:00,-0.7279776179151097,5.507680779318114,563.2,533.8
2026-01-22 23:00:00,-0.809279866274028,5.389221556886237,563.2,534.4
2026-01-22 23:15:00,-0.8633800160795363,5.310396409872875,563.2,534.8
2026-01-22 23:30:00,-0.799906308944526,5.402879042811737,563.8,534.9
2026-01-23 06:45:00,-0.8005994236946307,5.401869158878503,563.9,535.0
2026-01-23 07:00:00,-0.809279866274028,5.389221556886237,563.2,534.4
2026-01-23 07:15:00,-0.8397709431491227,5.344795365352284,563.7,535.1
2026-01-23 07:30:00,-0.835653114211214,5.350795135640785,563.1,534.5
2026-01-23 07:45:00,-0.8322145214136429,5.355805243445699,562.6,534.0
2026-01-23 08:00:00,-0.7265607916017488,5.509745127436272,563.0,533.6
2026-01-23 08:15:00,-0.7679513098647309,5.449438202247192,563.1,534.0
2026-01-23 08:30:00,-0.8214330235973452,5.371514130638233,563.0,534.3
2026-01-23 08:45:00,-0.7436559182428337,5.484837139648069,563.5,534.2
2026-01-23 09:00:00,-0.7696025509127893,5.447032306536448,561.4,532.4
2026-01-23 09:15:00,-0.722396048304379,5.515813253012047,560.5,531.2
2026-01-23 09:30:00,-0.777588978642072,5.435395899943574,560.6,531.7
2026-01-23 09:45:00,-0.7496518947883586,5.476100865637945,560.5,531.4
2026-01-23 10:00:00,-0.8197820895063398,5.373919579105579,560.8,532.2
2026-01-23 10:15:00,-0.7023112026477782,5.545077329309689,559.6,530.2
2026-01-23 10:30:00,-0.7030288641637638,5.54403168018105,559.7,530.3
2026-01-23 10:45:00,-0.7073291557718266,5.537766057637961,560.3,530.9
2026-01-23 11:00:00,-0.7166131906949944,5.5242390078917625,561.6,532.2
2026-01-23 11:15:00,-0.7295093030464126,5.50544907929349,561.5,532.2
2026-01-23 11:30:00,-0.678644400018412,5.579560398271655,562.0,532.3
2026-01-23 11:45:00,-0.6764849493669094,5.5827067669173,561.7,532.0
2026-01-23 12:00:00,-0.7946876067454728,5.41048281044525,561.1,532.3
2026-01-23 12:15:00,-0.7981723877282679,5.405405405405417,561.6,532.8
2026-01-23 12:30:00,-0.7932918606018053,5.412516444277382,560.9,532.1
2026-01-23 12:45:00,-0.7803933246246858,5.431309904153348,561.0,532.1
2026-01-23 13:00:00,-0.7452335526915672,5.482538490424327,561.8,532.6
2026-01-23 13:15:00,-0.744526916697315,5.483568075117384,561.7,532.5
2026-01-23 13:30:00,-0.7051462117559261,5.540946656649126,561.9,532.4
2026-01-23 13:45:00,-0.7101397341854386,5.533670981054217,562.6,533.1
2026-01-23 14:00:00,-0.6958351796893032,5.554513041846509,562.5,532.9
2026-01-23 14:15:00,-0.6406898725990475,5.6348610067618266,562.4,532.4
2026-01-23 14:30:00,-0.6292557101440286,5.651520841156588,562.7,532.6
2026-01-23 14:45:00,-0.6049485421926696,5.686936936936959,563.1,532.8
2026-01-23 15:00:00,-0.6299838525340999,5.650459921156359,562.8,532.7
2026-01-23 15:15:00,-0.6258452360327741,5.656489979396895,564.1,533.9
2026-01-23 15:30:00,-0.7022386965318175,5.545182972367435,565.3,535.6
2026-01-23 15:45:00,-0.6901372818577961,5.562815008400213,565.5,535.7
2026-01-23 16:00:00,-0.7001057814231832,5.5482906781244345,565.0,535.3
2026-01-23 16:15:00,-0.7100891899428972,5.533744625163584,564.5,534.9
2026-01-23 16:30:00,-0.7565037486311305,5.4661175589666655,563.4,534.2
2026-01-23 16:45:00,-0.8207429005725831,5.372519655559693,562.9,534.2
2026-01-23 17:00:00,-0.7257486396089797,5.510928451335695,564.8,535.3
2026-01-23 17:15:00,-0.7129272105160891,5.529609564730054,564.9,535.3
2026-01-23 17:30:00,-0.7441951388802766,5.484051482932295,565.5,536.1
2026-01-23 17:45:00,-0.673746628899084,5.586696562032878,565.1,535.2
2026-01-23 18:00:00,-0.6531409273285114,5.616719537227088,566.0,535.9
2026-01-23 18:15:00,-0.5711560310900627,5.736173393124044,565.9,535.2
2026-01-23 18:30:00,-0.4927125753915006,5.850467289719608,566.3,535.0
2026-01-23 19:00:00,-0.5667374966445758,5.742611298166844,565.3,534.6
2026-01-23 19:15:00,-0.6202720709412683,5.66461020751543,565.2,534.9
2026-01-23 19:30:00,-0.6195451079362032,5.665669409124918,565.1,534.8
2026-01-23 19:45:00,-0.5931462403501725,5.704133158780622,565.2,534.7
2026-01-23 20:00:00,-0.5516790822499574,5.764551749953228,565.1,534.3
2026-01-23 20:15:00,-0.5516790822499574,5.764551749953228,565.1,534.3
2026-01-23 20:30:00,-0.6915740586606306,5.560721591965767,567.6,537.7
2026-01-23 20:45:00,-0.6554309654798143,5.613382899628272,568.2,538.0
2026-01-23 21:00:00,-0.7544982104058837,5.469039673711529,568.9,539.4
2026-01-23 21:15:00,-0.7220312824741304,5.516344725111444,568.1,538.4
2026-01-23 21:30:00,-0.7057525495066758,5.54006320877487,567.7,537.9
2026-01-23 21:45:00,-0.600771312266872,5.693023255813956,568.1,537.5
2026-01-23 22:00:00,-0.6745321508381703,5.5855520387265045,567.1,537.1
2026-01-23 22:15:00,-0.6922837083748867,5.559687616214215,567.7,537.8
2026-01-23 22:30:00,-0.7085779759770496,5.535946498235189,568.1,538.3
2026-01-23 22:45:00,-0.7085779759770496,5.535946498235189,568.1,538.3
2026-01-23 23:00:00,-0.6142646918881525,5.673363095238093,568.1,537.6
2026-01-23 23:15:00,-0.600044237665132,5.694082620022334,568.0,537.4
2026-01-23 23:30:00,-0.5280409120080392,5.798993100876371,567.4,536.3
2026-01-24 09:45:00,-0.6091880223573456,5.680759918048062,567.4,536.9
2026-01-24 10:00:00,-0.44149132149199205,5.92509782001116,568.5,536.7
2026-01-24 10:15:00,-0.43466056186063107,5.935050391937313,567.6,535.8
2026-01-24 10:30:00,-0.555110115826959,5.759552656104372,567.4,536.5
2026-01-24 10:45:00,-0.5671683093071939,5.7419835943326,567.2,536.4
2026-01-24 11:00:00,-0.5693711611309721,5.738773989193202,567.5,536.7
2026-01-24 11:15:00,-0.6084617030206007,5.681818181818188,567.3,536.8
2026-01-24 11:30:00,-0.7440309153372622,5.484290760364385,567.4,537.9
2026-01-24 11:45:00,-0.7454299264157537,5.48225236944806,567.6,538.1
2026-01-24 12:00:00,-0.7695498258909758,5.447109128090744,567.2,537.9
2026-01-24 12:15:00,-0.6525644184139636,5.617559523809512,567.8,537.6
2026-01-24 12:30:00,-0.6929930942298187,5.558654024911691,567.8,537.9
2026-01-24 12:45:00,-0.6397978429053649,5.636160714285698,567.9,537.6
2026-01-24 13:00:00,-0.5696842874672722,5.738317757009348,565.7,535.0
2026-01-24 13:15:00,-0.7492849489774399,5.476635514018691,564.3,535.0
2026-01-24 13:30:00,-0.7036593130026918,5.543113101903696,565.5,535.8
2026-01-24 13:45:00,-0.7157609928655411,5.525480679484773,565.3,535.7
2026-01-24 14:00:00,-0.6452119403723476,5.628272251308908,564.9,534.8
2026-01-24 14:15:00,-0.6323785241542831,5.646970830216902,565.0,534.8
2026-01-24 14:30:00,-0.7534956867739708,5.47050037341299,564.9,535.6
2026-01-24 14:45:00,-0.7457687794049181,5.481758652946667,563.8,534.5
2026-01-24 15:00:00,-0.6858250222235265,5.569098068629308,563.0,533.3
2026-01-24 15:15:00,-0.6908209659921732,5.561818865088286,561.8,532.2
2026-01-24 15:30:00,-0.7545962526704485,5.468896823905278,561.2,532.1
2026-01-24 15:45:00,-0.4996388249131731,5.840375586854463,563.6,532.5
2026-01-24 16:00:00,-0.5472312001366998,5.771032415214528,564.5,533.7
2026-01-24 16:15:00,-0.47688924820457135,5.87352223681743,564.2,532.9
2026-01-24 16:30:00,-0.5791853627879328,5.724474474474484,563.3,532.8
2026-01-24 16:45:00,-0.5655638131740168,5.744321381640671,563.3,532.7
2026-01-24 17:00:00,-0.5162758355922935,5.816135084427776,564.0,533.0
2026-01-24 17:15:00,-0.5707377060989774,5.736782902137239,564.0,533.4
2026-01-24 17:30:00,-0.43366429692792974,5.936501972571873,563.9,532.3
2026-01-24 17:45:00,-0.5556476465450707,5.758769461639446,563.8,533.1
2026-01-24 18:00:00,-0.501895824573694,5.837087087087101,563.9,532.8
2026-01-24 18:15:00,-0.48976842064485865,5.854756990054422,564.1,532.9
2026-01-24 18:30:00,-0.5549061038479609,5.759849906191383,563.7,533.0
2026-01-24 18:45:00,-0.3738558686823491,6.023644210921386,565.0,532.9
2026-01-25 09:45:00,-0.3535547593504404,6.053223388305828,565.9,533.6
2026-01-25 10:00:00,-0.5222582925221149,5.807418508804796,564.8,533.8
2026-01-25 10:15:00,-0.6239028125840196,5.659320134478918,565.7,535.4
2026-01-25 10:30:00,-0.673746628899084,5.586696562032878,565.1,535.2
2026-01-25 10:45:00,-0.6473776243276659,5.625116800598029,565.2,535.1
2026-01-25 11:00:00,-0.6096275052684438,5.68011958146486,565.6,535.2
2026-01-25 11:15:00,-0.6224513299945658,5.661434977578472,565.5,535.2
2026-01-25 11:30:00,-0.6495408812931233,5.6219648860665,565.5,535.4
2026-01-25 11:45:00,-0.6758947093433983,5.583566760037351,565.4,535.5
2026-01-25 12:00:00,-0.6088989605633807,5.681181087647169,565.5,535.1
2026-01-25 12:15:00,-0.6787550754659353,5.579399141630903,565.8,535.9
2026-01-25 12:30:00,-0.5777652882656338,5.72654355530684,566.8,536.1
2026-01-25 12:45:00,-0.4384582587282007,5.929517061346279,568.1,536.3
2026-01-25 13:00:00,-0.45049919456764453,5.911973144349103,567.9,536.2
2026-01-25 13:15:00,-0.464053302522449,5.892224501212007,567.9,536.3
2026-01-25 13:30:00,-0.47534691865661466,5.87576944599888,567.6,536.1
2026-01-25 13:45:00,-0.45049919456764453,5.911973144349103,567.9,536.2
2026-01-25 14:00:00,-0.47985527338367084,5.869200670765795,568.2,536.7
2026-01-25 14:15:00,-0.4806056860045062,5.868107302533532,568.3,536.8
2026-01-25 14:30:00,-0.5076673524738786,5.828677839851015,568.3,537.0
2026-01-25 14:45:00,-0.5354483739659721,5.788200260562082,568.4,537.3
2026-01-25 15:00:00,-0.5204481923126402,5.810055865921804,568.2,537.0
2026-01-25 15:15:00,-0.5339690882284819,5.790355613479803,568.2,537.1
2026-01-25 15:30:00,-0.5182192252753801,5.813303521520385,567.9,536.7
2026-01-25 15:45:00,-0.5174756824135133,5.8143868803578025,567.8,536.6
2026-01-25 16:00:00,-0.5482220776574427,5.769588684161553,568.3,537.3
2026-01-25 16:15:00,-0.5482220776574427,5.769588684161553,568.3,537.3
2026-01-25 16:30:00,-0.5347088687820675,5.789277736411003,568.3,537.2
2026-01-25 16:45:00,-0.4399753554526411,5.927306616961792,568.3,536.5
2026-01-25 17:00:00,-0.47985527338367084,5.869200670765795,568.2,536.7
2026-01-25 17:15:00,-0.5069222597434633,5.829763456882109,568.2,536.9
2026-01-25 17:30:00,-0.5565831771670589,5.75740637227502,567.6,536.7
2026-01-25 17:45:00,-0.5287829010665659,5.797912005965711,567.5,536.4
2026-01-25 18:00:00,-0.6062811204377585,5.684995340167753,567.0,536.5
2026-01-25 18:15:00,-0.4949629159369487,5.847188492434152,566.6,535.3
2026-01-25 18:30:00,-0.44671202728422715,5.917491133096875,567.4,535.7
2026-01-25 18:45:00,-0.4572553659749256,5.902129249159516,567.0,535.4
2026-01-26 06:45:00,-0.4029122446364021,5.981308411214958,567.0,535.0
2026-01-26 07:00:00,-0.5492068713152067,5.768153817435118,566.6,535.7
2026-01-26 07:15:00,-0.5304549519396549,5.795475789867255,565.9,534.9
2026-01-26 07:30:00,-0.5062891905252815,5.83068585311155,566.3,535.1
2026-01-26 07:45:00,-0.4904597096836506,5.853749766224037,566.0,534.7
2026-01-26 08:00:00,-0.5447678542895668,5.77462156606241,566.0,535.1
2026-01-26 08:15:00,-0.517623934939407,5.814170873060398,566.0,534.9
2026-01-26 08:30:00,-0.4428288463376909,5.923149015932516,565.1,533.5
2026-01-26 08:45:00,-0.4428288463376909,5.923149015932516,565.1,533.5
2026-01-26 09:00:00,-0.5847032757894334,5.716434749905996,562.2,531.8
2026-01-26 09:15:00,-0.683634879290324,5.572289156626487,560.8,531.2
2026-01-26 09:30:00,-0.5939290004653466,5.7029926595144165,561.6,531.3
2026-01-26 09:45:00,-0.6246426512321789,5.6582421727650045,560.2,530.2
2026-01-26 10:00:00,-0.49973109623638273,5.840241145440839,561.8,530.8
2026-01-26 10:15:00,-0.6263404042350824,5.6557685080796505,562.3,532.2
2026-01-26 10:30:00,-0.5255913486607208,5.802562170308989,561.6,530.8
2026-01-26 10:45:00,-0.44571461044669425,5.9189443920829365,561.9,530.5
2026-01-26 11:00:00,-0.45636078983175393,5.903432666918129,561.5,530.2
2026-01-26 11:15:00,-0.45559646056704256,5.904546312016601,561.4,530.1
2026-01-26 11:30:00,-0.5272720452097568,5.800113357264314,560.0,529.3
2026-01-26 11:45:00,-0.497549993252009,5.843419062027255,559.7,528.8
2026-01-26 12:00:00,-0.5494661127181684,5.767776096822996,559.3,528.8
2026-01-26 12:15:00,-0.5265198157734882,5.801209372637928,559.9,529.2
2026-01-26 12:30:00,-0.45861290365240853,5.900151285930422,560.0,528.8
2026-01-26 12:45:00,-0.497549993252009,5.843419062027255,559.7,528.8
2026-01-26 13:00:00,-0.4754049679875884,5.875684866805209,560.4,529.3
2026-01-26 13:15:00,-0.39682762013055606,5.990173847316682,560.9,529.2
2026-01-26 13:30:00,-0.30683696701550284,6.1212922728131725,561.7,529.3
2026-01-26 13:45:00,-0.2516530366458214,6.201696512723842,563.4,530.5
2026-01-26 14:00:00,-0.24683354181430048,6.208718626155885,562.8,529.9
2026-01-26 14:15:00,-0.18207310594505224,6.303076052085288,563.3,529.9
2026-01-26 14:30:00,-0.24039054551085434,6.218106218106212,562.0,529.1
2026-01-26 14:45:00,-0.15268249176517112,6.345898844478115,561.4,527.9
2026-01-26 15:00:00,-0.024369610893762828,6.532853626207147,562.6,528.1
2026-01-26 15:15:00,-0.09185951466070058,6.434519303557917,562.4,528.4
2026-01-26 15:30:00,-0.06419979461467712,6.474820143884874,562.4,528.2
2026-01-26 15:45:00,-0.06588180461745155,6.47236941710827,562.6,528.4
2026-01-26 16:00:00,-0.06130847145533221,6.479032867397061,563.7,529.4
2026-01-26 16:15:00,-0.06634254136163546,6.471698113207536,564.3,530.0
2026-01-26 16:30:00,-0.03537983151039644,6.516811484699669,563.9,529.4
2026-01-26 16:45:00,-0.05171125308386487,6.493016232540594,564.2,529.8
2026-01-26 17:00:00,-0.05339289797781854,6.490566037735834,564.4,530.0
2026-01-26 17:15:00,-0.05086995443013158,6.4942420237870335,564.1,529.7
2026-01-26 17:30:00,-0.03508923929402377,6.517234884158984,565.5,530.9
2026-01-26 17:45:00,-0.05137477173618038,6.493506493506485,565.8,531.3
2026-01-26 18:00:00,-0.026648059858813883,6.529533874315918,564.5,529.9
2026-01-26 18:15:00,-0.12778488255284295,6.382175226586084,563.4,529.6
2026-01-26 18:30:00,-0.143443475487879,6.359360301034789,565.3,531.5
2026-01-26 19:00:00,-0.12640840135097658,6.384180790960459,564.9,531.0
2026-01-26 19:15:00,-0.11431059526670126,6.401807569196016,565.1,531.1
2026-01-26 19:30:00,-0.14180047652436714,6.361754187841151,565.1,531.3
2026-01-26 19:45:00,-0.10304660304370478,6.418219461697738,565.4,531.3
2026-01-26 20:00:00,-0.20076869663831295,6.275836151822611,565.6,532.2
2026-01-26 20:15:00,-0.17334748932266186,6.315789473684208,565.6,532.0
2026-01-26 20:30:00,-0.21205037086452824,6.259398496240598,565.3,532.0
2026-01-26 20:45:00,-0.262057967711954,6.186536291839051,564.7,531.8
2026-01-26 21:00:00,-0.19266007177879538,6.2876506024096335,564.6,531.2
2026-01-26 21:15:00,-0.20639026565878404,6.267645398080202,564.6,531.3
2026-01-26 21:30:00,-0.13521609236530677,6.371347785108372,564.3,530.5
2026-01-26 21:45:00,-0.11731267007578881,6.3974334780147135,563.8,529.9
2026-01-26 22:00:00,-0.19266007177879538,6.2876506024096335,564.6,531.2
2026-01-26 22:15:00,-0.17810942578354796,6.308851224105472,564.5,531.0
2026-01-26 22:30:00,-0.21688519410798032,6.252354048964226,564.2,531.0
2026-01-26 22:45:00,-0.1723938448720673,6.317178955308322,563.8,530.3
2026-01-26 23:00:00,-0.19746561844645794,6.2806488117691295,563.5,530.2
2026-01-26 23:15:00,-0.16830204006163918,6.323140807852012,563.3,529.8
2026-01-26 23:30:00,-0.19176699101964936,6.288951841359758,562.8,529.5
2026-01-27 06:45:00,0.0804323118357071,6.685552407932005,564.9,529.5
2026-01-27 07:00:00,-0.2128407218856346,6.258246936852041,563.7,530.5
2026-01-27 07:15:00,-0.17402840712546308,6.314797360980218,564.0,530.5
2026-01-27 07:30:00,-0.21203091240221217,6.259426847662142,563.6,530.4
2026-01-27 07:45:00,-0.265390226076588,6.181681115718041,563.4,530.6
2026-01-27 08:00:00,-0.31949843472693745,6.102844226784709,563.3,530.9
2026-01-27 08:15:00,-0.22981045021611937,6.233521657250485,564.1,531.0
2026-01-27 08:30:00,-0.33399857660395627,6.081717190736202,563.4,531.1
2026-01-27 08:45:00,-0.38541647076701413,6.0068001511144775,561.2,529.4
2026-01-27 09:00:00,-0.2809034284044339,6.159078027583598,561.9,529.3
2026-01-27 09:15:00,-0.3221762437714185,6.098942598187307,561.9,529.6
2026-01-27 09:30:00,-0.28329797152770037,6.155589123867067,562.2,529.6
2026-01-27 09:45:00,-0.2840955498268427,6.154427034170262,562.3,529.7
2026-01-27 10:00:00,-0.3198037363210526,6.102399395427938,561.6,529.3
2026-01-27 10:15:00,-0.41906895141953227,5.957767722473606,562.0,530.4
2026-01-27 10:30:00,-0.4297020595354476,5.942275042444822,561.6,530.1
2026-01-27 10:45:00,-0.45636078983175393,5.903432666918129,561.5,530.2
2026-01-27 11:00:00,-0.6756988693355923,5.58385210337673,559.7,530.1
2026-01-27 11:15:00,-0.5703165482073006,5.7373965387509385,562.1,531.6
2026-01-27 11:30:00,-0.48372699715099643,5.863559481300484,563.3,532.1
2026-01-27 11:45:00,-0.4844831683694977,5.86245772266063,563.4,532.2
2026-01-27 12:00:00,-0.38286451597153365,6.010518407212628,564.4,532.4
2026-01-27 12:15:00,-0.3418431014026881,6.070287539936103,564.4,532.1
2026-01-27 12:30:00,-0.2507532524063946,6.203007518796988,565.0,532.0
2026-01-27 12:45:00,-0.1563565723710665,6.340545625587968,565.2,531.5
2026-01-27 13:00:00,-0.1700858469353883,6.320541760722342,565.2,531.6
2026-01-27 13:15:00,-0.17647794093192182,6.311228334589303,564.3,530.8
2026-01-27 13:30:00,-0.15553765749533574,6.341738803161467,565.1,531.4
2026-01-27 13:45:00,-0.2660463316555034,6.180725154987798,565.2,532.3
2026-01-27 14:00:00,-0.16387712130492826,6.329588014981269,567.8,534.0
2026-01-27 14:15:00,-0.08758907290485858,6.440741434188357,568.5,534.1
2026-01-27 14:30:00,-0.14530549902117756,6.356647290455664,567.2,533.3
2026-01-27 14:45:00,-0.03031951764038181,6.524184476940387,568.2,533.4
2026-01-27 15:00:00,-0.12203377381513292,6.390554722638675,567.7,533.6
2026-01-27 15:15:00,-0.04318661736558358,6.505436820397459,568.1,533.4
2026-01-27 15:30:00,-0.05521891182078352,6.487905494093393,567.9,533.3
2026-01-27 15:45:00,-0.13161534998569815,6.376594148537129,567.2,533.2
2026-01-27 16:00:00,-0.10834696099742636,6.410496719775072,567.7,533.5
2026-01-27 16:15:00,-0.09382744919237225,6.431651978248665,567.6,533.3
2026-01-27 16:30:00,-0.08261758520201905,6.447985004686041,567.9,533.5
2026-01-27 16:45:00,-0.049038365209165935,6.496910690881852,568.8,534.1
2026-01-27 17:00:00,0.03844107238208548,6.624370218324316,571.4,535.9
2026-01-27 17:15:00,-0.0033425142262086377,6.563490583628573,571.5,536.3
2026-01-27 17:30:00,0.02309742377756665,6.60201417381574,571.6,536.2
2026-01-27 17:45:00,-0.020324024746547858,6.538748137108796,571.9,536.8
2026-01-27 18:00:00,-0.0722927686344596,6.463028496926815,571.6,536.9
2026-01-27 18:15:00,-0.09868047763295926,6.424581005586583,571.5,537.0
2026-01-27 18:30:00,-0.11309817856799223,6.403574087862984,571.6,537.2
2026-01-27 19:00:00,-0.05536286609883056,6.487695749440725,571.2,536.4
2026-01-27 19:15:00,-0.04340006971890323,6.505125815470647,571.4,536.5
2026-01-27 19:30:00,-0.04506381861113862,6.502701695546853,571.6,536.7
2026-01-27 19:45:00,-0.10982323665780484,6.408345752608069,571.2,536.8
2026-01-27 20:00:00,-0.09868047763295926,6.424581005586583,571.5,537.0
2026-01-27 20:15:00,-0.11309817856799223,6.403574087862984,571.6,537.2
2026-01-27 20:30:00,-0.09083509603548663,6.436011904761907,572.2,537.6
2026-01-27 20:45:00,-0.08136220208931562,6.449814126394071,572.7,538.0
2026-01-27 21:00:00,-0.1060581514941501,6.413831567205808,572.4,537.9
2026-01-27 21:15:00,-0.06860511845843366,6.46840148698884,572.8,538.0
2026-01-27 21:30:00,-0.08136220208931562,6.449814126394071,572.7,538.0
2026-01-27 21:45:00,-0.0965792249379178,6.427642578487847,572.9,538.3
2026-01-27 22:00:00,-0.06777978566356367,6.469604015616293,572.7,537.9
2026-01-27 22:15:00,-0.06860511845843366,6.46840148698884,572.8,538.0
2026-01-27 22:30:00,-0.06860511845843366,6.46840148698884,572.8,538.0
2026-01-27 22:45:00,-0.09575954991061053,6.428836863619458,572.8,538.2
2026-01-27 23:00:00,-0.08218485736156983,6.448615498977883,572.8,538.1
2026-01-27 23:15:00,-0.07724433416381675,6.455813953488376,572.2,537.5
2026-01-27 23:30:00,-0.03893748210749674,6.511627906976747,572.5,537.5
2026-01-28 06:45:00,-0.06612819911480732,6.472010414729401,572.5,537.7
2026-01-28 07:00:00,-0.20656991461800375,6.267383645466351,573.1,539.3
2026-01-28 07:15:00,-0.22725994952133344,6.2372377946908975,572.3,538.7
2026-01-28 07:30:00,-0.2192962468883916,6.24884109030226,573.0,539.3
2026-01-28 07:45:00,-0.31460118325956554,6.10997963340123,573.1,540.1
2026-01-28 08:00:00,-0.23281532065728341,6.229143492769751,573.0,539.4
2026-01-28 08:15:00,-0.2852769495564254,6.152705707931783,572.8,539.6
2026-01-28 08:30:00,-0.16999969604748194,6.320667284522719,573.6,539.5
2026-01-28 08:45:00,-0.18352289479845993,6.300963676797622,573.6,539.6
2026-01-28 09:00:00,-0.22089324898590937,6.246514221974353,571.5,537.9
2026-01-28 09:15:00,-0.2790070263604818,6.161841128433565,572.0,538.8
2026-01-28 09:30:00,-0.19064133581604764,6.290591946557789,572.8,538.9
2026-01-28 09:45:00,-0.23756560388101802,6.222222222222218,573.6,540.0
2026-01-28 10:00:00,-0.1491986161600463,6.350974930362119,572.7,538.5
2026-01-28 10:15:00,-0.07519675187126415,6.458797327394228,573.6,538.8
2026-01-28 10:30:00,-0.22725994952133344,6.2372377946908975,572.3,538.7
2026-01-28 10:45:00,-0.2709872394193735,6.173526140155738,572.7,539.4
2026-01-28 11:00:00,-0.24079259989375482,6.217520415738687,572.3,538.8
2026-01-28 11:15:00,-0.264693763024887,6.182695878202749,571.9,538.6
2026-01-28 11:30:00,-0.2889774385332195,6.147314011445437,575.0,541.7
2026-01-28 11:45:00,-0.33657693393373184,6.077960465545917,574.2,541.3
2026-01-28 12:00:00,-0.3507922795496966,6.057248384118186,574.3,541.5
2026-01-28 12:15:00,-0.3000937680562559,6.131117266851338,574.7,541.5
2026-01-28 12:30:00,-0.19949241964044997,6.27769571639587,575.6,541.6
2026-01-28 12:45:00,-0.2367206286894589,6.223453370267773,575.2,541.5
2026-01-28 13:00:00,-0.23036578576344727,6.232712520744999,576.1,542.3
2026-01-28 13:15:00,-0.21770985547868682,6.25115249861703,576.2,542.3
2026-01-28 13:30:00,-0.3526979054187712,6.054471843945519,576.3,543.4
2026-01-28 13:45:00,-0.39792451929766587,5.98857564031694,575.2,542.7
2026-01-28 14:00:00,-0.4001953180284579,5.985267034990782,575.5,543.0
2026-01-28 14:15:00,-0.4143427517070603,5.964653902798234,575.6,543.2
2026-01-28 14:30:00,-0.3771983375100377,6.018774157923801,576.0,543.3
2026-01-28 14:45:00,-0.3638029063946585,6.038291605301915,576.0,543.2
2026-01-28 15:00:00,-0.35692508861102795,6.048312742024731,575.1,542.3
2026-01-28 15:15:00,-0.4128349331176346,5.966850828729275,575.4,543.0
2026-01-28 15:30:00,-0.45523205260550376,5.905077262693159,575.7,543.6
2026-01-28 15:45:00,-0.4767754201292477,5.873688086908491,575.0,543.1
2026-01-28 16:00:00,-0.5035246948342387,5.834713786121859,575.0,543.3
2026-01-28 16:15:00,-0.5057347089221013,5.831493745401017,575.3,543.6
2026-01-28 16:30:00,-0.45299415190456743,5.908337934842622,575.4,543.3
2026-01-28 16:45:00,-0.4463423413231722,5.9180297739386045,576.3,544.1
2026-01-28 17:00:00,-0.4464186080944039,5.917918651520715,578.1,545.8
2026-01-28 17:15:00,-0.46343965853689933,5.8931185944363085,578.6,546.4
2026-01-28 17:30:00,-0.45750911518870585,5.9017595307917725,577.8,545.6
2026-01-28 17:45:00,-0.3442946743147542,6.066715542522005,578.7,545.6
2026-01-28 18:00:00,-0.28546382569003653,6.152433425160697,578.0,544.5
2026-01-28 18:15:00,-0.24843174280233823,6.20639001101726,578.4,544.6
2026-01-28 18:30:00,-0.15701859994005976,6.339581036383679,578.7,544.2
2026-01-28 19:00:00,-0.410759287289244,5.9698750918442345,576.9,544.4
2026-01-28 19:15:00,-0.45374039336023697,5.907250644092743,575.5,543.4
2026-01-28 19:30:00,-0.49835849161083917,5.842241061555464,574.3,542.6
2026-01-28 19:45:00,-0.4455166006043402,5.919232896920534,574.4,542.3
2026-01-28 20:00:00,-0.42171178721713193,5.9539170506912376,574.8,542.5
2026-01-28 20:15:00,-0.46041169290040784,5.897530409141183,574.6,542.6
2026-01-28 20:30:00,-0.44925882022613434,5.913780397936619,574.9,542.8
2026-01-28 20:45:00,-0.5005742100103863,5.839012709522939,574.6,542.9
2026-01-28 21:00:00,-0.46115753010865707,5.896443707388976,574.7,542.7
2026-01-28 21:15:00,-0.44925882022613434,5.913780397936619,574.9,542.8
2026-01-28 21:30:00,-0.393375381829249,5.995203836930463,574.6,542.1
2026-01-28 21:45:00,-0.47306062580388497,5.87910062661261,574.5,542.6
2026-01-28 22:00:00,-0.4067925350521382,5.975654739948344,574.6,542.2
2026-01-28 22:15:00,-0.42171178721713193,5.9539170506912376,574.8,542.5
2026-01-28 22:30:00,-0.3814760061202849,6.012541497602353,574.8,542.2
2026-01-28 22:45:00,-0.3941342705862034,5.99409811877536,574.7,542.2
2026-01-28 23:00:00,-0.393375381829249,5.995203836930463,574.6,542.1
2026-01-28 23:15:00,-0.45742559291582946,5.9018812246403485,574.2,542.2
2026-01-28 23:30:00,-0.5051055230045228,5.83241048357328,573.4,541.8
2026-01-29 06:45:00,-0.30422873640205467,6.125092524056264,573.5,540.4
2026-01-29 07:00:00,-0.5375597299480389,5.785123966942152,576.0,544.5
2026-01-29 07:15:00,-0.5501645251609489,5.76675849403121,575.9,544.5
2026-01-29 07:30:00,-0.39664173274979986,5.990444689452401,576.8,544.2
2026-01-29 07:45:00,-0.42561609704478437,5.9482283825959215,577.1,544.7
2026-01-29 08:00:00,-0.4241165730319401,5.950413223140494,576.9,544.5
2026-01-29 08:15:00,-0.410759287289244,5.9698750918442345,576.9,544.4
2026-01-29 08:30:00,-0.4589933808929151,5.899596921949435,578.0,545.8
2026-01-29 08:45:00,-0.5211367697201414,5.809052592999797,577.4,545.7
2026-01-29 09:00:00,-0.5265914689202398,5.8011049723756924,574.5,543.0
2026-01-29 09:15:00,-0.3683754705531052,6.031629275468942,576.6,543.8
2026-01-29 09:30:00,-0.3328157856517534,6.083440544017638,577.2,544.1
2026-01-29 09:45:00,-0.29264934705081114,6.141963957337282,577.2,543.8
2026-01-29 10:00:00,-0.2506824328610285,6.203110704483072,580.4,546.5
2026-01-29 10:15:00,-0.15298742800245607,6.345454545454543,584.9,550.0
2026-01-29 10:30:00,-0.22785991156709468,6.236363636363618,584.3,550.0
2026-01-29 10:45:00,-0.1601022846272657,6.335088037756398,585.8,550.9
2026-01-29 11:00:00,-0.1314661102628531,6.3768115942029135,587.2,552.0
2026-01-29 11:15:00,-0.17256064547936587,6.316935923035039,585.7,550.9
2026-01-29 11:30:00,-0.16230561918845407,6.331877729257629,584.4,549.6
2026-01-29 11:45:00,-0.21694157472351583,6.252271901126849,584.6,550.2
2026-01-29 12:00:00,-0.29790848738844483,6.134301270417408,584.8,551.0
2026-01-29 12:15:00,-0.366202587342791,6.034795215657862,585.1,551.8
2026-01-29 12:30:00,-0.29615417065246125,6.136857349746561,586.3,552.4
2026-01-29 12:45:00,-0.4715568107608724,5.881291719285597,586.9,554.3
2026-01-29 13:00:00,-0.5239596399265639,5.804939606994752,586.9,554.7
2026-01-29 13:15:00,-0.6410692316380383,5.634308272025845,588.7,557.3
2026-01-29 13:30:00,-0.6985442709283288,5.55056583438116,587.6,556.7
2026-01-29 13:45:00,-0.943835043036625,5.193171608265934,585.4,556.5
2026-01-29 14:00:00,-0.8242325490281903,5.367435158501421,585.0,555.2
2026-01-29 14:15:00,-0.9407835118398729,5.19761775852734,582.9,554.1
2026-01-29 14:30:00,-0.9414271940322653,5.196679898953427,583.0,554.2
2026-01-29 14:45:00,-1.0090303892985246,5.098180508016559,583.4,555.1
2026-01-29 15:00:00,-1.049860615823433,5.038689940615448,583.7,555.7
2026-01-29 15:15:00,-1.0226502685709211,5.078336034575903,583.5,555.3
2026-01-29 15:30:00,-1.216848436810926,4.795384892734789,581.3,554.7
2026-01-29 15:45:00,-1.30461455919515,4.667507659037651,580.8,554.9
2026-01-29 16:00:00,-1.3106447321173484,4.65872156013003,579.6,553.8
2026-01-29 16:15:00,-1.2410054865915199,4.760187522538772,581.0,554.6
2026-01-29 16:30:00,-1.1340948194969172,4.915958792698372,580.5,553.3
2026-01-29 16:45:00,-0.9823967664854901,5.136986301369872,583.3,554.8
2026-01-29 17:00:00,-0.9634053756687405,5.164657189130817,584.4,555.7
2026-01-29 17:15:00,-1.1326713727866216,4.918032786885229,582.4,555.1
2026-01-29 17:30:00,-1.280459106185113,4.702702702702699,581.1,555.0
2026-01-29 17:45:00,-1.2568980475329428,4.737031700288186,581.5,555.2
2026-01-29 18:00:00,-0.8905307780947991,5.2708371329564185,577.2,548.3
2026-01-29 18:15:00,-0.7210676506905713,5.517748758506524,573.7,543.7
2026-01-29 18:30:00,-0.5594199731671592,5.753273096072298,573.5,542.3
2026-01-29 19:00:00,-0.7545986198086233,5.468893374931194,574.7,544.9
2026-01-29 19:15:00,-0.8693861487154363,5.301645338208405,576.0,547.0
2026-01-29 19:30:00,-0.9695076220133572,5.155766077609769,577.2,548.9
2026-01-29 19:45:00,-0.9524694884609627,5.180591025173298,576.6,548.2
2026-01-29 20:00:00,-1.0707900850754462,5.008195228555823,576.6,549.1
2026-01-29 20:15:00,-0.9723491768058766,5.151625867738408,575.6,547.4
2026-01-29 20:30:00,-0.9739115466365174,5.149349459409924,573.8,545.7
2026-01-29 20:45:00,-0.836236564848067,5.349945034811299,575.0,545.8
2026-01-29 21:00:00,-0.8212194416960329,5.3718253243194125,576.7,547.3
2026-01-29 21:15:00,-0.7655877406934034,5.452881976212254,576.3,546.5
2026-01-29 21:30:00,-0.7598875972922992,5.461187214611862,577.4,547.5
2026-01-29 21:45:00,-0.8212194416960329,5.3718253243194125,576.7,547.3
2026-01-29 22:00:00,-0.8093549442254708,5.389112166605781,576.9,547.4
2026-01-29 22:15:00,-0.8601734200272553,5.315068493150688,576.6,547.5
2026-01-29 22:30:00,-0.9102661337222697,5.242082271568993,578.2,549.4
2026-01-29 22:45:00,-0.9004003837075147,5.256456893415806,578.7,549.8
2026-01-29 23:00:00,-0.8471379062036929,5.334061532860024,578.6,549.3
2026-01-29 23:15:00,-0.937344349200574,5.202628696604594,576.3,547.8
2026-01-29 23:30:00,-0.8333052756144134,5.354215989801481,578.5,549.1
2026-01-30 06:45:00,-0.8464713125555369,5.335032774945359,578.5,549.2
2026-01-30 07:00:00,-0.9826536461543804,5.136612021857934,577.2,549.0
2026-01-30 07:15:00,-1.026952805168119,5.072067141032655,575.9,548.1
2026-01-30 07:30:00,-1.0582246303617386,5.026503381465908,574.6,547.1
2026-01-30 07:45:00,-0.9948580133118532,5.118829981718465,575.0,547.0
2026-01-30 08:00:00,-0.8990989492232936,5.258353113018077,576.5,547.7
2026-01-30 08:15:00,-0.874700035642486,5.293902884264323,576.8,547.8
2026-01-30 08:30:00,-0.8588403680257954,5.317010780193687,576.4,547.3
2026-01-30 08:45:00,-0.9248154864889533,5.2208835341365445,576.4,547.8
2026-01-30 09:00:00,-0.9004163324219666,5.256433655776616,576.7,547.9
2026-01-30 09:15:00,-0.8984307732407607,5.259326660600538,578.4,549.5
2026-01-30 09:30:00,-1.0334489787429855,5.062602068590083,579.0,551.1
2026-01-30 09:45:00,-0.9567927472006224,5.174291938997833,579.3,550.8
2026-01-30 10:00:00,-0.9550619789702957,5.176813707619399,577.0,548.6
2026-01-30 10:15:00,-0.9167305930063803,5.232663407568361,581.2,552.3
2026-01-30 10:30:00,-0.9482099678960602,5.186797243380492,580.0,551.4
2026-01-30 10:45:00,-0.8931860607691983,5.266968325791854,581.6,552.5
2026-01-30 11:00:00,-0.9252651357216772,5.220228384991832,580.5,551.7
2026-01-30 11:15:00,-0.937344349200574,5.202628696604594,576.3,547.8
2026-01-30 11:30:00,-0.9441857979032878,5.192660550458705,573.3,545.0
2026-01-30 11:45:00,-0.9835648526662298,5.13528437327444,571.2,543.3
2026-01-30 12:00:00,-0.9004485640088314,5.256386693622495,572.7,544.1
2026-01-30 12:15:00,-0.8878345022675785,5.274765668075698,572.8,544.1
2026-01-30 12:30:00,-0.8891414902282075,5.272861356932168,571.0,542.4
2026-01-30 12:45:00,-0.8245152624276484,5.367023238657298,571.3,542.2
2026-01-30 13:00:00,-0.9487573923633923,5.18599963349824,574.0,545.7
2026-01-30 13:15:00,-1.0361607018776868,5.058651026392957,573.2,545.6
2026-01-30 13:30:00,-0.8885754264251163,5.273686124749966,578.9,549.9
2026-01-30 13:45:00,-0.8286146566091664,5.361050328227557,577.8,548.4
2026-01-30 14:00:00,-0.814752558640348,5.381247719810278,577.7,548.2
2026-01-30 14:15:00,-0.8259289226198129,5.3649635036496335,577.4,548.0
2026-01-30 14:30:00,-0.7236628456849746,5.513967500456452,577.9,547.7
2026-01-30 14:45:00,-0.7910691916560655,5.415754923413574,578.1,548.4
2026-01-30 15:00:00,-0.7490569466867928,5.476967718534653,581.6,551.4
2026-01-30 15:15:00,-0.7437542434753976,5.484693877551017,578.9,548.8
2026-01-30 15:30:00,-0.6930280899930589,5.558603035289811,577.3,546.9
2026-01-30 15:45:00,-0.7055775706904749,5.540318156884272,577.2,546.9
2026-01-30 16:00:00,-0.7236628456849746,5.513967500456452,577.9,547.7
2026-01-30 16:15:00,-0.7111316954322361,5.532225670987767,578.0,547.7
2026-01-30 16:30:00,-0.7765127032369361,5.436964057653704,577.9,548.1
2026-01-30 16:45:00,-0.8022328377475635,5.399489237504551,577.8,548.2
2026-01-30 17:00:00,-0.7703752731073666,5.445906432748537,577.0,547.2
2026-01-30 17:15:00,-0.677094812954835,5.581818181818199,580.7,550.0
2026-01-30 17:30:00,-0.7887272941330703,5.419167121294799,579.7,549.9
2026-01-30 17:45:00,-0.7583100726267116,5.463485703879067,579.1,549.1
2026-01-30 18:00:00,-0.7319362813774315,5.50191291674258,579.1,548.9
2026-01-30 18:15:00,-0.7934239355724935,5.412324008045344,576.5,546.9
2026-01-30 18:30:00,-0.8635017930217626,5.310218978102199,577.1,548.0
2026-01-30 19:00:00,-0.8476376921853788,5.3333333333333455,576.7,547.5
2026-01-30 19:15:00,-0.8469689978978735,5.334307636097924,576.6,547.4
2026-01-30 19:30:00,-0.9169488460157903,5.232345407976591,575.2,546.6
2026-01-30 19:45:00,-0.9169488460157903,5.232345407976591,575.2,546.6
2026-01-30 20:00:00,-0.8931587989937555,5.267008046817856,575.6,546.8
2026-01-30 20:15:00,-0.9050516467185163,5.2496798975672165,575.4,546.7
2026-01-30 20:30:00,-0.8560331796391205,5.321100917431187,574.0,545.0
2026-01-30 20:45:00,-0.8182534860973433,5.37614678899081,574.3,545.0
2026-01-30 21:00:00,-0.8032984440578715,5.397936624907906,572.1,542.8
2026-01-30 21:15:00,-0.8060265528781893,5.393961708394679,572.5,543.2
2026-01-30 21:30:00,-0.8145818141976602,5.381496498341298,571.8,542.6
2026-01-30 21:45:00,-0.7513371496802899,5.47364541098414,572.3,542.6
2026-01-30 22:00:00,-0.8791640777361107,5.287398673544597,571.5,542.8
2026-01-30 22:15:00,-0.8211152670800527,5.371977109100956,570.8,541.7
2026-01-30 22:30:00,-0.8745526372576516,5.294117647058805,572.8,544.0
2026-01-30 22:45:00,-0.8281458553574521,5.361733382298928,573.8,544.6
2026-01-30 23:00:00,-0.9289657010192091,5.214836577304438,573.0,544.6
2026-01-30 23:15:00,-0.9309362118584421,5.211965498256554,573.3,544.9
2026-01-30 23:30:00,-0.8832149751637004,5.281496423986809,574.1,545.3
2026-01-31 09:45:00,-1.0638904351655403,5.018248175182483,575.5,548.0
2026-01-31 10:00:00,-0.8905307780947991,5.2708371329564185,577.2,548.3
2026-01-31 10:15:00,-0.9386475338256773,5.200729927007308,576.5,548.0
2026-01-31 10:30:00,-0.8252568763888556,5.365942690271952,577.3,547.9
2026-01-31 10:45:00,-0.810705826357607,5.387143900657421,577.1,547.6
2026-01-31 11:00:00,-0.7876771483722924,5.420697207519631,577.6,547.9
2026-01-31 11:15:00,-0.8134046324858296,5.383211678832112,577.5,548.0
2026-01-31 11:30:00,-0.8648314422114861,5.308281649033186,577.3,548.2
2026-01-31 11:45:00,-0.838453212753796,5.346715328467155,577.3,548.0
2026-01-31 12:00:00,-0.8523117213187016,5.326523166727459,577.4,548.2
2026-01-31 12:15:00,-0.9267767643956432,5.218025907681079,576.7,548.1
2026-01-31 12:30:00,-0.8516447338162972,5.32749498266738,577.3,548.1
2026-01-31 12:45:00,-0.874700035642486,5.293902884264323,576.8,547.8
2026-01-31 13:00:00,-0.876026083155761,5.291970802919699,577.0,548.0
2026-01-31 13:15:00,-0.9135989535577108,5.237226277372264,576.7,548.0
2026-01-31 13:30:00,-0.9419013375523828,5.1959890610756565,577.0,548.5
2026-01-31 13:45:00,-0.7988497472014104,5.404418477268558,577.3,547.7
2026-01-31 14:00:00,-0.8252568763888556,5.365942690271952,577.3,547.9
2026-01-31 14:15:00,-0.7974947808179004,5.406392694063933,577.1,547.5
2026-01-31 14:30:00,-0.8865677989705544,5.276611283549393,576.6,547.7
2026-01-31 14:45:00,-0.8469689978978735,5.334307636097924,576.6,547.4
2026-01-31 15:00:00,-0.782917873607061,5.427631578947345,576.9,547.2
2026-01-31 15:15:00,-0.796816926334675,5.407380343441726,577.0,547.4
2026-01-31 15:30:00,-0.7717408905530682,5.443916697113638,577.2,547.4
2026-01-31 15:45:00,-0.7842789084438639,5.425648520277693,577.1,547.4
2026-01-31 16:00:00,-0.6658214770650301,5.598243688254678,577.2,546.6
2026-01-31 16:15:00,-0.7188199111997269,5.521023765996347,577.2,547.0
2026-01-31 16:30:00,-0.7842789084438639,5.425648520277693,577.1,547.4
2026-01-31 16:45:00,-0.7981723877282679,5.405405405405417,577.2,547.6
2026-01-31 17:00:00,-0.6923303866038626,5.55961960497442,577.2,546.8
2026-01-31 17:15:00,-0.796816926334675,5.407380343441726,577.0,547.4
2026-01-31 17:30:00,-0.7981723877282679,5.405405405405417,577.2,547.6
2026-01-31 17:45:00,-0.7717408905530682,5.443916697113638,577.2,547.4
2026-01-31 18:00:00,-0.8351019643435167,5.351598173515981,576.8,547.5
2026-01-31 18:15:00,-0.823239264986946,5.3688823959094245,577.0,547.6
2026-01-31 18:30:00,-0.7995268593727773,5.403431909456002,577.4,547.8
2026-01-31 18:45:00,-0.7626239963612705,5.457200219018055,577.8,547.9
2026-02-01 09:45:00,-0.6881617311459667,5.565693430656937,578.5,548.0
2026-02-01 10:00:00,-0.8397920004259171,5.344764684421732,577.5,548.2
2026-02-01 10:15:00,-0.7890347083335014,5.418719211822642,577.8,548.1
2026-02-01 10:30:00,-0.8377834523943665,5.34769118452274,577.2,547.9
2026-02-01 10:45:00,-0.8259289226198129,5.3649635036496335,577.4,548.0
2026-02-01 11:00:00,-0.7355051945815883,5.496712929145375,577.7,547.6
2026-02-01 11:15:00,-0.7619402712379154,5.458196422051853,577.7,547.8
2026-02-01 11:30:00,-0.7731055104696052,5.441928414901387,577.4,547.6
2026-02-01 11:45:00,-0.7863185969486712,5.422676647799873,577.4,547.7
2026-02-01 12:00:00,-0.8127303003833447,5.384194196021164,577.4,547.9
2026-02-01 12:15:00,-0.8503100283998926,5.3294396787735066,577.1,547.9
2026-02-01 12:30:00,-0.8740366487178152,5.294869454080708,576.7,547.7
2026-02-01 12:45:00,-0.796816926334675,5.407380343441726,577.0,547.4
2026-02-01 13:00:00,-0.8621711729308653,5.312157721796273,576.9,547.8
2026-02-01 13:15:00,-0.823239264986946,5.3688823959094245,577.0,547.6
2026-02-01 13:30:00,-0.7687663097779495,5.448250728862991,578.7,548.8
2026-02-01 13:45:00,-0.8609604675441687,5.313921747042771,578.7,549.5
2026-02-01 14:00:00,-0.8544544497127631,5.3234011627907085,579.7,550.4
2026-02-01 14:15:00,-0.763765261060074,5.455537370430985,579.9,549.9
2026-02-01 14:30:00,-0.8025560154183055,5.3990183602981245,579.8,550.1
2026-02-01 14:45:00,-0.9475642468269287,5.187738073644121,579.9,551.3
2026-02-01 15:00:00,-0.9567927472006224,5.174291938997833,579.3,550.8
2026-02-01 15:15:00,-0.981073651938903,5.138914109315418,579.0,550.7
2026-02-01 15:30:00,-1.0701639866898494,5.009107468123863,576.5,549.0
2026-02-01 15:45:00,-1.0589190308516314,5.0254916241806,576.8,549.2
2026-02-01 16:00:00,-1.0226975114813253,5.0782672005824425,577.3,549.4
2026-02-01 16:15:00,-0.9207996791000579,5.226734656710974,577.8,549.1
2026-02-01 16:30:00,-0.987783390171628,5.12913786831577,578.0,549.8
2026-02-01 16:45:00,-0.9884235587171625,5.128205128205132,578.1,549.9
2026-02-01 17:00:00,-1.066402601312033,5.0145878920496045,575.9,548.4
2026-02-01 17:15:00,-0.9135989535577108,5.237226277372264,576.7,548.0
2026-02-01 17:30:00,-0.7724233251341764,5.442922374429204,577.3,547.5
2026-02-01 17:45:00,-0.7619402712379154,5.458196422051853,577.7,547.8
2026-02-01 18:00:00,-0.8766887440093973,5.291005291005302,577.1,548.1
2026-02-01 18:15:00,-0.9280830906614116,5.216122560641989,576.9,548.3
2026-02-01 18:30:00,-0.8628366044054188,5.311188173024273,577.0,547.9
2026-02-01 18:45:00,-0.9445001124727431,5.192202586992156,577.4,548.9
2026-02-02 06:45:00,-1.270777293042651,4.716809324348925,575.0,549.1
2026-02-02 07:00:00,-1.0468369133894873,5.043095543737386,572.8,545.3
2026-02-02 07:15:00,-1.1211124945650845,4.934874334984407,572.0,545.1
2026-02-02 07:30:00,-1.108521573645215,4.95321959273527,572.1,545.1
2026-02-02 07:45:00,-1.104150368549957,4.959588537839821,571.4,544.4
2026-02-02 08:00:00,-1.01333282278643,5.091911764705892,571.7,544.0
2026-02-02 08:15:00,-1.0259492032890518,5.07352941176471,571.6,544.0
2026-02-02 08:30:00,-1.006896842309029,5.101289134438325,570.7,543.0
2026-02-02 08:45:00,-1.0062519402313561,5.102228771412798,570.6,542.9
2026-02-02 09:00:00,-1.0059925104474234,5.102606766500273,568.5,540.9
2026-02-02 09:15:00,-1.0344256146612214,5.061179087875423,566.7,539.4
2026-02-02 09:30:00,-1.0783272213965047,4.997213449749238,565.2,538.3
2026-02-02 09:45:00,-1.0217016417405298,5.079718205413419,566.8,539.4
2026-02-02 10:00:00,-0.874251575232218,5.294556301267717,564.8,536.4
2026-02-02 10:15:00,-0.7340779239370083,5.498792494891336,567.9,538.3
2026-02-02 10:30:00,-0.8569668761121868,5.319740500463399,568.2,539.5
2026-02-02 10:45:00,-0.8481477859047134,5.332590115198799,566.9,538.2
2026-02-02 11:00:00,-0.8088966354775102,5.389779932860872,565.1,536.2
2026-02-02 11:15:00,-0.8144075086045681,5.38175046554934,565.9,537.0
2026-02-02 11:30:00,-0.8984959957049843,5.259231629988803,564.4,536.2
2026-02-02 11:45:00,-0.836550641186379,5.349487418452936,565.2,536.5
2026-02-02 12:00:00,-0.8251308404089323,5.366126327557286,565.5,536.7
2026-02-02 12:15:00,-0.8702728756737165,5.300353356890453,566.2,537.7
2026-02-02 12:30:00,-0.6944157840927143,5.556581133468685,571.8,541.7
2026-02-02 12:45:00,-0.6024291594553149,5.69060773480663,573.9,543.0
2026-02-02 13:00:00,-0.6183960943003052,5.667343548089332,572.4,541.7
2026-02-02 13:15:00,-0.5767575687198591,5.72801182557281,572.2,541.2
2026-02-02 13:30:00,-0.6591284655660621,5.607995558023338,570.6,540.3
2026-02-02 13:45:00,-0.697941987320174,5.551443375277576,570.4,540.4
2026-02-02 14:00:00,-0.6054281123964479,5.686238192257842,570.6,539.9
2026-02-02 14:15:00,-0.6238957001181556,5.659330497503223,571.3,540.7
2026-02-02 14:30:00,-0.7388332304306512,5.491863905325456,570.5,540.8
2026-02-02 14:45:00,-0.790972031487997,5.4158964879851945,570.3,541.0
2026-02-02 15:00:00,-0.7889096503946775,5.4189014240798805,570.0,540.7
2026-02-02 15:15:00,-0.9225687397114645,5.224157095220461,568.0,539.8
2026-02-02 15:30:00,-0.9789498485598019,5.142008539075538,566.4,538.7
2026-02-02 15:45:00,-0.9159141341392604,5.2338530066815325,567.0,538.8
2026-02-02 16:00:00,-1.0247389314282243,5.07529280535417,565.2,537.9
2026-02-02 16:15:00,-0.9730439200806016,5.150613611007815,565.5,537.8
2026-02-02 16:30:00,-1.0132788966107245,5.09199033636869,565.5,538.1
2026-02-02 16:45:00,-1.066855796339332,5.013927576601662,565.5,538.5
2026-02-02 17:00:00,-1.034915635571832,5.060465116279089,564.7,537.5
2026-02-02 17:15:00,-1.1102650400819005,4.950679322538631,563.9,537.3
2026-02-02 17:30:00,-1.1184662037219169,4.93873004084664,565.2,538.6
2026-02-02 17:45:00,-1.098125980768119,4.968366207666541,564.1,537.4
2026-02-02 18:00:00,-1.0452236439901574,5.045446113893504,566.3,539.1
2026-02-02 18:15:00,-1.0432955556950252,5.048255382331113,566.0,538.8
2026-02-02 18:30:00,-0.9897310054717295,5.126300148588414,566.0,538.4
2026-02-02 19:00:00,-0.9486572230140733,5.186145582515289,567.9,539.9
2026-02-02 19:15:00,-0.9587397916773366,5.171455050973117,567.4,539.5
2026-02-02 19:30:00,-1.009626249459904,5.097312326227987,567.0,539.5
2026-02-02 19:45:00,-1.0497141823462157,5.038903297517616,567.0,539.8
2026-02-02 20:00:00,-1.009626249459904,5.097312326227987,567.0,539.5
2026-02-02 20:15:00,-0.9956025153825143,5.117745225292048,566.9,539.3
2026-02-02 20:30:00,-1.0089776688198229,5.098257322951438,566.9,539.4
2026-02-02 20:45:00,-0.9949510933301063,5.118694362017795,566.8,539.2
2026-02-02 21:00:00,-0.993647524080122,5.120593692022268,566.6,539.0
2026-02-02 21:15:00,-1.0076797858253264,5.100148367952517,566.7,539.2
2026-02-02 21:30:00,-0.9293164844866609,5.21432547782521,567.0,538.9
2026-02-02 21:45:00,-0.9802595981880915,5.140100204119502,566.6,538.9
2026-02-02 22:00:00,-0.9152473147429867,5.234824577687003,566.9,538.7
2026-02-02 22:15:00,-0.8770257944528762,5.290514200853913,567.2,538.7
2026-02-02 22:30:00,-0.9178354509597798,5.231053604436231,569.3,541.0
2026-02-02 22:45:00,-0.8878065847572586,5.274806344522309,570.8,542.2
2026-02-02 23:00:00,-0.8817873028922428,5.283576574912252,569.9,541.3
2026-02-02 23:15:00,-0.8931309628619415,5.267048604694136,569.6,541.1
2026-02-02 23:30:00,-0.9078110381688658,5.245659401551528,569.8,541.4
2026-02-03 06:45:00,-0.9965498208692095,5.1163649796823085,569.1,541.4
2026-02-03 07:00:00,-1.1004831839327793,4.964931709117781,568.7,541.8
2026-02-03 07:15:00,-0.9965498208692095,5.1163649796823085,569.1,541.4
2026-02-03 07:30:00,-0.8757479716057752,5.292376017764622,569.0,540.4
2026-02-03 07:45:00,-0.8510238462370309,5.328399629972247,569.3,540.5
2026-02-03 08:00:00,-0.7981723877282833,5.405405405405395,569.4,540.2
2026-02-03 08:15:00,-0.8723840873212676,5.29727727356919,568.5,539.9
2026-02-03 08:30:00,-0.8367597351873871,5.349182763744431,567.2,538.4
2026-02-03 08:45:00,-0.8287957328638075,5.36078649601186,568.0,539.1
2026-02-03 09:00:00,-0.938077507616724,5.201560468140443,566.3,538.3
2026-02-03 09:15:00,-0.8931215533683159,5.267062314540061,567.6,539.2
2026-02-03 09:30:00,-0.8529018139345227,5.325663388383761,567.6,538.9
2026-02-03 09:45:00,-0.8012708547390811,5.400890868596897,567.9,538.8
2026-02-03 10:00:00,-0.7978277938369281,5.405907486531669,567.4,538.3
2026-02-03 10:15:00,-0.7730217059022445,5.442050520059438,567.7,538.4
2026-02-03 10:30:00,-0.8561503259756721,5.320930232558152,566.1,537.5
2026-02-03 10:45:00,-0.8622549469014442,5.312035661218428,567.0,538.4
2026-02-03 11:00:00,-0.8689192766611273,5.30232558139534,566.0,537.5
2026-02-03 11:15:00,-0.8843849233827508,5.279791782859267,566.3,537.9
2026-02-03 11:30:00,-1.0286200804985355,5.069637883008338,565.8,538.5
2026-02-03 11:45:00,-0.9985675756902217,5.113425065079946,565.3,537.8
2026-02-03 12:00:00,-1.1096325372557927,4.951600893521957,563.8,537.2
2026-02-03 12:15:00,-1.0674614683196613,5.01304509877003,563.5,536.6
2026-02-03 12:30:00,-1.115946988546685,4.942400594574492,564.8,538.2
2026-02-03 12:45:00,-1.098125980768119,4.968366207666541,564.1,537.4
2026-02-03 13:00:00,-1.0853215063440182,4.987022617723391,566.3,539.4
2026-02-03 13:15:00,-1.0344256146612214,5.061179087875423,566.7,539.4
2026-02-03 13:30:00,-0.9769833996147004,5.144873699851416,566.1,538.4
2026-02-03 13:45:00,-0.924661843802424,5.221107395020419,566.3,538.2
2026-02-03 14:00:00,-0.9508274815966958,5.182983466468527,566.2,538.3
2026-02-03 14:15:00,-0.917247030646832,5.231910946196661,567.2,539.0
2026-02-03 14:30:00,-0.8870776116967907,5.275868474828172,566.7,538.3
2026-02-03 14:45:00,-0.8112645234733301,5.386329866270434,567.4,538.4
2026-02-03 15:00:00,-0.8937918572193463,5.266085666604869,567.7,539.3
2026-02-03 15:15:00,-0.8770257944528762,5.290514200853913,567.2,538.7
2026-02-03 15:30:00,-0.917247030646832,5.231910946196661,567.2,539.0
2026-02-03 15:45:00,-0.9319708540305421,5.21045800111255,567.4,539.3
2026-02-03 16:00:00,-0.9668667027615724,5.159613956941356,566.6,538.8
2026-02-03 16:15:00,-0.8322049938804308,5.355819125277983,568.5,539.6
2026-02-03 16:30:00,-0.8449242507251822,5.337286879169745,568.4,539.6
2026-02-03 16:45:00,-0.796110951628462,5.40840896462309,569.1,539.9
2026-02-03 17:00:00,-0.8637219239306884,5.309898242368183,569.2,540.5
2026-02-03 17:15:00,-0.8757479716057752,5.292376017764622,569.0,540.4
2026-02-03 17:30:00,-0.8503471167078257,5.329385640266482,569.2,540.4
2026-02-03 17:45:00,-0.8891180793180186,5.2728954671600325,569.0,540.5
2026-02-03 18:00:00,-1.0294405287111734,5.068442471328138,568.0,540.6
2026-02-03 18:15:00,-1.0344256146612214,5.061179087875423,566.7,539.4
2026-02-03 18:30:00,-0.9567650158444311,5.17433234421365,567.1,539.2
2026-02-03 19:00:00,-1.022993846551595,5.077835433654565,567.0,539.6
2026-02-03 19:15:00,-0.9962536958991313,5.116796440489435,567.0,539.4
2026-02-03 19:30:00,-0.9293164844866609,5.21432547782521,567.0,538.9
2026-02-03 19:45:00,-0.9675238197627224,5.158656522545946,566.7,538.9
2026-02-03 20:00:00,-0.9078533338947693,5.245597775718247,567.8,539.5
2026-02-03 20:15:00,-0.8481477859047134,5.332590115198799,566.9,538.2
2026-02-03 20:30:00,-0.8071401586181316,5.3923391595388726,566.8,537.8
2026-02-03 20:45:00,-0.8071401586181316,5.3923391595388726,566.8,537.8
2026-02-03 21:00:00,-0.824696262680913,5.366759517177333,567.4,538.5
2026-02-03 21:15:00,-0.889094503236147,5.27292981804679,567.0,538.6
2026-02-03 21:30:00,-0.90317599198369,5.252412769116566,567.1,538.8
2026-02-03 21:45:00,-0.9479978282384147,5.187106335679892,567.8,539.8
2026-02-03 22:00:00,-0.9332965627860377,5.208526413345704,567.6,539.5
2026-02-03 22:15:00,-0.9085205349489086,5.244625648628598,567.9,539.6
2026-02-03 22:30:00,-0.9078533338947693,5.245597775718247,567.8,539.5
2026-02-03 22:45:00,-0.9326338312956426,5.209492028179463,567.5,539.4
2026-02-03 23:00:00,-0.891780199502402,5.269016697588125,567.4,539.0
2026-02-03 23:15:00,-0.9688373224161444,5.156742719347052,566.9,539.1
2026-02-03 23:30:00,-0.8931215533683159,5.267062314540061,567.6,539.2
2026-02-04 06:45:00,-0.8931215533683159,5.267062314540061,567.6,539.2
2026-02-04 07:00:00,-1.0382852197805095,5.0555555555555465,567.3,540.0
2026-02-04 07:15:00,-0.8583198882841147,5.317769130998684,568.4,539.7
2026-02-04 07:30:00,-0.9258868051216936,5.219322598556375,568.5,540.3
2026-02-04 07:45:00,-0.9138492539526767,5.236861584011865,568.7,540.4
2026-02-04 08:00:00,-0.8256276908497007,5.365402405180397,569.5,540.5
2026-02-04 08:15:00,-0.8503471167078257,5.329385640266482,569.2,540.4
2026-02-04 08:30:00,-0.9352832839749472,5.205631715450165,567.9,539.8
2026-02-04 08:45:00,-0.9646509637485758,5.162842339008145,568.3,540.4
2026-02-04 09:00:00,-1.0292660979774606,5.068696620868907,565.9,538.6
2026-02-04 09:15:00,-1.0165232257282502,5.087263275157805,566.0,538.6
2026-02-04 09:30:00,-1.0204084783205463,5.08160237388724,566.6,539.2
2026-02-04 09:45:00,-0.8658487992989518,5.306799336650081,571.5,542.7
2026-02-04 10:00:00,-0.8251945091470805,5.366033560759731,571.4,542.3
2026-02-04 10:15:00,-0.8571031623400761,5.319541928333971,570.2,541.4
2026-02-04 10:30:00,-0.8971302953756366,5.261221486387058,572.2,543.6
2026-02-04 10:45:00,-0.814470675852522,5.381658429434388,575.7,546.3
2026-02-04 11:00:00,-0.9513644700631777,5.182201062076541,574.4,546.1
2026-02-04 11:15:00,-0.9394500789642589,5.199560600512632,574.6,546.2
2026-02-04 11:30:00,-1.0110019372390429,5.095307917888547,573.4,545.6
2026-02-04 11:45:00,-1.051907388846165,5.035707745834106,573.6,546.1
2026-02-04 12:00:00,-1.0406094235765593,5.052169137836349,573.9,546.3
2026-02-04 12:15:00,-1.0393395239982934,5.054019410364408,573.7,546.1
2026-02-04 12:30:00,-0.9839053986872639,5.134788189987161,573.3,545.3
2026-02-04 12:45:00,-1.0154828960516542,5.088779059125037,574.1,546.3
2026-02-04 13:00:00,-0.9606844079617395,5.16862170087975,573.8,545.6
2026-02-04 13:15:00,-0.9209738839850405,5.226480836236935,573.8,545.3
2026-02-04 13:30:00,-0.9481050256424098,5.186950146627556,573.9,545.6
2026-02-04 13:45:00,-1.0348875410708853,5.060506050605063,573.0,545.4
2026-02-04 14:00:00,-1.0302546274075013,5.067256311037416,570.2,542.7
2026-02-04 14:15:00,-1.0827578962731188,4.990757855822547,568.0,541.0
2026-02-04 14:30:00,-1.0967053712520085,4.970436067997031,568.1,541.2
2026-02-04 14:45:00,-1.0840237175317093,4.988913525498884,568.2,541.2
2026-02-04 15:00:00,-1.0098729289643797,5.096952908587271,569.1,541.5
2026-02-04 15:15:00,-1.0897083547831952,4.980630879911452,569.1,542.1
2026-02-04 15:30:00,-1.0650222872802009,5.016599040944292,569.4,542.2
2026-02-04 15:45:00,-1.0827578962731188,4.990757855822547,568.0,541.0
2026-02-04 16:00:00,-1.1542040174955404,4.886659234485302,564.5,538.2
2026-02-04 16:15:00,-1.1875252679917367,4.8381094157052384,563.4,537.4
2026-02-04 16:30:00,-1.161982614499257,4.875325641979922,563.6,537.4
2026-02-04 16:45:00,-1.1657143107158148,4.869888475836448,564.2,538.0
2026-02-04 17:00:00,-1.0509005580377304,5.037174721189586,565.1,538.0
2026-02-04 17:15:00,-1.0286200804985355,5.069637883008338,565.8,538.5
2026-02-04 17:30:00,-1.1529572270849335,4.888475836431216,564.3,538.0
2026-02-04 17:45:00,-1.1318359297201677,4.919250046408008,565.2,538.7
2026-02-04 18:00:00,-1.2136809451680226,4.799999999999982,563.3,537.5
2026-02-04 18:15:00,-1.261132259020859,4.730862357980992,562.3,536.9
2026-02-04 18:30:00,-1.1504608632494169,4.892113095238093,563.9,537.6
2026-02-04 19:00:00,-1.1435766688512063,4.90214352283318,562.8,536.5
2026-02-04 19:15:00,-1.1320424555424844,4.918949133594186,563.1,536.7
2026-02-04 19:30:00,-1.0847176326989747,4.987902475339667,564.1,537.3
2026-02-04 19:45:00,-1.0706644181927634,5.008378328058094,564.0,537.1
2026-02-04 20:00:00,-1.1467093444128114,4.897579143389197,563.3,537.0
2026-02-04 20:15:00,-1.0764147252995235,5.000000000000004,564.9,538.0
2026-02-04 20:30:00,-1.1364399610068079,4.912541868254561,563.8,537.4
2026-02-04 20:45:00,-1.1414516745125836,4.905239687848373,564.6,538.2
2026-02-04 21:00:00,-1.0573146019412047,5.027829313543597,566.1,539.0
2026-02-04 21:15:00,-0.9173228953458237,5.231800409607157,565.2,537.1
2026-02-04 21:30:00,-0.9213296805346133,5.225962432583198,565.8,537.7
2026-02-04 21:45:00,-0.962918872751264,5.165366034931251,566.0,538.2
2026-02-04 22:00:00,-0.9239959065457292,5.222077680728487,566.2,538.1
2026-02-04 22:15:00,-0.8830370768889286,5.281755625813656,566.1,537.7
2026-02-04 22:30:00,-0.9051820544378053,5.249489890558334,567.4,539.1
2026-02-04 22:45:00,-0.9313076308539912,5.2114243323442055,567.3,539.2
2026-02-04 23:00:00,-0.9179131080334793,5.230940456316069,567.3,539.1
2026-02-04 23:15:00,-0.9293164844866609,5.21432547782521,567.0,538.9
2026-02-04 23:30:00,-0.927323119983778,5.217229855180094,566.7,538.6
2026-02-05 06:45:00,-1.0566742687402297,5.028762293560951,566.0,538.9
2026-02-05 07:00:00,-0.9521486488169117,5.181058495821733,566.4,538.5
2026-02-05 07:15:00,-0.993647524080122,5.120593692022268,566.6,539.0
2026-02-05 07:30:00,-0.9554472773634847,5.176252319109453,566.9,539.0
2026-02-05 07:45:00,-1.0286200804985355,5.069637883008338,565.8,538.5
2026-02-05 08:00:00,-1.0732224876281673,5.004651162790696,564.4,537.5
2026-02-05 08:15:00,-1.0764147252995235,5.000000000000004,564.9,538.0
2026-02-05 08:30:00,-1.0706644181927634,5.008378328058094,564.0,537.1
2026-02-05 08:45:00,-1.0847176326989747,4.987902475339667,564.1,537.3
2026-02-05 09:00:00,-0.9828761831121112,5.136287780456161,567.0,539.3
2026-02-05 09:15:00,-0.9045136150746246,5.250463821892382,567.3,539.0
2026-02-05 09:30:00,-1.0389276535894714,5.054619514904646,567.4,540.1
2026-02-05 09:45:00,-1.0872240903994133,4.984250509542343,566.6,539.7
2026-02-05 10:00:00,-1.0649801086870203,5.016660496112535,567.3,540.2
2026-02-05 10:15:00,-1.1316309317382265,4.919548733123702,567.3,540.7
2026-02-05 10:30:00,-1.1151725452031545,4.943528976115519,566.8,540.1
2026-02-05 10:45:00,-1.078954810789326,4.996299037749807,567.4,540.4
2026-02-05 11:00:00,-0.9486572230140733,5.186145582515289,567.9,539.9
2026-02-05 11:15:00,-1.068800105114505,5.011094674556227,567.9,540.8
2026-02-05 11:30:00,-1.0852886035695686,4.987070557813067,568.4,541.4
2026-02-05 11:45:00,-1.071342063811425,5.007390983000715,568.3,541.2
2026-02-05 12:00:00,-1.1005723594001164,4.964801778436478,566.6,539.8
2026-02-05 12:15:00,-1.0884913051175553,4.982404148916464,566.8,539.9
2026-02-05 12:30:00,-1.0132788966107245,5.09199033636869,565.5,538.1
2026-02-05 12:45:00,-0.9495053322785806,5.184909868054266,566.0,538.1
2026-02-05 13:00:00,-0.8924391513879375,5.26805658972449,565.5,537.2
2026-02-05 13:15:00,-0.9247640908186894,5.2209584187954405,564.3,536.3
2026-02-05 13:30:00,-0.8196328902217894,5.37413696585185,564.7,535.9
2026-02-05 13:45:00,-0.8594158046904173,5.316172355903759,564.6,536.1
2026-02-05 14:00:00,-0.9079388254236201,5.24547321261899,563.8,535.7
2026-02-05 14:15:00,-0.895801278104142,5.2631578947368585,564.0,535.8
2026-02-05 14:30:00,-0.8058159307470244,5.39426858962353,562.7,533.9
2026-02-05 14:45:00,-0.8599693009326841,5.315365899307523,562.7,534.3
2026-02-05 15:00:00,-0.978145766086963,5.143180105501144,558.1,530.8
2026-02-05 15:15:00,-0.9489328974940795,5.185743918536678,557.8,530.3
2026-02-05 15:30:00,-0.8849045392085024,5.2790346907994,558.4,530.4
2026-02-05 15:45:00,-0.8930734933626718,5.267132339059844,557.6,529.7
2026-02-05 16:00:00,-0.9551754322926845,5.176648403551876,556.7,529.3
2026-02-05 16:15:00,-1.0050570495644895,5.1039697542533125,556.0,529.0
2026-02-05 16:30:00,-0.9827947728962847,5.136406396989646,558.8,531.5
2026-02-05 16:45:00,-1.0099372913778968,5.096859131088949,558.8,531.7
2026-02-05 17:00:00,-1.040319175371685,5.052592036063097,559.3,532.4
2026-02-05 17:15:00,-1.0474691775297016,5.042174320524828,560.4,533.5
2026-02-05 17:30:00,-1.2123472673964955,4.801943198804182,560.9,535.2
2026-02-05 17:45:00,-1.1591747849510259,4.879416713404372,561.0,534.9
2026-02-05 18:00:00,-1.0712659548618566,5.007501875468856,559.9,533.2
2026-02-05 18:15:00,-1.0082190967559297,5.099362579677558,560.6,533.4
2026-02-05 18:30:00,-0.807581296381818,5.391696411797864,561.0,532.3
2026-02-05 19:00:00,-0.8924030947138352,5.268109125117593,559.5,531.5
2026-02-05 19:15:00,-0.9073485838669128,5.246333207972942,559.7,531.8
2026-02-05 19:30:00,-0.8991930799294182,5.258215962441315,560.5,532.5
2026-02-05 19:45:00,-0.847637692185394,5.333333333333323,560.9,532.5
2026-02-05 20:00:00,-0.9323572231886788,5.209895052473756,561.4,533.6
2026-02-05 20:15:00,-0.9052822989543003,5.249343832021003,561.4,533.4
2026-02-05 20:30:00,-0.9458870757150134,5.190181750046841,561.4,533.7
2026-02-05 20:45:00,-0.8964777329625542,5.262172284644207,562.1,534.0
2026-02-05 21:00:00,-0.8964777329625542,5.262172284644207,562.1,534.0
2026-02-05 21:15:00,-1.0012689844956089,5.109489051094895,561.6,534.3
2026-02-05 21:30:00,-0.9458870757150134,5.190181750046841,561.4,533.7
2026-02-05 21:45:00,-1.0069063243908916,5.10127531882969,560.4,533.2
2026-02-05 22:00:00,-1.0667842608559923,5.014031805425634,561.3,534.5
2026-02-05 22:15:00,-1.0398052618309477,5.053340819764185,561.3,534.3
2026-02-05 22:30:00,-1.0398052618309477,5.053340819764185,561.3,534.3
2026-02-05 22:45:00,-1.027611241439099,5.071107784431139,561.5,534.4
2026-02-05 23:00:00,-1.0193380407158381,5.083162025789556,562.3,535.1
2026-02-05 23:15:00,-0.9782207303496523,5.143070880867784,562.2,534.7
2026-02-05 23:30:00,-1.04045426350764,5.052395209580829,561.4,534.4
2026-02-06 06:45:00,-1.0398052618309477,5.053340819764185,561.3,534.3
2026-02-06 07:00:00,-0.8924272178165424,5.2680739772090535,563.5,535.3
2026-02-06 07:15:00,-1.104564024675986,4.958985831469054,563.0,536.4
2026-02-06 07:30:00,-1.0533834803551436,5.033557046979875,563.4,536.4
2026-02-06 07:45:00,-1.0616810914700743,5.021467239126376,562.6,535.7
2026-02-06 08:00:00,-1.1020240946779694,4.962686567164187,562.6,536.0
2026-02-06 08:15:00,-1.0885814456647933,4.982272812091826,562.6,535.9
2026-02-06 08:30:00,-0.9861248531150827,5.13155439447659,563.4,535.9
2026-02-06 08:45:00,-0.9733177790463631,5.150214592274693,563.5,535.9
2026-02-06 09:00:00,-1.02259488554528,5.0784167289021465,562.8,535.6
2026-02-06 09:15:00,-1.0104336694546,5.096135896957232,563.0,535.7
2026-02-06 09:30:00,-0.9917141782602427,5.123410620792845,562.2,534.8
2026-02-06 09:45:00,-0.9505531090279002,5.183383233532934,562.1,534.4
2026-02-06 10:00:00,-0.9861080017018404,5.13157894736842,559.3,532.0
2026-02-06 10:15:00,-0.9542940533208776,5.177932592732071,558.6,531.1
2026-02-06 10:30:00,-0.8821700745422391,5.283018867924527,558.0,530.0
2026-02-06 10:45:00,-0.9502747023289546,5.183788878416595,558.0,530.5
2026-02-06 11:00:00,-0.9658829698017426,5.1610472782068095,558.3,530.9
2026-02-06 11:15:00,-0.8992052254693202,5.258198266113823,558.5,530.6
2026-02-06 11:30:00,-0.8317587883404187,5.3564692568842,558.6,530.2
2026-02-06 11:45:00,-0.9718776454824086,5.152312899586331,559.2,531.8
2026-02-06 12:00:00,-0.9270998976972454,5.217555095121496,558.6,530.9
2026-02-06 12:15:00,-0.917553744458129,5.23146405720738,559.2,531.4
2026-02-06 12:30:00,-0.9087022386181076,5.24436090225564,559.9,532.0
2026-02-06 12:45:00,-0.9705472494792123,5.154251316779535,559.0,531.6
2026-02-06 13:00:00,-1.0099372913778968,5.096859131088949,558.8,531.7
2026-02-06 13:15:00,-1.0435728355768168,5.047851379245638,559.8,532.9
2026-02-06 13:30:00,-0.9316869864503834,5.210871602624168,561.3,533.5
2026-02-06 13:45:00,-0.8734153860573984,5.29577464788733,560.7,532.5
2026-02-06 14:00:00,-0.9702810501434798,5.154639175257736,561.0,533.5
2026-02-06 14:15:00,-1.0333018585679166,5.062816426026617,560.3,533.3
2026-02-06 14:30:00,-1.2367724587907523,4.766355140186906,560.5,535.0
2026-02-06 14:45:00,-1.195810146621728,4.826038159371482,560.4,534.6
2026-02-06 15:00:00,-1.217177518665311,4.794905412998696,559.5,533.9
2026-02-06 15:15:00,-1.2152305167939947,4.797742238946379,557.0,531.5
2026-02-06 15:30:00,-1.1960860291433895,4.825636192271454,556.1,530.5
2026-02-06 15:45:00,-1.2121299144350368,4.802259887005644,556.5,531.0
2026-02-06 16:00:00,-1.2220313498314332,4.787833270747277,558.1,532.6
2026-02-06 16:15:00,-1.2048034156258431,4.812934762173349,557.5,531.9
2026-02-06 16:30:00,-1.1739820346581327,4.857842214272257,556.9,531.1
2026-02-06 16:45:00,-1.1443362761298275,4.90103675777569,556.5,530.5
2026-02-06 17:00:00,-1.1144797138887221,4.944538447076541,558.2,531.9
2026-02-06 17:15:00,-1.145603935427312,4.899189749387611,556.7,530.7
2026-02-06 17:30:00,-1.1074470282087443,4.954785229841763,557.1,530.8
2026-02-06 17:45:00,-1.104240708018476,4.959456911182358,556.6,530.3
2026-02-06 18:00:00,-1.157905225221452,4.881266490765168,556.5,530.6
2026-02-06 18:15:00,-1.055726523360038,5.030143180105506,557.5,530.8
2026-02-06 18:30:00,-0.9128178078945636,5.238364424345199,558.5,530.7
2026-02-06 19:00:00,-1.0563768047122042,5.02919570540592,557.6,530.9
2026-02-06 19:15:00,-1.0822321861152018,4.991523827462796,557.4,530.9
2026-02-06 19:30:00,-1.1119257417283424,4.948259642521169,557.8,531.5
2026-02-06 19:45:00,-1.1112866479232368,4.949190816710591,557.7,531.4
2026-02-06 20:00:00,-1.1112866479232368,4.949190816710591,557.7,531.4
2026-02-06 20:15:00,-1.0835222776369118,4.98964413481453,557.6,531.1
2026-02-06 20:30:00,-1.0822321861152018,4.991523827462796,557.4,530.9
2026-02-06 20:45:00,-1.0958026094617397,4.971751412429382,557.4,531.0
2026-02-06 21:00:00,-1.0705994552053022,5.008472980606293,557.7,531.1
2026-02-06 21:15:00,-1.097729355713881,4.968944099378891,557.7,531.3
2026-02-06 21:30:00,-1.0835222776369118,4.98964413481453,557.6,531.1
2026-02-06 21:45:00,-1.1093679225001156,4.951986443231027,557.4,531.1
2026-02-06 22:00:00,-1.0583261797596446,5.0263554216867234,557.9,531.2
2026-02-06 22:15:00,-1.1015763279262913,4.96333897349126,558.3,531.9
2026-02-06 22:30:00,-1.1015763279262913,4.96333897349126,558.3,531.9
2026-02-06 22:45:00,-1.0622183317441058,5.020684467845071,558.5,531.8
2026-02-06 23:00:00,-1.0059853430472845,5.102617209565064,558.2,531.1
2026-02-06 23:15:00,-1.1449702252338476,4.900113079532598,556.6,530.6
2026-02-06 23:30:00,-0.946918291461339,5.188679245283012,557.5,530.0
2026-02-07 09:45:00,-1.0964451000685207,4.970815289022768,557.5,531.1
2026-02-07 10:00:00,-1.0893156858134891,4.981203007518786,558.5,532.0
2026-02-07 10:15:00,-1.0092792528281112,5.097817908201652,558.7,531.6
2026-02-07 10:30:00,-1.0486620101672035,5.040436336279841,558.5,531.7
2026-02-07 10:45:00,-1.0486620101672035,5.040436336279841,558.5,531.7
2026-02-07 11:00:00,-1.0066446210742133,5.101656626506013,558.3,531.2
2026-02-07 11:15:00,-1.1106473135407582,4.95012234142671,557.6,531.3
2026-02-07 11:30:00,-1.045405790088283,5.045180722891551,558.0,531.2
2026-02-07 11:45:00,-1.0835222776369118,4.98964413481453,557.6,531.1
2026-02-07 12:00:00,-1.0583261797596446,5.0263554216867234,557.9,531.2
2026-02-07 12:15:00,-1.0583261797596446,5.0263554216867234,557.9,531.2
2026-02-07 12:30:00,-1.1100077384450606,4.9510542168674565,557.5,531.2
2026-02-07 12:45:00,-1.0828773533536007,4.990583804143123,557.5,531.0
2026-02-07 13:00:00,-1.0441015850291684,5.0470809792843685,557.8,531.0
2026-02-07 13:15:00,-1.0828773533536007,4.990583804143123,557.5,531.0
2026-02-07 13:30:00,-1.055726523360038,5.030143180105506,557.5,530.8
2026-02-07 13:45:00,-1.0298662709356694,5.0678221552374,557.7,530.8
2026-02-07 14:00:00,-1.031830987910504,5.064959517981538,558.0,531.1
2026-02-07 14:15:00,-1.0964451000685207,4.970815289022768,557.5,531.1
2026-02-07 14:30:00,-1.0570268411373074,5.028248587570627,557.7,531.0
2026-02-07 14:45:00,-1.1100077384450606,4.9510542168674565,557.5,531.2
2026-02-07 15:00:00,-1.069304495413703,5.010359766434358,557.5,530.9
2026-02-07 15:15:00,-1.0699520972454464,5.009416195856886,557.6,531.0
2026-02-07 15:30:00,-0.9884235587171625,5.128205128205132,557.6,530.4
2026-02-07 15:45:00,-1.0854555941278992,4.986827248776815,557.9,531.4
2026-02-07 16:00:00,-1.0705994552053022,5.008472980606293,557.7,531.1
2026-02-07 16:15:00,-0.9801396981840966,5.140274901148545,558.4,531.1
2026-02-07 16:30:00,-1.0860995479619369,4.985888993414855,558.0,531.5
2026-02-07 16:45:00,-1.0848113978870035,4.987765857331072,557.8,531.3
2026-02-07 17:00:00,-0.8726500728086115,5.296889726672949,558.6,530.5
2026-02-07 17:15:00,-0.9678834520601436,5.158132530120474,558.6,531.2
2026-02-07 17:30:00,-0.982131378946488,5.137372977041799,558.7,531.4
2026-02-07 17:45:00,-0.9685497774450166,5.1571616789008345,558.7,531.3
2026-02-07 18:00:00,-0.9393553874504331,5.199698568198952,558.4,530.8
2026-02-07 18:15:00,-0.9393553874504331,5.199698568198952,558.4,530.8
2026-02-07 18:30:00,-0.9943856930988016,5.119518162996428,558.5,531.3
2026-02-07 18:45:00,-0.9536247922721646,5.178907721280601,558.5,531.0
2026-02-08 09:45:00,-1.0563768047122042,5.02919570540592,557.6,530.9
2026-02-08 10:00:00,-1.0040060185113315,5.10550113036925,557.9,530.8
2026-02-08 10:15:00,-0.9814677352719091,5.138339920948631,558.6,531.3
2026-02-08 10:30:00,-1.061570249763629,5.021628738010153,558.4,531.7
2026-02-08 10:45:00,-0.9937242314028516,5.12048192771084,558.4,531.2
2026-02-08 11:00:00,-1.1002949685529357,4.965205943201045,558.1,531.7
2026-02-08 11:15:00,-1.0854555941278992,4.986827248776815,557.9,531.4
2026-02-08 11:30:00,-1.118461399623046,4.938737040527808,556.7,530.5
2026-02-08 11:45:00,-1.150665032377966,4.891815616180617,557.5,531.5
2026-02-08 12:00:00,-1.0705994552053022,5.008472980606293,557.7,531.1
2026-02-08 12:15:00,-1.1635781292611687,4.873000940733774,557.4,531.5
2026-02-08 12:30:00,-1.1764912261443865,4.854186265286908,557.3,531.5
2026-02-08 12:45:00,-1.202939269572587,4.81565086531226,557.2,531.6
2026-02-08 13:00:00,-1.071893440060111,5.006587615283276,557.9,531.3
2026-02-08 13:15:00,-1.1242021748209208,4.930372600677457,557.6,531.4
2026-02-08 13:30:00,-1.0156202253577742,5.088578967206936,557.6,530.6
2026-02-08 13:45:00,-1.121015258219683,4.935016010548132,557.1,530.9
2026-02-08 14:00:00,-1.1727260210256631,4.859672254661906,556.7,530.9
2026-02-08 14:15:00,-1.1449702252338476,4.900113079532598,556.6,530.6
2026-02-08 14:30:00,-1.157905225221452,4.881266490765168,556.5,530.6
2026-02-08 14:45:00,-1.132035225246228,4.918959668300049,556.7,530.6
2026-02-08 15:00:00,-1.0777092011564582,4.998113919275737,556.7,530.2
2026-02-08 15:15:00,-1.077062085325322,4.999056781739286,556.6,530.1
2026-02-08 15:30:00,-0.9142381895380771,5.236294896030258,556.7,529.0
2026-02-08 15:45:00,-0.941534841830871,5.1965230536659135,556.7,529.2
2026-02-08 16:00:00,-0.9694792848920767,5.15580736543908,556.8,529.5
2026-02-08 16:15:00,-0.995403028021151,5.1180358829084005,556.6,529.5
2026-02-08 16:30:00,-0.9565174133275244,5.174693106704442,556.9,529.5
2026-02-08 16:45:00,-1.032319378780931,5.064247921390774,556.0,529.2
2026-02-08 17:00:00,-1.0213267711502254,5.080264400377721,556.4,529.5
2026-02-08 17:15:00,-1.0505154385318896,5.0377358490566015,556.7,530.0
2026-02-08 17:30:00,-1.0764147252995235,5.000000000000004,556.5,530.0
2026-02-08 17:45:00,-1.0764147252995235,5.000000000000004,556.5,530.0
2026-02-08 18:00:00,-1.1010283358837116,4.964137410343539,556.1,529.8
2026-02-08 18:15:00,-1.009686291061028,5.097224844251458,556.7,529.7
2026-02-08 18:30:00,-1.075767120940839,5.000943574259287,556.4,529.9
2026-02-08 18:45:00,-1.0349445682395697,5.060422960725064,556.4,529.6
2026-02-09 06:45:00,-1.1282132988348064,4.924528301886788,556.1,530.0
2026-02-09 07:00:00,-1.1465014865788103,4.897881996974296,554.7,528.8
2026-02-09 07:15:00,-1.1484074979578216,4.895104895104896,555.0,529.1
2026-02-09 07:30:00,-1.1873225102055396,4.838404838404853,554.7,529.1
2026-02-09 07:45:00,-1.2373546956445696,4.765506807866871,554.0,528.8
2026-02-09 08:00:00,-1.0965208149608643,4.970704970704953,555.4,529.1
2026-02-09 08:15:00,-1.1231039157309912,4.931972789115635,555.3,529.2
2026-02-09 08:30:00,-1.160113639853477,4.878048780487809,554.7,528.9
2026-02-09 08:45:00,-1.1724595463118825,4.860060514372178,554.5,528.8
2026-02-09 09:00:00,-1.1648728654725606,4.871114480667149,553.3,527.6
2026-02-09 09:15:00,-1.1766185452641895,4.854000758437627,553.0,527.4
2026-02-09 09:30:00,-1.1648728654725606,4.871114480667149,553.3,527.6
2026-02-09 09:45:00,-1.1375780959273076,4.910883579825565,553.3,527.4
2026-02-09 10:00:00,-0.9914403987142701,5.1238095238095305,551.9,525.0
2026-02-09 10:15:00,-1.0175863453558853,5.085714285714293,551.7,525.0
2026-02-09 10:30:00,-0.9440752044259331,5.19282168766706,551.0,523.8
2026-02-09 10:45:00,-0.9585334296109425,5.171755725190841,551.1,524.0
2026-02-09 11:00:00,-0.9716313513541266,5.15267175572518,551.0,524.0
2026-02-09 11:15:00,-1.0011734703668629,5.1096282173498375,551.3,524.5
2026-02-09 11:30:00,-1.0541737251302181,5.0324056423942,551.0,524.6
2026-02-09 11:45:00,-0.9646195090797097,5.162888169175095,552.0,524.9
2026-02-09 12:00:00,-1.1247479013095605,4.929577464788726,551.3,525.4
2026-02-09 12:15:00,-1.0306593186767006,5.066666666666664,551.6,525.0
2026-02-09 12:30:00,-1.1228149424518004,4.932393829746706,551.0,525.1
2026-02-09 12:45:00,-1.0672566664062828,5.013343499809375,550.9,524.6
2026-02-09 13:00:00,-1.0424120412619804,5.049542682926833,551.3,524.8
2026-02-09 13:15:00,-0.9652944520726543,5.161904761904768,552.1,525.0
2026-02-09 13:30:00,-1.0352896927157782,5.059920106524607,552.3,525.7
2026-02-09 13:45:00,-1.1508739423960481,4.891511229539414,551.1,525.4
2026-02-09 14:00:00,-1.1163557642805366,4.941804999045973,550.0,524.1
2026-02-09 14:15:00,-1.180563078797762,4.848253483489207,549.3,523.9
2026-02-09 14:30:00,-1.1098718903410751,4.951252150640406,549.0,523.1
2026-02-09 14:45:00,-1.1191051764547997,4.9377990430621965,548.3,522.5
2026-02-09 15:00:00,-1.236698787550252,4.7664624808575695,547.3,522.4
2026-02-09 15:15:00,-1.2104227117714323,4.8047473200612645,547.5,522.4
2026-02-09 15:30:00,-1.1137651861191913,4.94557953026542,549.6,523.7
2026-02-09 15:45:00,-1.0869010675354671,4.984721161191752,549.7,523.6
2026-02-09 16:00:00,-1.0475772841506825,5.042016806722693,550.0,523.6
2026-02-09 16:15:00,-1.035795664437339,5.0591828942344375,550.3,523.8
2026-02-09 16:30:00,-1.0075849588898262,5.1002865329512925,550.2,523.5
2026-02-09 16:45:00,-1.0567302769436349,5.0286806883365065,549.3,523.0
2026-02-09 17:00:00,-1.0737931397405491,5.003819709702051,549.8,523.6
2026-02-09 17:15:00,-1.1026105687858765,4.961832061068705,550.0,524.0
2026-02-09 17:30:00,-1.1374015323307107,4.9111408369959975,549.0,523.3
2026-02-09 17:45:00,-1.0915263616051731,4.977982002680448,548.3,522.3
2026-02-09 18:00:00,-1.1684514627592364,4.865900383141764,547.4,522.0
2026-02-09 18:15:00,-1.1415103172087986,4.905154244108068,547.5,521.9
2026-02-09 18:30:00,-1.1642714002248986,4.87199082919374,548.9,523.4
2026-02-09 19:00:00,-1.1013102787311981,4.963726613211139,549.8,523.8
2026-02-09 19:15:00,-1.1412618133267205,4.905516319908387,549.6,523.9
2026-02-09 19:30:00,-1.1556420321306906,4.884564014501058,549.7,524.1
2026-02-09 19:45:00,-1.183101707173267,4.844554644287635,549.7,524.3
2026-02-09 20:00:00,-1.1693744888502922,4.864555513162916,549.7,524.2
2026-02-09 20:15:00,-1.181832877364147,4.846403358137752,549.5,524.1
2026-02-09 20:30:00,-1.1824674132940611,4.845478824876004,549.6,524.2
2026-02-09 20:45:00,-1.2597856297039947,4.732824427480908,548.8,524.0
2026-02-09 21:00:00,-1.208023722597588,4.808242701774468,549.3,524.1
2026-02-09 21:15:00,-1.235463416068375,4.768262445164972,549.3,524.3
2026-02-09 21:30:00,-1.2865962582979114,4.693760732684615,548.7,524.1
2026-02-09 21:45:00,-1.234839111069137,4.769172071728356,549.2,524.2
2026-02-09 22:00:00,-1.2753512758335617,4.710144927536231,549.1,524.4
2026-02-09 22:15:00,-1.3015271377459308,4.672006102212056,548.9,524.4
2026-02-09 22:30:00,-1.314615068702123,4.652936689549958,548.8,524.4
2026-02-09 22:45:00,-1.3277029996582999,4.633867276887882,548.7,524.4
2026-02-09 23:00:00,-1.2884392067897388,4.6910755148741545,549.0,524.4
2026-02-09 23:15:00,-1.234839111069137,4.769172071728356,549.2,524.2
2026-02-09 23:30:00,-1.3432050154402513,4.611280487804881,549.0,524.8
2026-02-10 06:45:00,-1.3045815700990129,4.6675557248999855,549.4,524.9
2026-02-10 07:00:00,-1.1483160785639617,4.895238095238108,550.7,525.0
2026-02-10 07:15:00,-1.1769999834825662,4.853444994290057,550.9,525.4
2026-02-10 07:30:00,-1.2323694056026544,4.772770488686073,551.0,525.9
2026-02-10 07:45:00,-1.3006718474250842,4.673252279635265,551.0,526.4
2026-02-10 08:00:00,-1.0849073050553344,4.987626118408528,551.5,525.3
2026-02-10 08:15:00,-1.0992706610530811,4.966698382492862,551.6,525.5
2026-02-10 08:30:00,-1.1925871631874494,4.830734119437063,551.2,525.8
2026-02-10 08:45:00,-1.1253917304857226,4.928639391056122,551.4,525.5
2026-02-10 09:00:00,-1.1537219701662764,4.887361588392514,549.4,523.8
2026-02-10 09:15:00,-1.1249325905568086,4.929308368360741,549.2,523.4
2026-02-10 09:30:00,-1.1923977352132298,4.831010120297874,549.0,523.7
2026-02-10 09:45:00,-1.0875543364211988,4.983769333587906,549.8,523.7
2026-02-10 10:00:00,-1.0888127961186,4.981935729226095,552.1,525.9
2026-02-10 10:15:00,-1.0940733299138345,4.974271012006848,550.8,524.7
2026-02-10 10:30:00,-1.1026105687858765,4.961832061068705,550.0,524.0
2026-02-10 10:45:00,-1.1124684124665098,4.947468958930279,549.4,523.5
2026-02-10 11:00:00,-1.1079218912984037,4.954093343534827,548.7,522.8
2026-02-10 11:15:00,-1.1255788441635972,4.9283667621776495,549.3,523.5
2026-02-10 11:30:00,-1.1118196540007939,4.948414214749719,549.3,523.4
2026-02-10 11:45:00,-1.1118196540007939,4.948414214749719,549.3,523.4
2026-02-10 12:00:00,-1.1767478594476097,4.853812344735342,548.7,523.3
2026-02-10 12:15:00,-1.1904972733369434,4.833779136415761,548.7,523.4
2026-02-10 12:30:00,-1.1767478594476097,4.853812344735342,548.7,523.3
2026-02-10 12:45:00,-1.149875240519673,4.892966360856255,548.8,523.2
2026-02-10 13:00:00,-1.0454751879226774,5.045079608670644,547.6,521.3
2026-02-10 13:15:00,-0.9941602790696064,5.11984659635667,548.2,521.5
2026-02-10 13:30:00,-1.0501185145967546,5.038314176245207,548.3,522.0
2026-02-10 13:45:00,-1.0639264176118217,5.018195747941001,548.3,522.1
2026-02-10 14:00:00,-1.0790423328774101,4.996171516079628,548.5,522.4
2026-02-10 14:15:00,-1.0501185145967546,5.038314176245207,548.3,522.0
2026-02-10 14:30:00,-1.0316425507453442,5.065234075211045,547.6,521.2
2026-02-10 14:45:00,-1.0164645140880004,5.087348819351134,547.4,520.9
2026-02-10 15:00:00,-0.9664806244073385,5.160176481872258,548.2,521.3
2026-02-10 15:15:00,-0.9124380953472512,5.238917674150834,548.4,521.1
2026-02-10 15:30:00,-0.9464827374363176,5.1893138573899655,547.3,520.3
2026-02-10 15:45:00,-0.8937108446875288,5.26620370370372,545.7,518.4
2026-02-10 16:00:00,-0.9368735208658735,5.203314704181916,545.9,518.9
2026-02-10 16:15:00,-0.9277867201483766,5.2165543792107805,546.6,519.5
2026-02-10 16:30:00,-0.9396242982208812,5.199306759098787,546.3,519.3
2026-02-10 16:45:00,-0.9542094766196882,5.178055822906647,546.4,519.5
2026-02-10 17:00:00,-1.0321395629117378,5.064509917196247,545.6,519.3
2026-02-10 17:15:00,-1.0863232589762657,4.985563041385954,545.4,519.5
2026-02-10 17:30:00,-1.0651590541739038,5.016399768473856,544.3,518.3
2026-02-10 17:45:00,-1.1407126938490966,4.906316399459132,543.1,517.7
2026-02-10 18:00:00,-1.2007692421425975,4.818812644564385,543.8,518.8
2026-02-10 18:15:00,-1.1988556639478838,4.821600771456125,543.5,518.5
2026-02-10 18:30:00,-1.1413630139587958,4.90536886828894,543.2,517.8
2026-02-10 19:00:00,-1.2234289129240177,4.785796989579305,543.0,518.2
2026-02-10 19:15:00,-1.2518030968768965,4.744455159112837,543.1,518.5
2026-02-10 19:30:00,-1.2549401557643154,4.739884393063587,543.6,519.0
2026-02-10 19:45:00,-1.2813883676850315,4.701348747591516,543.4,519.0
2026-02-10 20:00:00,-1.3059856636760723,4.66550992866781,542.9,518.7
2026-02-10 20:15:00,-1.221526243696886,4.788569221857508,542.7,517.9
2026-02-10 20:30:00,-1.2877872110016073,4.692025487545881,542.2,517.9
2026-02-10 20:45:00,-1.2335138855701127,4.771102955379547,542.4,517.7
2026-02-10 21:00:00,-1.1804846331581078,4.848367780567875,542.8,517.7
2026-02-10 21:15:00,-1.1387602252398021,4.909161190568212,542.8,517.4
2026-02-10 21:30:00,-1.1950218567750004,4.827186715582155,542.9,517.9
2026-02-10 21:45:00,-1.1824118062790443,4.845559845559855,543.1,518.0
2026-02-10 22:00:00,-1.1963007791317761,4.825323296660877,543.1,518.1
2026-02-10 22:15:00,-1.247401036259679,4.750869061413687,542.4,517.8
2026-02-10 22:30:00,-1.2732858248791088,4.713154336488312,542.1,517.7
2026-02-10 22:45:00,-1.2575169774940709,4.736129905277409,541.8,517.3
2026-02-10 23:00:00,-1.206999259364095,4.809735367973733,542.6,517.7
2026-02-10 23:15:00,-1.2998004510851264,4.674521923894126,541.9,517.7
2026-02-10 23:30:00,-1.3293850841849095,4.631416441528358,542.2,518.2
2026-02-11 06:45:00,-1.5504294707091515,4.309349749903824,542.2,519.8
2026-02-11 07:00:00,-1.3278011402672798,4.633724283791585,544.2,520.1
2026-02-11 07:15:00,-1.3271895500592585,4.6346153846153815,544.1,520.0
2026-02-11 07:30:00,-1.2832524242155352,4.698632774889289,543.7,519.3
2026-02-11 07:45:00,-1.1781619233152367,4.85175202156336,544.6,519.4
2026-02-11 08:00:00,-1.1279093633802364,4.924971142747214,545.4,519.8
2026-02-11 08:15:00,-1.1028120752742347,4.961538461538462,545.8,520.0
2026-02-11 08:30:00,-1.0790524312923924,4.996156802459639,546.4,520.4
2026-02-11 08:45:00,-1.210937730935428,4.803996925441978,545.4,520.4
2026-02-11 09:00:00,-1.1398171363242264,4.90762124711317,545.1,519.6
2026-02-11 09:15:00,-1.176879215958291,4.853620955315852,544.4,519.2
2026-02-11 09:30:00,-1.2159021669882681,4.796763629358503,544.0,519.1
2026-02-11 09:45:00,-1.1926524788448096,4.830638953040811,544.7,519.6
2026-02-11 10:00:00,-1.2033172398158503,4.815100154083196,544.2,519.2
2026-02-11 10:15:00,-1.1517340796748117,4.8902579899884335,544.8,519.4
2026-02-11 10:30:00,-1.1681631603914584,4.866320446239669,545.2,519.9
2026-02-11 10:45:00,-1.169447493043506,4.8644491443953,545.4,520.1
2026-02-11 11:00:00,-1.1807243767963431,4.8480184686418015,545.0,519.8
2026-02-11 11:15:00,-1.2316484195685138,4.773820981713173,544.3,519.5
2026-02-11 11:30:00,-1.2448597978041547,4.754571703561128,544.2,519.5
2026-02-11 11:45:00,-1.251174958928382,4.745370370370372,543.0,518.4
2026-02-11 12:00:00,-1.2499179557392444,4.747201852566563,542.8,518.2
2026-02-11 12:15:00,-1.2942132939763011,4.682662538699689,541.0,516.8
2026-02-11 12:30:00,-1.2404568539010195,4.760986892829622,543.5,518.8
2026-02-11 12:45:00,-1.0113440694530325,5.094809423482105,548.7,522.1
2026-02-11 13:00:00,-1.0757571940681236,5.000958037938297,548.0,521.9
2026-02-11 13:15:00,-1.0889078186962586,4.981797279172251,547.9,521.9
2026-02-11 13:30:00,-1.2360572916594634,4.767397154940389,545.0,520.2
2026-02-11 13:45:00,-1.2908931938440171,4.687500000000022,542.7,518.4
2026-02-11 14:00:00,-1.2203356368584346,4.790303963062725,544.7,519.8
2026-02-11 14:15:00,-1.2851143282558455,4.695919938414161,544.0,519.6
2026-02-11 14:30:00,-1.3078365796057323,4.662813102119467,543.2,519.0
2026-02-11 14:45:00,-1.3084530761656343,4.661914852629545,543.3,519.1
2026-02-11 15:00:00,-1.2649382504742603,4.72531694199001,545.2,520.6
2026-02-11 15:15:00,-1.234169228802917,4.770148105404903,544.7,519.9
2026-02-11 15:30:00,-1.2736363055703275,4.712643678160933,546.6,522.0
2026-02-11 15:45:00,-1.3036157972211526,4.6689628779180925,547.0,522.6
2026-02-11 16:00:00,-1.3036157972211526,4.6689628779180925,547.0,522.6
2026-02-11 16:15:00,-1.3204085794235638,4.644495412844019,547.5,523.2
2026-02-11 16:30:00,-1.2185231584455776,4.7929447852760765,546.6,521.6
2026-02-11 16:45:00,-1.234819049127841,4.76920130243248,547.0,522.1
2026-02-11 17:00:00,-1.2736363055703275,4.712643678160933,546.6,522.0
2026-02-11 17:15:00,-1.3085137023411981,4.66182651891478,547.8,523.4
2026-02-11 17:30:00,-1.2360874829650006,4.767353165522503,549.4,524.4
2026-02-11 17:45:00,-1.1719201966148003,4.860846359130777,550.1,524.6
2026-02-11 18:00:00,-1.2092825616208134,4.806408544726315,549.5,524.3
2026-02-11 18:15:00,-1.2204918644744576,4.790076335877869,549.1,524.0
2026-02-11 18:30:00,-1.0987067174447638,4.967520061138719,549.4,523.4
2026-02-11 19:00:00,-1.293955422121361,4.683038263849237,549.9,525.3
2026-02-11 19:15:00,-1.265972838451253,4.723809523809508,549.8,525.0
2026-02-11 19:30:00,-1.160751467360074,4.8771194513240745,550.5,524.9
2026-02-11 19:45:00,-1.1900630040258098,4.834411876665401,550.8,525.4
2026-02-11 20:00:00,-1.318872198024753,4.646733955437066,549.5,525.1
2026-02-11 20:15:00,-1.2984668752108404,4.676464974231731,548.4,523.9
2026-02-11 20:30:00,-1.2933434429134862,4.683929931454656,549.8,525.2
2026-02-11 20:45:00,-1.3734794950320892,4.567169883432087,547.2,523.3
2026-02-11 21:00:00,-1.4074932801124809,4.517611026033697,546.0,522.4
2026-02-11 21:15:00,-1.4170811774453422,4.503641241855116,545.3,521.8
2026-02-11 21:30:00,-1.4164886934421674,4.504504504504503,545.2,521.7
2026-02-11 21:45:00,-1.4577097804897545,4.444444444444451,545.2,522.0
2026-02-11 22:00:00,-1.4015466423259397,4.526275412351377,545.0,521.4
2026-02-11 22:15:00,-1.3788211483814483,4.559386973180057,545.8,522.0
2026-02-11 22:30:00,-1.4182654644355939,4.501915708812265,545.5,522.0
2026-02-11 22:45:00,-1.3788211483814483,4.559386973180057,545.8,522.0
2026-02-11 23:00:00,-1.478783082331012,4.413740165035507,544.1,521.1
2026-02-11 23:15:00,-1.5566752085214777,4.300249568055281,543.3,520.9
2026-02-11 23:30:00,-1.5589398507723573,4.296949932860184,543.7,521.3
2026-02-12 06:45:00,-1.6078948309088548,4.22562141491396,545.1,523.0
2026-02-12 07:00:00,-1.4530277230200437,4.451266308518798,544.4,521.2
2026-02-12 07:15:00,-1.4325919139663144,4.481041746457293,545.6,522.2
2026-02-12 07:30:00,-1.4278731133402442,4.487917146144982,544.8,521.4
2026-02-12 07:45:00,-1.3656730430300563,4.5785440613026696,545.9,522.0
2026-02-12 08:00:00,-1.396142337103403,4.534149607805604,546.4,522.7
2026-02-12 08:15:00,-1.5183206872376018,4.356132976690885,546.2,523.4
2026-02-12 08:30:00,-1.5075008873530735,4.3718976708667645,546.7,523.8
2026-02-12 08:45:00,-1.5069279315893682,4.37273248042771,546.6,523.7
2026-02-12 09:00:00,-1.3704816079557895,4.5715378729916045,546.7,522.8
2026-02-12 09:15:00,-1.419448844273812,4.500191497510531,545.7,522.2
2026-02-12 09:30:00,-1.3782215605152315,4.5602605863192425,545.7,521.9
2026-02-12 09:45:00,-1.3901773612841386,4.542840713053464,545.4,521.7
2026-02-12 10:00:00,-1.466779526671152,4.431229618262034,544.4,521.3
2026-02-12 10:15:00,-1.4828469017978099,4.407819087773102,544.8,521.8
2026-02-12 10:30:00,-1.5326083296005935,4.335315557260699,543.9,521.3
2026-02-12 10:45:00,-1.5429301038848038,4.320276497695863,543.3,520.8
2026-02-12 11:00:00,-1.5217340220743287,4.351159670308591,544.4,521.7
2026-02-12 11:15:00,-1.4559556916792336,4.447000191681028,544.9,521.7
2026-02-12 11:30:00,-1.3788211483814483,4.559386973180057,545.8,522.0
2026-02-12 11:45:00,-1.432002854723255,4.481900019153406,545.5,522.1
2026-02-12 12:00:00,-1.5143168137454825,4.361966711306664,545.5,522.7
2026-02-12 12:15:00,-1.474925321531456,4.419361010139644,545.8,522.7
2026-02-12 12:30:00,-1.460325870062248,4.440632742519535,548.0,524.7
2026-02-12 12:45:00,-1.4986426081873754,4.384804384804375,552.3,529.1
2026-02-12 13:00:00,-1.5668363245087236,4.285444591278065,552.4,529.7
2026-02-12 13:15:00,-1.550971035757357,4.308560677328321,554.4,531.5
2026-02-12 13:30:00,-1.606802695068772,4.227212681638037,552.3,529.9
2026-02-12 13:45:00,-1.5921998037328329,4.248489425981883,552.1,529.6
2026-02-12 14:00:00,-1.6505123291202382,4.163526752072344,552.9,530.8
2026-02-12 14:15:00,-1.6623702247381107,4.1462495288352885,552.6,530.6
2026-02-12 14:30:00,-1.6212664316740422,4.206138688897321,550.0,527.8
2026-02-12 14:45:00,-1.633725462590095,4.187985597877564,549.8,527.7
2026-02-12 15:00:00,-1.7107017602368266,4.075829383886265,549.0,527.5
2026-02-12 15:15:00,-1.677035602207519,4.124881740775765,550.3,528.5
2026-02-12 15:30:00,-1.548959879167752,4.311490978157662,549.2,526.5
2026-02-12 15:45:00,-1.4803308219842177,4.411485073207833,549.1,525.9
2026-02-12 16:00:00,-1.3883834068188103,4.545454545454541,547.4,523.6
2026-02-12 16:15:00,-1.3573536221229279,4.5906656465187545,546.8,522.8
2026-02-12 16:30:00,-1.302388976997263,4.670750382848388,546.8,522.4
2026-02-12 16:45:00,-1.2485889382712958,4.749138261202601,547.0,522.2
2026-02-12 17:00:00,-1.23732488734632,4.76555023923444,547.4,522.5
2026-02-12 17:15:00,-1.1960166595013015,4.825737265415531,547.4,522.2
2026-02-12 17:30:00,-1.1178074682236754,4.939689833429073,548.1,522.3
2026-02-12 17:45:00,-1.0796986061576157,4.995215311004797,548.6,522.5
2026-02-12 18:00:00,-0.9981984824133504,5.113962842367359,548.8,522.1
2026-02-12 18:15:00,-0.9752905487795057,5.147340221967078,549.5,522.6
2026-02-12 18:30:00,-1.0639264176118217,5.018195747941001,548.3,522.1
2026-02-12 19:00:00,-1.1652495272278371,4.8705656759348015,546.9,521.5
2026-02-12 19:15:00,-1.2285376229660963,4.778353483016695,546.0,521.1
2026-02-12 19:30:00,-1.2460902941289045,4.752778842468386,546.6,521.8
2026-02-12 19:45:00,-1.230424580733106,4.775604142692735,546.3,521.4
2026-02-12 20:00:00,-1.2761129012184433,4.709035222052083,547.0,522.4
2026-02-12 20:15:00,-1.2485889382712958,4.749138261202601,547.0,522.2
2026-02-12 20:30:00,-1.2623535546254903,4.729082902546433,547.0,522.3
2026-02-12 20:45:00,-1.247340094867574,4.750957854406113,546.8,522.0
2026-02-12 21:00:00,-1.234191989516182,4.770114942528725,546.9,522.0
2026-02-12 21:15:00,-1.2617320079637984,4.729988510149363,546.9,522.2
2026-02-12 21:30:00,-1.2485889382712958,4.749138261202601,547.0,522.2
2026-02-12 21:45:00,-1.23732488734632,4.76555023923444,547.4,522.5
2026-02-12 22:00:00,-1.2104227117714323,4.8047473200612645,547.5,522.4
2026-02-12 22:15:00,-1.1904972733369434,4.833779136415761,548.7,523.4
2026-02-12 22:30:00,-1.196650788079212,4.824813325674904,547.5,522.3
2026-02-12 22:45:00,-1.1697305201162966,4.864036767522006,547.6,522.2
2026-02-12 23:00:00,-1.1277119902944441,4.925258719816039,547.5,521.8
2026-02-12 23:15:00,-1.131594484435019,4.919601837672283,548.1,522.4
2026-02-12 23:30:00,-1.1040151716537847,4.959785522788196,548.1,522.2
2026-02-13 06:45:00,-0.9193249601751976,5.22888335567897,549.4,522.1
2026-02-13 07:00:00,-1.1597933838192134,4.878515400803529,548.2,522.7
2026-02-13 07:15:00,-1.2010828982202233,4.818355640535388,548.2,523.0
2026-02-13 07:30:00,-1.1610740404794546,4.876649454962712,548.4,522.9
2026-02-13 07:45:00,-1.189229087959023,4.835626911314983,548.5,523.2
2026-02-13 08:00:00,-1.1636324170753152,4.872921842155553,548.8,523.3
2026-02-13 08:15:00,-1.3413947970189521,4.613918017159202,548.7,524.5
2026-02-13 08:30:00,-1.3140059794109986,4.653824146481034,548.7,524.3
2026-02-13 08:45:00,-1.2573041288695386,4.736440030557665,548.4,523.6
2026-02-13 09:00:00,-1.280437829768553,4.702733702924866,547.7,523.1
2026-02-13 09:15:00,-1.2941726811306435,4.682721712538229,547.7,523.2
2026-02-13 09:30:00,-1.13611280409915,4.913018543299552,548.8,523.1
2026-02-13 09:45:00,-1.2423250713090979,4.7582648576342645,548.2,523.3
2026-02-13 10:00:00,-1.2068959228931442,4.809885931558933,551.3,526.0
2026-02-13 10:15:00,-1.1850031378908803,4.84178421654593,550.0,524.6
2026-02-13 10:30:00,-1.1451132624119607,4.899904671115363,550.2,524.5
2026-02-13 10:45:00,-1.0528564495783868,5.034324942791768,550.8,524.4
2026-02-13 11:00:00,-1.0240230383268174,5.076335877862603,550.6,524.0
2026-02-13 11:15:00,-1.0062471086077194,5.102235811198175,550.0,523.3
2026-02-13 11:30:00,-0.9537853391185258,5.178673800879041,550.4,523.3
2026-02-13 11:45:00,-1.1225214210326953,4.932821497120932,546.7,521.0
2026-02-13 12:00:00,-1.150801272609796,4.891617111068491,546.8,521.3
2026-02-13 12:15:00,-1.1764937037147774,4.854182655410577,546.5,521.2
2026-02-13 12:30:00,-1.0895628306509155,4.980842911877392,548.0,522.0
2026-02-13 12:45:00,-1.069828054480499,5.009596928982729,547.1,521.0
2026-02-13 13:00:00,-1.0803697642892087,4.994237418363423,546.6,520.6
2026-02-13 13:15:00,-1.25050332082834,4.746348962336677,545.1,520.4
2026-02-13 13:30:00,-1.1949282999808752,4.827323029956099,549.4,524.1
2026-02-13 13:45:00,-1.1326713727866216,4.918032786885229,550.4,524.6
2026-02-13 14:00:00,-1.139332778715185,4.908326967150489,549.3,523.6
2026-02-13 14:15:00,-1.1399760358172144,4.90738972694289,549.4,523.7
2026-02-13 14:30:00,-1.1556420321306906,4.884564014501058,549.7,524.1
2026-02-13 14:45:00,-1.2865962582979114,4.693760732684615,548.7,524.1
2026-02-13 15:00:00,-1.2778152384449737,4.706554878048785,549.5,524.8
2026-02-13 15:15:00,-1.2435727294373684,4.756446991404006,548.4,523.5
2026-02-13 15:30:00,-1.2847511987539797,4.696449026345939,548.4,523.8
2026-02-13 15:45:00,-1.1354680703672202,4.913957934990454,548.7,523.0
2026-02-13 16:00:00,-1.331705218361487,4.628035953337162,547.1,522.9
2026-02-13 16:15:00,-1.3668765655038024,4.576790501723482,546.1,522.2
2026-02-13 16:30:00,-1.3788211483814483,4.559386973180057,545.8,522.0
2026-02-13 16:45:00,-1.3650709358871116,4.579421345085266,545.8,521.9
2026-02-13 17:00:00,-1.2598659388620153,4.732707415213655,546.6,521.9
2026-02-13 17:15:00,-1.302388976997263,4.670750382848388,546.8,522.4
2026-02-13 17:30:00,-1.2154649862519435,4.797400611620772,548.3,523.2
2026-02-13 17:45:00,-1.2579248594582644,4.7355356119915815,548.5,523.7
2026-02-13 18:00:00,-1.2023470371054832,4.816513761467878,548.4,523.2
2026-02-13 18:15:00,-1.1998177921284963,4.820198928844688,548.0,522.8
2026-02-13 18:30:00,-1.2067639224451023,4.810078259209782,549.1,523.9
2026-02-13 19:00:00,-1.1492332609781797,4.893901739629136,548.7,523.1
2026-02-13 19:15:00,-1.1748369670790282,4.856596558317405,548.4,523.0
2026-02-13 19:30:00,-1.1866898062956195,4.83932670237186,548.1,522.8
2026-02-13 19:45:00,-1.2267014165879255,4.781028877414428,547.9,522.9
2026-02-13 20:00:00,-1.2398268918096225,4.761904761904767,547.8,522.9
2026-02-13 20:15:00,-1.1792923103642259,4.850105021959128,549.1,523.7
2026-02-13 20:30:00,-1.319189588355647,4.646271510516242,547.3,523.0
2026-02-13 20:45:00,-1.385401484800852,4.54979927356145,546.9,523.1
2026-02-13 21:00:00,-1.307902283170601,4.662717370533165,547.7,523.3
2026-02-13 21:15:00,-1.3085137023411981,4.66182651891478,547.8,523.4
2026-02-13 21:30:00,-1.3097358400492414,4.660045836516424,548.0,523.6
2026-02-13 21:45:00,-1.2329647660924583,4.771903034930336,548.9,523.9
2026-02-13 22:00:00,-1.2978541216127606,4.677357770141266,548.3,523.8
2026-02-13 22:15:00,-1.3103465588542798,4.659156005346565,548.1,523.7
2026-02-13 22:30:00,-1.295400765785168,4.68093236530378,547.9,523.4
2026-02-13 22:45:00,-1.3234519837032837,4.640061103685311,548.0,523.7
2026-02-13 23:00:00,-1.362167551228959,4.583651642475162,547.6,523.6
2026-02-13 23:15:00,-1.4134171947894076,4.5089797478028215,547.0,523.4
2026-02-13 23:30:00,-1.4812950416355422,4.410080183276066,546.9,523.8
2026-02-16 06:45:00,-1.2466877079608105,4.751908396946569,548.9,524.0
2026-02-16 07:00:00,-1.2827319126969932,4.699391171993894,550.3,525.6
2026-02-16 07:15:00,-1.1273217486436673,4.925827310764563,551.7,525.8
2026-02-16 07:30:00,-1.2131600107472666,4.800759013282718,552.3,527.0
2026-02-16 07:45:00,-1.1890027019600984,4.835956760857196,552.8,527.3
2026-02-16 08:00:00,-1.159795876320614,4.878511769172378,552.5,526.8
2026-02-16 08:15:00,-1.2286724777133706,4.778156996587035,552.6,527.4
2026-02-16 08:30:00,-1.2199440426525046,4.790874524714828,551.2,526.0
2026-02-16 08:45:00,-1.298232761208668,4.676806083650198,550.6,526.0
2026-02-16 09:00:00,-1.2579248594582644,4.7355356119915815,548.5,523.7
2026-02-16 09:15:00,-1.2728835514471637,4.71374045801527,548.7,524.0
2026-02-16 09:30:00,-1.3072906302771037,4.663608562691124,547.6,523.2
2026-02-16 09:45:00,-1.3222353196198773,4.641833810888252,547.8,523.5
2026-02-16 10:00:00,-1.3555445982378265,4.593301435406705,546.5,522.5
2026-02-16 10:15:00,-1.2229318946977294,4.786521156423507,547.3,522.3
2026-02-16 10:30:00,-1.152440706510103,4.88922841864019,549.2,523.6
2026-02-16 10:45:00,-1.2417008845448334,4.759174311926606,548.1,523.2
2026-02-16 11:00:00,-1.094793905465542,4.973221117061977,548.8,522.8
2026-02-16 11:15:00,-1.1374015323307107,4.9111408369959975,549.0,523.3
2026-02-16 11:30:00,-1.1517997075577568,4.890162368672413,549.1,523.5
2026-02-16 11:45:00,-1.1105213930803077,4.950305810397548,549.1,523.2
2026-02-16 12:00:00,-1.2323395073189014,4.7728140511645645,548.8,523.8
2026-02-16 12:15:00,-1.1961921343970403,4.825481594506975,549.6,524.3
2026-02-16 12:30:00,-1.2092825616208134,4.806408544726315,549.5,524.3
2026-02-16 12:45:00,-1.2167231464490034,4.79556744363776,548.5,523.4
2026-02-16 13:00:00,-1.1985517177198224,4.822043628013772,547.8,522.6
2026-02-16 13:15:00,-1.2273288293614337,4.780114722753348,548.0,523.0
2026-02-16 13:30:00,-1.1854187077821652,4.841178721775719,547.9,522.6
2026-02-16 13:45:00,-1.31552701488665,4.651607963246573,546.7,522.4
2026-02-16 14:00:00,-1.202830276981947,4.81580966999231,546.3,521.2
2026-02-16 14:15:00,-1.2191537022568824,4.792026068621813,546.7,521.7
2026-02-16 14:30:00,-1.257997723208382,4.735429447852746,546.3,521.6
2026-02-16 14:45:00,-1.1771327937815756,4.853251486667953,546.6,521.3
2026-02-16 15:00:00,-1.138281932183094,4.909858074415041,547.0,521.4
2026-02-16 15:15:00,-1.0843156972796835,4.988488104374511,547.2,521.2
2026-02-16 15:30:00,-1.2197840043879233,4.791107704101183,546.8,521.8
2026-02-16 15:45:00,-1.2059980361778755,4.811194172896283,546.8,521.7
2026-02-16 16:00:00,-1.14086513516495,4.906094288999618,547.4,521.8
2026-02-16 16:15:00,-1.1796867040198313,4.849530381445266,547.0,521.7
2026-02-16 16:30:00,-1.149875240519673,4.892966360856255,548.8,523.2
2026-02-16 16:45:00,-1.0993579807694225,4.966571155682908,549.5,523.5
2026-02-16 17:00:00,-1.0842854947874179,4.988532110091715,549.3,523.2
2026-02-16 17:15:00,-1.0960991736554275,4.97131931166348,549.0,523.0
2026-02-16 17:30:00,-1.0915263616051731,4.977982002680448,548.3,522.3
2026-02-16 17:45:00,-1.1145588454239537,4.944423150632438,547.6,521.8
2026-02-16 18:00:00,-1.2123153734379408,4.801989669026185,547.8,522.7
2026-02-16 18:15:00,-1.1985517177198224,4.822043628013772,547.8,522.6
2026-02-16 18:30:00,-1.2135759413662284,4.800152992924089,548.0,522.9
2026-02-16 19:00:00,-1.1440885748421927,4.901397664177676,547.9,522.3
2026-02-16 19:15:00,-1.19728467388203,4.823889739663101,547.6,522.4
2026-02-16 19:30:00,-1.2510837574704952,4.745503252965921,547.4,522.6
2026-02-16 19:45:00,-1.1835102347699535,4.843959410300602,547.6,522.3
2026-02-16 20:00:00,-1.2611102232072358,4.730894464661928,546.8,522.1
2026-02-16 20:15:00,-1.2335646896057604,4.7710289327457245,546.8,521.9
2026-02-16 20:30:00,-1.2072634403494749,4.809350450277838,547.0,521.9
2026-02-16 20:45:00,-1.22104388416479,4.789272030651337,547.0,522.0
2026-02-16 21:00:00,-1.1928423700988535,4.830362277170774,546.9,521.7
2026-02-16 21:15:00,-1.2066308595174178,4.810272134917604,546.9,521.8
2026-02-16 21:30:00,-1.207895778813398,4.808429118773949,547.1,522.0
2026-02-16 21:45:00,-1.249836825439639,4.747320061255755,547.2,522.4
2026-02-16 22:00:00,-1.305454267918108,4.666284184356462,547.3,522.9
2026-02-16 22:15:00,-1.3185797431397899,4.647160068846823,547.2,522.9
2026-02-16 22:30:00,-1.3716814506380526,4.569789674952185,546.9,523.0
2026-02-16 22:45:00,-1.3997103797766937,4.528950888591643,547.0,523.3
2026-02-16 23:00:00,-1.4396430679014525,4.470768055024843,546.8,523.4
2026-02-16 23:15:00,-1.5069279315893682,4.37273248042771,546.6,523.7
2026-02-16 23:30:00,-1.3573536221229279,4.5906656465187545,546.8,522.8
2026-02-17 06:45:00,-1.1866898062956195,4.83932670237186,548.1,522.8
2026-02-17 07:00:00,-1.3228437678441745,4.640947288006103,547.9,523.6
2026-02-17 07:15:00,-1.3234519837032837,4.640061103685311,548.0,523.7
2026-02-17 07:30:00,-1.386594937404399,4.548060386011854,547.1,523.3
2026-02-17 07:45:00,-1.3627682582502954,4.582776398701549,547.7,523.7
2026-02-17 08:00:00,-1.3335265285700082,4.625382262996936,547.4,523.2
2026-02-17 08:15:00,-1.3329196572847024,4.626266488243158,547.3,523.1
2026-02-17 08:30:00,-1.3323125539262295,4.627151051625256,547.2,523.0
2026-02-17 08:45:00,-1.3609654485653029,4.585403133358801,547.4,523.4
2026-02-17 09:00:00,-1.415189957646326,4.506396792056511,547.3,523.7
2026-02-17 09:15:00,-1.3341331679152055,4.6244983756927205,547.5,523.3
2026-02-17 09:30:00,-1.3234519837032837,4.640061103685311,548.0,523.7
2026-02-17 09:45:00,-1.3072906302771037,4.663608562691124,547.6,523.2
2026-02-17 10:00:00,-1.3204085794235638,4.644495412844019,547.5,523.2
2026-02-17 10:15:00,-1.3645690036493916,4.580152671755733,548.0,524.0
2026-02-17 10:30:00,-1.338977948764824,4.617439419958003,548.3,524.1
2026-02-17 10:45:00,-1.3277029996582999,4.633867276887882,548.7,524.4
2026-02-17 11:00:00,-1.2037549387836168,4.814462416745946,550.8,525.5
2026-02-17 11:15:00,-1.1750968772712553,4.856217863264134,550.6,525.1
2026-02-17 11:30:00,-1.1731915952525356,4.858993902439024,550.3,524.8
2026-02-17 11:45:00,-1.160751467360074,4.8771194513240745,550.5,524.9
2026-02-17 12:00:00,-1.2497967475357026,4.747378455672058,549.4,524.5
2026-02-17 12:15:00,-1.2211191452143009,4.789162373592837,549.2,524.1
2026-02-17 12:30:00,-1.135885426156668,4.913349838126058,550.9,525.1
2026-02-17 12:45:00,-1.1182961043593322,4.938977879481299,550.3,524.4
2026-02-17 13:00:00,-1.069878238639131,5.009523809523797,551.3,525.0
2026-02-17 13:15:00,-1.096024185280731,4.971428571428582,551.1,525.0
2026-02-17 13:30:00,-1.0783782893830818,4.9971390425329165,550.5,524.3
2026-02-17 13:45:00,-1.1058569554905746,4.957102001906577,550.5,524.5
2026-02-17 14:00:00,-1.1084496118186487,4.953324442751006,550.9,524.9
2026-02-17 14:15:00,-1.1346005395893537,4.915221947037551,550.7,524.9
2026-02-17 14:30:00,-1.1084496118186487,4.953324442751006,550.9,524.9
2026-02-17 14:45:00,-1.1438304255019476,4.901773793629616,550.0,524.3
2026-02-17 15:00:00,-1.0377832285801982,5.056286968135848,550.6,524.1
2026-02-17 15:15:00,-1.1208797736563012,4.935213414634165,550.7,524.8
2026-02-17 15:30:00,-1.3409897597972764,4.6145081655905695,550.9,526.6
2026-02-17 15:45:00,-1.294567168371821,4.682146935668063,550.0,525.4
2026-02-17 16:00:00,-1.2696738628617033,4.718417047184165,550.4,525.6
2026-02-17 16:15:00,-1.2454200064648564,4.7537554668187765,550.9,525.9
2026-02-17 16:30:00,-1.235463416068375,4.768262445164972,549.3,524.3
2026-02-17 16:45:00,-1.3361710751837697,4.621529098516564,550.1,525.8
2026-02-17 17:00:00,-1.426370460885077,4.4901065449010735,549.2,525.6
2026-02-17 17:15:00,-1.4419862730592143,4.467353951890063,547.2,523.8
2026-02-17 17:30:00,-1.424173312920443,4.49330783938815,546.5,523.0
2026-02-17 17:45:00,-1.6056750257874555,4.228855721393043,544.7,522.6
2026-02-17 18:00:00,-1.6210177964794523,4.206500956022952,545.0,523.0
2026-02-17 18:15:00,-1.543413714913265,4.319571865443406,545.8,523.2
2026-02-17 18:30:00,-1.5628946233008603,4.291187739463598,544.4,522.0
2026-02-17 19:00:00,-1.5651497347853227,4.287901990811638,544.8,522.4
2026-02-17 19:15:00,-1.5160340719146563,4.359464627151044,545.8,523.0
2026-02-17 19:30:00,-1.5023363962435186,4.379422451711612,545.8,522.9
2026-02-17 19:45:00,-1.4606287856969478,4.440191387559822,545.7,522.5
2026-02-17 20:00:00,-1.5302957657668048,4.338685015290511,545.9,523.2
2026-02-17 20:15:00,-1.4897881407734461,4.397705544933084,546.0,523.0
2026-02-17 20:30:00,-1.5325706125630154,4.335370511841097,546.3,523.6
2026-02-17 20:45:00,-1.573015501646933,4.276441389843466,546.2,523.8
2026-02-17 21:00:00,-1.6095574577334828,4.223198929868155,545.4,523.3
2026-02-17 21:15:00,-1.547374889860698,4.313800343577023,546.5,523.9
2026-02-17 21:30:00,-1.5428469673492848,4.320397629516348,545.7,523.1
2026-02-17 21:45:00,-1.5969983065737667,4.241497898356905,545.6,523.4
2026-02-17 22:00:00,-1.553708305959509,4.304572412473684,545.2,522.7
2026-02-17 22:15:00,-1.5690878811073596,4.282164022175494,545.5,523.1
2026-02-17 22:30:00,-1.5981102515376666,4.239877769289513,545.8,523.6
2026-02-17 22:45:00,-1.545112658470332,4.317096466093595,546.1,523.5
2026-02-17 23:00:00,-1.623775248652841,4.2024832855778405,545.5,523.5
2026-02-17 23:15:00,-1.6789191254856128,4.122137404580162,545.6,524.0
2026-02-17 23:30:00,-1.7040447302346355,4.085528827796892,545.2,523.8
2026-02-18 06:45:00,-1.6810771354753353,4.118993135011451,546.0,524.4
2026-02-18 07:00:00,-1.6112181793325846,4.220779220779214,545.7,523.6
2026-02-18 07:15:00,-1.651087604928426,4.162688562153893,545.5,523.7
2026-02-18 07:30:00,-1.4909419183274395,4.396024464831805,546.2,523.2
2026-02-18 07:45:00,-1.505207750681587,4.375238823079863,546.3,523.4
2026-02-18 08:00:00,-1.6494500527978715,4.165074512800926,545.2,523.4
2026-02-18 08:15:00,-1.6494500527978715,4.165074512800926,545.2,523.4
2026-02-18 08:30:00,-1.6101112431297966,4.222392051967905,545.5,523.4
2026-02-18 08:45:00,-1.570211130616584,4.28052742212881,545.7,523.3
2026-02-18 09:00:00,-1.5947718653382572,4.244741873804969,545.2,523.0
2026-02-18 09:15:00,-1.6614752572313303,4.147553516819569,544.9,523.2
2026-02-18 09:30:00,-1.606785352947452,4.227237949502682,544.9,522.8
2026-02-18 09:45:00,-1.5930997981735355,4.247178113640704,544.9,522.7
2026-02-18 10:00:00,-1.5131708794265313,4.363636363636347,545.3,522.5
2026-02-18 10:15:00,-1.4451484417629523,4.46274660026813,545.4,522.1
2026-02-18 10:30:00,-1.5097278067965978,4.368652998658762,544.7,521.9
2026-02-18 10:45:00,-1.439859436386459,4.470452801227931,544.5,521.2
2026-02-18 11:00:00,-1.4931110478429164,4.392863993861518,544.2,521.3
2026-02-18 11:15:00,-1.5589398507723573,4.296949932860184,543.7,521.3
2026-02-18 11:30:00,-1.496577182168478,4.3878137574247855,544.8,521.9
2026-02-18 11:45:00,-1.483426557540343,4.406974516190831,544.9,521.9
2026-02-18 12:00:00,-1.4314135697869859,4.482758620689653,545.4,522.0
2026-02-18 12:15:00,-1.4445616751383779,4.463601532567041,545.3,522.0
2026-02-18 12:30:00,-1.4140083414994735,4.508118433619868,547.1,523.5
2026-02-18 12:45:00,-1.5142739201144415,4.36202920830131,543.1,520.4
2026-02-18 13:00:00,-1.5527037042741738,4.306036139946179,542.6,520.2
2026-02-18 13:15:00,-1.5849795888515732,4.259009443052619,541.0,518.9
2026-02-18 13:30:00,-1.5641995708602412,4.289286401231029,542.2,519.9
2026-02-18 13:45:00,-1.6456091695936832,4.170670766865281,542.0,520.3
2026-02-18 14:00:00,-1.60659362986458,4.227517294388927,542.4,520.4
2026-02-18 14:15:00,-1.6434068529540122,4.173879592229279,541.6,519.9
2026-02-18 14:30:00,-1.6131066096081246,4.218027734976881,541.1,519.2
2026-02-18 14:45:00,-1.5573889967685324,4.299209562367445,541.0,518.7
2026-02-18 15:00:00,-1.4580031972309533,4.4440169295883125,542.9,519.8
2026-02-18 15:15:00,-1.3835894201646528,4.5524394928928125,544.3,520.6
2026-02-18 15:30:00,-1.4952960470006107,4.3896804004620815,542.2,519.4
2026-02-18 15:45:00,-1.5286075164528967,4.3411448328851465,543.2,520.6
2026-02-18 16:00:00,-1.5978788759894769,4.24021488871833,543.3,521.2
2026-02-18 16:15:00,-1.542360651202242,4.321106203188019,543.2,520.7
2026-02-18 16:30:00,-1.5097278067965978,4.368652998658762,544.7,521.9
2026-02-18 16:45:00,-1.4977307899217265,4.386132924727049,545.0,522.1
2026-02-18 17:00:00,-1.4600454316700897,4.441041347626351,545.6,522.4
2026-02-18 17:15:00,-1.4588780533513193,4.442742244350817,545.4,522.2
2026-02-18 17:30:00,-1.4331807476458072,4.4801838024124185,545.7,522.3
2026-02-18 17:45:00,-1.4743449264107966,4.420206659012638,545.7,522.6
2026-02-18 18:00:00,-1.4550891959179955,4.44826269568539,547.1,523.8
2026-02-18 18:15:00,-1.5760427286522523,4.272030651340986,544.3,522.0
2026-02-18 18:30:00,-1.4857429608828419,4.403599463909624,545.3,522.3
2026-02-18 19:00:00,-1.4063057745813248,4.519341248563746,545.8,522.2
2026-02-18 19:15:00,-1.4457349836588167,4.461891995404055,545.5,522.2
2026-02-18 19:30:00,-1.4063057745813248,4.519341248563746,545.8,522.2
2026-02-18 19:45:00,-1.4977307899217265,4.386132924727049,545.0,522.1
2026-02-18 20:00:00,-1.419448844273812,4.500191497510531,545.7,522.2
2026-02-18 20:15:00,-1.3716814506380526,4.569789674952185,546.9,523.0
2026-02-18 20:30:00,-1.3985219416798969,4.530682469891012,546.8,523.1
2026-02-18 20:45:00,-1.463542209632235,4.435946462715124,546.2,523.0
2026-02-18 21:00:00,-1.362167551228959,4.583651642475162,547.6,523.6
2026-02-18 21:15:00,-1.372281027921807,4.568916077231888,547.0,523.1
2026-02-18 21:30:00,-1.4116423985589113,4.511565666220618,546.7,523.1
2026-02-18 21:45:00,-1.3460401141637321,4.607149684572742,547.2,523.1
2026-02-18 22:00:00,-1.385401484800852,4.54979927356145,546.9,523.1
2026-02-18 22:15:00,-1.4253521725951692,4.491590214067287,546.7,523.2
2026-02-18 22:30:00,-1.4647060200345496,4.434250764525971,546.4,523.2
2026-02-18 22:45:00,-1.4515880708880895,4.453363914373076,546.5,523.2
2026-02-18 23:00:00,-1.4670309735883795,4.4308632543926585,546.8,523.6
2026-02-18 23:15:00,-1.581089247573686,4.264677758653668,545.2,522.9
2026-02-18 23:30:00,-1.6106648169557536,4.22158548233047,545.6,523.5
2026-02-19 06:45:00,-1.362167551228959,4.583651642475162,547.6,523.6
2026-02-19 07:00:00,-1.4734063179246994,4.421574232894976,547.9,524.7
2026-02-19 07:15:00,-1.4199074108617395,4.499523355576751,548.1,524.5
2026-02-19 07:30:00,-1.3675656682998916,4.57578646329837,548.5,524.5
2026-02-19 07:45:00,-1.3295213914378243,4.631217838764989,549.0,524.7
2026-02-19 08:00:00,-1.4068219752212776,4.518589132507156,548.2,524.5
2026-02-19 08:15:00,-1.4228485183009292,4.495238095238108,548.6,525.0
2026-02-19 08:30:00,-1.3741382615439472,4.566210045662111,549.6,525.6
2026-02-19 08:45:00,-1.3961098172965112,4.53419698990285,548.7,524.9
2026-02-19 09:00:00,-1.4145992624086619,4.507257448433921,547.2,523.6
2026-02-19 09:15:00,-1.452172149265887,4.4525128989107765,546.6,523.3
2026-02-19 09:30:00,-1.4092728345080734,4.515018174861285,546.3,522.7
2026-02-19 09:45:00,-1.3436203474846908,4.610675339582926,546.8,522.7
2026-02-19 10:00:00,-1.258545353036433,4.734631538755263,548.6,523.8
2026-02-19 10:15:00,-1.2935582866475828,4.68361689925445,547.6,523.1
2026-02-19 10:30:00,-1.23732488734632,4.76555023923444,547.4,522.5
2026-02-19 10:45:00,-1.0567302769436349,5.0286806883365065,549.3,523.0
2026-02-19 11:00:00,-0.9766420329697107,5.145371078806438,549.7,522.8
2026-02-19 11:15:00,-1.0002141055409814,5.111026033690669,549.1,522.4
2026-02-19 11:30:00,-1.1460196779691492,4.898584003061624,548.2,522.6
2026-02-19 11:45:00,-0.9975260931912019,5.114942528735633,548.7,522.0
2026-02-19 12:00:00,-0.989096917558437,5.127224029079769,549.5,522.7
2026-02-19 12:15:00,-1.0849397628415172,4.987578826676864,549.4,523.3
2026-02-19 12:30:00,-0.9304148172370255,5.212725182062106,549.0,521.8
2026-02-19 12:45:00,-1.0224868313305047,5.0785741663472495,548.3,521.8
2026-02-19 13:00:00,-1.0599638360535402,5.0239693192713375,547.7,521.5
2026-02-19 13:15:00,-1.0744413753876854,5.002875215641156,547.8,521.7
2026-02-19 13:30:00,-0.9512679797380418,5.182341650671796,548.0,521.0
2026-02-19 13:45:00,-0.976936902300185,5.144941447494733,547.7,520.9
2026-02-19 14:00:00,-1.0856289901545308,4.986574606827765,547.4,521.4
2026-02-19 14:15:00,-1.0974839839132684,4.969301611665378,547.1,521.2
2026-02-19 14:30:00,-0.9928121455791181,5.12181085747172,548.0,521.3
2026-02-19 14:45:00,-1.0434813712044007,5.047984644913628,547.3,521.0
2026-02-19 15:00:00,-0.9965473825216475,5.116368532410087,546.5,519.9
2026-02-19 15:15:00,-1.0222793365479923,5.078876490958084,546.2,519.8
2026-02-19 15:30:00,-1.099534637211937,4.966313763233865,545.3,519.5
2026-02-19 15:45:00,-1.088298103318145,4.9826856483262905,545.7,519.8
2026-02-19 16:00:00,-1.0969081409030974,4.97014062801,544.9,519.1
2026-02-19 16:15:00,-0.9605922157673032,5.168756027000954,545.3,518.5
2026-02-19 16:30:00,-0.9724652919628756,5.1514566853174015,545.0,518.3
2026-02-19 16:45:00,-0.9446063014729068,5.192047867207106,545.0,518.1
2026-02-19 17:00:00,-0.9779141148179107,5.14351762666152,545.8,519.1
2026-02-19 17:15:00,-0.9877448763678888,5.12919398380256,545.2,518.6
2026-02-19 17:30:00,-0.9945199443926074,5.119322555812178,546.2,519.6
2026-02-19 17:45:00,-0.9813111087624767,5.138568129330245,546.3,519.6
2026-02-19 18:00:00,-1.0142134879892875,5.090628615503268,545.0,518.6
2026-02-19 18:15:00,-1.0148870674637485,5.089647194910341,545.1,518.7
2026-02-19 18:30:00,-1.0314700847416698,5.065485362095523,545.5,519.2
2026-02-19 19:00:00,-1.0261049610730248,5.073302469135821,544.7,518.4
2026-02-19 19:15:00,-1.118126918294474,4.939224387420427,543.9,518.3
2026-02-19 19:30:00,-1.0274477937999793,5.071345931353632,544.9,518.6
2026-02-19 19:45:00,-1.0817064068673008,4.99228989976872,544.7,518.8
2026-02-19 20:00:00,-1.06781408495689,5.012531328320802,544.7,518.7
2026-02-19 20:15:00,-1.011516570402234,5.0945580856812,544.6,518.2
2026-02-19 20:30:00,-1.0505829236450632,5.037637521713956,544.2,518.1
2026-02-19 20:45:00,-1.0644946560326722,5.017367811655737,544.2,518.2
2026-02-19 21:00:00,-1.0671507112320393,5.013497878904749,544.6,518.6
2026-02-19 21:15:00,-1.0413505762103192,5.051089261615571,544.9,518.7
2026-02-19 21:30:00,-1.0003027904640667,5.110896817743482,545.0,518.5
2026-02-19 21:45:00,-1.0274477937999793,5.071345931353632,544.9,518.6
2026-02-19 22:00:00,-1.0380056132174607,5.055962948668458,544.4,518.2
2026-02-19 22:15:00,-1.0923020192657806,4.97685185185186,544.2,518.4
2026-02-19 22:30:00,-1.0519170881437614,5.035693613737213,544.4,518.3
2026-02-19 22:45:00,-1.0790626076272356,4.996141975308643,544.3,518.4
2026-02-19 23:00:00,-1.0624999221655271,5.020274184205453,543.9,517.9
2026-02-19 23:15:00,-0.9928452253795957,5.121762659451101,543.9,517.4
2026-02-19 23:30:00,-0.9901255155175992,5.125725338491294,543.5,517.0
2026-02-20 06:45:00,-1.1881799553909416,4.837155521295045,544.0,518.9
2026-02-20 07:00:00,-1.0658231959886906,5.015432098765427,544.4,518.4
2026-02-20 07:15:00,-0.9055603991413573,5.248938633732125,545.4,518.2
2026-02-20 07:30:00,-1.066487081625329,5.014464802314378,544.5,518.5
2026-02-20 07:45:00,-1.0393443727115852,5.054012345679015,544.6,518.4
2026-02-20 08:00:00,-0.9592233259327331,5.170750530580759,545.1,518.3
2026-02-20 08:15:00,-0.9188049205489631,5.229641065225765,545.3,518.2
2026-02-20 08:30:00,-0.9724652919628756,5.1514566853174015,545.0,518.3
2026-02-20 08:45:00,-1.0267765069285806,5.072324011571827,544.8,518.5
2026-02-20 09:00:00,-1.0480211931928143,5.041370021166047,545.9,519.7
2026-02-20 09:15:00,-1.0982218948337914,4.968226458694414,545.1,519.3
2026-02-20 09:30:00,-1.1775206931402618,4.8526863084922045,544.5,519.3
2026-02-20 09:45:00,-1.1452596658199912,4.899691358024683,543.8,518.4
2026-02-20 10:00:00,-1.1048849522643314,4.958518232683784,544.0,518.3
2026-02-20 10:15:00,-1.1001906294338042,4.965357967667416,545.4,519.6
2026-02-20 10:30:00,-1.164304226755845,4.87194300019258,544.6,519.3
2026-02-20 10:45:00,-1.1491473080814814,4.894026974951826,544.4,519.0
2026-02-20 11:00:00,-1.0764147252995235,5.000000000000004,543.9,518.0
2026-02-20 11:15:00,-1.0631650901770928,5.019305019305009,544.0,518.0
2026-02-20 11:30:00,-1.1281082611712046,4.924681344148318,543.3,517.8
2026-02-20 11:45:00,-1.2018902309831374,4.81717933836332,541.8,516.9
2026-02-20 12:00:00,-1.2353923689735222,4.768365962395826,540.5,515.9
2026-02-20 12:15:00,-1.1494286720380806,4.893617021276597,542.3,517.0
2026-02-20 12:30:00,-1.2233621898942548,4.785894206549113,540.8,516.1
2026-02-20 12:45:00,-1.2087852319569503,4.807133165342137,540.7,515.9
2026-02-20 13:00:00,-1.1922680540593027,4.831199068684522,540.3,515.4
2026-02-20 13:15:00,-1.2613701785926383,4.730515703761173,540.2,515.8
2026-02-20 13:30:00,-1.2809328934472257,4.702012383900933,541.1,516.8
2026-02-20 13:45:00,-1.2657703529012594,4.724104549854791,540.9,516.5
2026-02-20 14:00:00,-1.2543720923890898,4.740712074303399,541.3,516.8
2026-02-20 14:15:00,-1.2410916918600143,4.760061919504643,541.4,516.8
2026-02-20 14:30:00,-1.2429870574740927,4.757300328756542,541.7,517.1
2026-02-20 14:45:00,-1.2341462834720724,4.770181537273088,542.5,517.8
2026-02-20 15:00:00,-1.1691621711565985,4.864864864864882,543.2,518.0
2026-02-20 15:15:00,-1.1698066235887485,4.863925883034148,543.3,518.1
2026-02-20 15:30:00,-1.1943820251092527,4.828118964851291,542.8,517.8
2026-02-20 15:45:00,-1.2127280751496485,4.801388353258762,543.5,518.6
2026-02-20 16:00:00,-1.3022774013039478,4.670912951167705,542.3,518.1
2026-02-20 16:15:00,-1.2354103467688125,4.768339768339769,542.7,518.0
2026-02-20 16:30:00,-1.2492890902178466,4.748118123914313,542.7,518.1
2026-02-20 16:45:00,-1.208911076523936,4.806949806949801,542.9,518.0
2026-02-20 17:00:00,-1.264414370566927,4.726080246913589,542.9,518.4
2026-02-20 17:15:00,-1.208911076523936,4.806949806949801,542.9,518.0
2026-02-20 17:30:00,-1.3377352250491619,4.619250096637018,541.3,517.4
2026-02-20 17:45:00,-1.2663979757950146,4.723190089043738,541.0,516.6
2026-02-20 18:00:00,-1.1665818712718827,4.868624420401835,542.8,517.6
2026-02-20 18:15:00,-1.1937419462611014,4.829051574270804,542.7,517.7
2026-02-20 18:30:00,-1.1943820251092527,4.828118964851291,542.8,517.8
2026-02-20 19:00:00,-1.2246961356512767,4.783950617283961,543.2,518.4
2026-02-20 19:15:00,-1.1572063058859583,4.88228483211115,543.5,518.2
2026-02-20 19:30:00,-1.1994937693389567,4.820671037408397,543.6,518.6
2026-02-20 19:45:00,-1.1988556639478838,4.821600771456125,543.5,518.5
2026-02-20 20:00:00,-1.1994937693389567,4.820671037408397,543.6,518.6
2026-02-20 20:15:00,-1.1994937693389567,4.820671037408397,543.6,518.6
2026-02-20 20:30:00,-1.2234289129240177,4.785796989579305,543.0,518.2
2026-02-20 20:45:00,-1.222794934674819,4.786720710287584,542.9,518.1
2026-02-20 21:00:00,-1.2114567240127316,4.803240740740744,543.3,518.4
2026-02-20 21:15:00,-1.2240626465356295,4.784873625313546,543.1,518.3
2026-02-20 21:30:00,-1.2656652983923997,4.724257616660244,543.1,518.6
2026-02-20 21:45:00,-1.2379355472898217,4.7646604938271775,543.1,518.4
2026-02-20 22:00:00,-1.239196686771032,4.762822984959492,543.3,518.6
2026-02-20 22:15:00,-1.2782768133414106,4.705882352941182,542.9,518.5
2026-02-20 22:30:00,-1.2908931938440171,4.687500000000022,542.7,518.4
2026-02-20 22:45:00,-1.276406998554456,4.7086067155538425,542.6,518.2
2026-02-20 23:00:00,-1.316756408746658,4.64981670847,542.4,518.3
2026-02-20 23:15:00,-1.342629605592515,4.6121188730219975,542.1,518.2
2026-02-20 23:30:00,-1.3558741270001362,4.592821304515615,542.0,518.2
2026-02-21 09:45:00,-1.3444611045026873,4.609450337512056,542.4,518.5
2026-02-21 10:00:00,-1.4256657087736861,4.491133384734014,542.1,518.8
2026-02-21 10:15:00,-1.3342847915264484,4.6242774566473965,543.0,519.0
2026-02-21 10:30:00,-1.3481177515273581,4.6041225197457125,543.0,519.1
2026-02-21 10:45:00,-1.4039938489271577,4.522709776751355,543.1,519.6
2026-02-21 11:00:00,-1.2555668423499926,4.73897129647467,543.7,519.1
2026-02-21 11:15:00,-1.2687884008039105,4.719707185513378,543.6,519.1
2026-02-21 11:30:00,-1.2712825542754822,4.716073147256972,544.0,519.5
2026-02-21 11:45:00,-1.3121470732553184,4.656532614970166,543.9,519.7
2026-02-21 12:00:00,-1.2297552636734095,4.776579352850541,544.0,519.2
2026-02-21 12:15:00,-1.2159021669882681,4.796763629358503,544.0,519.1
2026-02-21 12:30:00,-1.2712825542754822,4.716073147256972,544.0,519.5
2026-02-21 12:45:00,-1.2712825542754822,4.716073147256972,544.0,519.5
2026-02-21 13:00:00,-1.3109166889824506,4.658325312800771,543.7,519.5
2026-02-21 13:15:00,-1.2826313113885432,4.699537750385208,543.6,519.2
2026-02-21 13:30:00,-1.296468890599952,4.679376083188913,543.6,519.3
2026-02-21 13:45:00,-1.282009959257813,4.700443074552108,543.5,519.1
2026-02-21 14:00:00,-1.3775761776668813,4.561200923787512,543.3,519.6
2026-02-21 14:15:00,-1.3637622019250903,4.58132820019248,543.3,519.5
2026-02-21 14:30:00,-1.391984430460816,4.540207772220084,543.4,519.8
2026-02-21 14:45:00,-1.4315956905228924,4.48249326664103,543.1,519.8
2026-02-21 15:00:00,-1.3084530761656343,4.661914852629545,543.3,519.1
2026-02-21 15:15:00,-1.3505508236894344,4.600577478344547,543.4,519.5
2026-02-21 15:30:00,-1.3235150633377035,4.639969195225269,543.5,519.4
2026-02-21 15:45:00,-1.3348961930734553,4.623386630706983,543.1,519.1
2026-02-21 16:00:00,-1.3235150633377035,4.639969195225269,543.5,519.4
2026-02-21 16:15:00,-1.4045911312771948,4.521839522801607,543.2,519.7
2026-02-21 16:30:00,-1.3373394454537628,4.619826756496637,543.5,519.5
2026-02-21 16:45:00,-1.391984430460816,4.540207772220084,543.4,519.8
2026-02-21 17:00:00,-1.3637622019250903,4.58132820019248,543.3,519.5
2026-02-21 17:15:00,-1.3901849583963874,4.542829643888369,543.1,519.5
2026-02-21 17:30:00,-1.2813883676850315,4.701348747591516,543.4,519.0
2026-02-21 17:45:00,-1.2681642617246658,4.720616570327563,543.5,519.0
2026-02-21 18:00:00,-1.2681642617246658,4.720616570327563,543.5,519.0
2026-02-21 18:15:00,-1.3210606855660827,4.643545279383443,543.1,519.0
2026-02-21 18:30:00,-1.2952315177117315,4.681178963590815,543.4,519.1
2026-02-21 18:45:00,-1.3078365796057323,4.662813102119467,543.2,519.0
2026-02-22 09:45:00,-1.2662904005562086,4.723346828609976,543.2,518.7
2026-02-22 10:00:00,-1.2832524242155352,4.698632774889289,543.7,519.3
2026-02-22 10:15:00,-1.3493347561375888,4.602349316387455,543.2,519.3
2026-02-22 10:30:00,-1.3781785432709444,4.560323263421195,543.4,519.7
2026-02-22 10:45:00,-1.4051881838148466,4.520969603693725,543.3,519.8
2026-02-22 11:00:00,-1.379984250008666,4.557692307692318,543.7,520.0
2026-02-22 11:15:00,-1.3115319995161523,4.65742879137796,543.8,519.6
2026-02-22 11:30:00,-1.3913848372740696,4.541081393111401,543.3,519.7
2026-02-22 11:45:00,-1.4327789499580887,4.480769230769233,543.3,520.0
2026-02-22 12:00:00,-1.4603485005948935,4.440599769319475,543.3,520.2
2026-02-22 12:15:00,-1.4075740984924214,4.51749327181854,543.7,520.2
2026-02-22 12:30:00,-1.3793825793081473,4.558568955568387,543.6,519.9
2026-02-22 12:45:00,-1.339778938261269,4.616272360069251,543.9,519.9
2026-02-22 13:00:00,-1.339169417044694,4.617160446325519,543.8,519.8
2026-02-22 13:15:00,-1.339169417044694,4.617160446325519,543.8,519.8
2026-02-22 13:30:00,-1.406977963879182,4.518361853489705,543.6,520.1
2026-02-22 13:45:00,-1.3511585064065745,4.599692070823713,543.5,519.6
2026-02-22 14:00:00,-1.3241280672181066,4.639076034648704,543.6,519.5
2026-02-22 14:15:00,-1.416012516079275,4.50519830573739,542.8,519.4
2026-02-22 14:30:00,-1.4712069505849839,4.424778761061954,542.8,519.8
2026-02-22 14:45:00,-1.4591762999328002,4.44230769230769,543.1,520.0
2026-02-22 15:00:00,-1.3895846724388194,4.543704274162508,543.0,519.4
2026-02-22 15:15:00,-1.3361182897531871,4.6216060080878085,543.3,519.3
2026-02-22 15:30:00,-1.3511585064065745,4.599692070823713,543.5,519.6
2026-02-22 15:45:00,-1.4045911312771948,4.521839522801607,543.2,519.7
2026-02-22 16:00:00,-1.4310037192834453,4.483355782182019,543.0,519.7
2026-02-22 16:15:00,-1.3781785432709444,4.560323263421195,543.4,519.7
2026-02-22 16:30:00,-1.41779742528032,4.502597652491813,543.1,519.7
2026-02-22 16:45:00,-1.4172026845573187,4.503464203233243,543.0,519.6
2026-02-22 17:00:00,-1.3637622019250903,4.58132820019248,543.3,519.5
2026-02-22 17:15:00,-1.4189862203550407,4.500865551067501,543.3,519.9
2026-02-22 17:30:00,-1.4195802749707407,4.499999999999993,543.4,520.0
2026-02-22 17:45:00,-1.3103011415174834,4.659222179437816,543.6,519.4
2026-02-22 18:00:00,-1.4051881838148466,4.520969603693725,543.3,519.8
2026-02-22 18:15:00,-1.4321874340373233,4.481631082900561,543.2,519.9
2026-02-22 18:30:00,-1.3775761776668813,4.561200923787512,543.3,519.6
2026-02-22 18:45:00,-1.41779742528032,4.502597652491813,543.1,519.7
2026-02-23 09:45:00,-1.4310037192834453,4.483355782182019,543.0,519.7
2026-02-23 10:00:00,-1.4004053213282157,4.527938342967253,542.5,519.0
2026-02-23 10:15:00,-1.3192174180493645,4.646230962020415,542.8,518.7
2026-02-23 10:30:00,-1.3775761776668813,4.561200923787512,543.3,519.6
2026-02-23 10:45:00,-1.349942906978159,4.601463226800151,543.3,519.4
2026-02-23 11:00:00,-1.3355073591036768,4.6224961479198745,543.2,519.2
2026-02-23 11:15:00,-1.2927539093027793,4.684788895315206,543.0,518.7
2026-02-23 11:30:00,-1.3475088974867988,4.605009633911372,542.9,519.0
2026-02-23 11:45:00,-1.3481177515273581,4.6041225197457125,543.0,519.1
2026-02-23 12:00:00,-1.3468998087751913,4.605897089998079,542.8,518.9
2026-02-23 12:15:00,-1.3475088974867988,4.605009633911372,542.9,519.0
2026-02-23 12:30:00,-1.3355073591036768,4.6224961479198745,543.2,519.2
2026-02-23 12:45:00,-1.3373394454537628,4.619826756496637,543.5,519.5
2026-02-23 13:00:00,-1.3373394454537628,4.619826756496637,543.5,519.5
2026-02-23 13:15:00,-1.3229018233687704,4.640862699788184,543.4,519.3
2026-02-23 13:30:00,-1.3517659552646941,4.598807004040784,543.6,519.7
2026-02-23 13:45:00,-1.3379496707764287,4.618937644341803,543.6,519.6
2026-02-23 14:00:00,-1.338559661261569,4.618048874350578,543.7,519.7
2026-02-23 14:15:00,-1.3109166889824506,4.658325312800771,543.7,519.5
2026-02-23 14:30:00,-1.2983231638859913,4.676674364896072,543.9,519.6
2026-02-23 14:45:00,-1.3247408351462828,4.6381832178598925,543.7,519.6
2026-02-23 15:00:00,-1.3511585064065745,4.599692070823713,543.5,519.6
2026-02-23 15:15:00,-1.295850323317338,4.680277349768858,543.5,519.2
2026-02-23 15:30:00,-1.3637622019250903,4.58132820019248,543.3,519.5
2026-02-23 15:45:00,-1.3637622019250903,4.58132820019248,543.3,519.5
2026-02-23 16:00:00,-1.3222883471748972,4.641756548536202,543.3,519.2
2026-02-23 16:15:00,-1.3637622019250903,4.58132820019248,543.3,519.5
2026-02-23 16:30:00,-1.2952315177117315,4.681178963590815,543.4,519.1
2026-02-23 16:45:00,-1.2826313113885432,4.699537750385208,543.6,519.2
2026-02-23 17:00:00,-1.3787806771067854,4.559445940746443,543.5,519.8
2026-02-23 17:15:00,-1.3793825793081473,4.558568955568387,543.6,519.9
2026-02-23 17:30:00,-1.3661813656258495,4.577803423735349,543.7,519.9
2026-02-23 17:45:00,-1.352980151943567,4.597037891902289,543.8,519.9
2026-02-23 18:00:00,-1.338559661261569,4.618048874350578,543.7,519.7
2026-02-23 18:15:00,-1.3661813656258495,4.577803423735349,543.7,519.9
2026-02-23 18:30:00,-1.3787806771067854,4.559445940746443,543.5,519.8
2026-02-23 18:45:00,-1.3925837929904452,4.539334487401425,543.5,519.9
2026-02-24 06:45:00,-1.295850323317338,4.680277349768858,543.5,519.2
2026-02-24 07:00:00,-1.3115319995161523,4.65742879137796,543.8,519.6
2026-02-24 07:15:00,-1.2322789857352623,4.77290223248652,544.4,519.6
2026-02-24 07:30:00,-1.4207676990180393,4.498269896193774,543.6,520.2
2026-02-24 07:45:00,-1.4093611279584342,4.514889529298749,544.0,520.5
2026-02-24 08:00:00,-1.3278011402672798,4.633724283791585,544.2,520.1
2026-02-24 08:15:00,-1.3452540960096888,4.608294930875578,544.8,520.8
2026-02-24 08:30:00,-1.3440390302678604,4.6100653092585375,544.6,520.6
2026-02-24 08:45:00,-1.315218894813141,4.652056901191837,544.4,520.2
2026-02-24 09:00:00,-1.4544784664627388,4.449152542372858,542.3,519.2
2026-02-24 09:15:00,-1.37274889309579,4.568234387047032,542.5,518.8
2026-02-24 09:30:00,-1.2776537822054872,4.706790123456783,542.8,518.4
2026-02-24 09:45:00,-1.2921339100137836,4.685692248360973,542.9,518.6
2026-02-24 10:00:00,-1.3229018233687704,4.640862699788184,543.4,519.3
2026-02-24 10:15:00,-1.2681642617246658,4.720616570327563,543.5,519.0
2026-02-24 10:30:00,-1.1607564886595607,4.877112135176676,546.2,520.8
2026-02-24 10:45:00,-1.0935532275881346,4.975028812908189,546.5,520.6
2026-02-24 11:00:00,-1.111303990852119,4.94916554766931,547.1,521.3
2026-02-24 11:15:00,-1.1646084031973831,4.871499808208668,546.8,521.4
2026-02-24 11:30:00,-1.1607564886595607,4.877112135176676,546.2,520.8
2026-02-24 11:45:00,-1.0724657546473857,5.005753739930952,547.5,521.4
2026-02-24 12:00:00,-1.040153235901037,5.0528338136407225,546.8,520.5
2026-02-24 12:15:00,-1.0632160503121755,5.019230769230765,546.1,520.0
2026-02-24 12:30:00,-0.9667391741916539,5.159799768964213,546.2,519.4
2026-02-24 12:45:00,-0.940311330551229,5.198305737389286,546.4,519.4
2026-02-24 13:00:00,-0.953525252371449,5.179052753176738,546.3,519.4
2026-02-24 13:15:00,-0.9592233259327331,5.170750530580759,545.1,518.3
2026-02-24 13:30:00,-0.9829867613998553,5.136126665379415,544.5,517.9
2026-02-24 13:45:00,-1.0101665496873249,5.096525096525095,544.4,518.0
2026-02-24 14:00:00,-1.1122302252652025,4.947816003092398,543.0,517.4
2026-02-24 14:15:00,-1.072435225303349,5.00579822187861,543.3,517.4
2026-02-24 14:30:00,-1.1122302252652025,4.947816003092398,543.0,517.4
2026-02-24 14:45:00,-1.2423555133416961,4.758220502901356,541.6,517.0
2026-02-24 15:00:00,-1.0989652252779178,4.967143409354469,543.1,517.4
2026-02-24 15:15:00,-0.9782157667702708,5.143078112915678,543.8,517.2
2026-02-24 15:30:00,-1.0333118060171407,5.062801932367167,543.7,517.5
2026-02-24 15:45:00,-1.1387602252398021,4.909161190568212,542.8,517.4
2026-02-24 16:00:00,-1.0220702388703211,5.079181151023571,544.1,517.8
2026-02-24 16:15:00,-1.0870226248256942,4.984544049459028,543.4,517.6
2026-02-24 16:30:00,-1.1209126773567557,4.93516547319528,542.2,516.7
2026-02-24 16:45:00,-1.115660252398964,4.942818375654201,541.4,515.9
2026-02-24 17:00:00,-1.0730862524608258,5.004849660523747,541.3,515.5
2026-02-24 17:15:00,-1.1662834919447425,4.869059165858403,540.6,515.5
2026-02-24 17:30:00,-1.042424740771981,5.049524179452325,540.9,514.9
2026-02-24 17:45:00,-1.045786833788314,5.044625533566172,541.4,515.4
2026-02-24 18:00:00,-1.0557541464690685,5.03010293260826,540.8,514.9
2026-02-24 18:15:00,-1.0837430519281255,4.989322461657908,540.8,515.1
2026-02-24 18:30:00,-1.1363854038828443,4.9126213592233015,540.3,515.0
2026-02-24 19:00:00,-1.139002155778939,4.908808692277855,540.7,515.4
2026-02-24 19:15:00,-1.0577644236869588,5.027173913043481,541.1,515.2
2026-02-24 19:30:00,-1.1967653637232678,4.8246463863592215,541.0,516.1
2026-02-24 19:45:00,-1.2107026777086511,4.804339403332025,541.0,516.2
2026-02-24 20:00:00,-1.140962055759311,4.905953073492331,541.0,515.7
2026-02-24 20:15:00,-1.1549209968412104,4.885614579294306,541.0,515.8
2026-02-24 20:30:00,-1.194839439997992,4.827452500969387,540.7,515.8
2026-02-24 20:45:00,-1.1529696005898906,4.888457807953461,540.7,515.5
2026-02-24 21:00:00,-1.1841110039642575,4.843084075939563,541.2,516.2
2026-02-24 21:15:00,-1.198048069459556,4.822777454968064,541.2,516.3
2026-02-24 21:30:00,-1.145526299981563,4.899302865995359,541.7,516.4
2026-02-24 21:45:00,-1.198048069459556,4.822777454968064,541.2,516.3
2026-02-24 22:00:00,-1.1701685375522655,4.863398566169352,541.2,516.1
2026-02-24 22:15:00,-1.1841110039642575,4.843084075939563,541.2,516.2
2026-02-24 22:30:00,-1.1575193302198943,4.881828748547057,541.4,516.2
2026-02-24 22:45:00,-1.090378059039304,4.979655105599679,541.8,516.1
2026-02-24 23:00:00,-1.0890531153823921,4.981585578600511,541.6,515.9
2026-02-24 23:15:00,-1.0857362574985905,4.986418315871166,541.1,515.4
2026-02-24 23:30:00,-0.9553287810572563,5.176424970918969,542.5,515.8
2026-02-25 06:45:00,-0.9867199543302777,5.130687318489846,543.0,516.5
2026-02-25 07:00:00,-1.1196010965069365,4.937076476282676,542.0,516.5
2026-02-25 07:15:00,-1.0797367538539433,4.99515972894482,542.3,516.5
2026-02-25 07:30:00,-1.1209126773567557,4.93516547319528,542.2,516.7
2026-02-25 07:45:00,-1.0797367538539433,4.99515972894482,542.3,516.5
2026-02-25 08:00:00,-1.0784087145480359,4.997094712376549,542.1,516.3
2026-02-25 08:15:00,-0.997289167440835,5.115287734935081,542.5,516.1
2026-02-25 08:30:00,-1.04121485277666,5.051287013741024,542.8,516.7
2026-02-25 08:45:00,-1.0664486396362791,5.014520813165535,542.4,516.5
2026-02-25 09:00:00,-1.138348348663433,4.909761304094706,540.6,515.3
2026-02-25 09:15:00,-1.097729355713896,4.968944099378869,540.8,515.2
2026-02-25 09:30:00,-1.1403090091793586,4.906904577191606,540.9,515.6
2026-02-25 09:45:00,-1.1003750817544502,4.965089216446872,541.2,515.6
2026-02-25 10:00:00,-1.0797367538539433,4.99515972894482,542.3,516.5
2026-02-25 10:15:00,-1.1335425558681003,4.916763453348816,542.0,516.6
2026-02-25 10:30:00,-1.1315817611753785,4.919620375750555,541.7,516.3
2026-02-25 10:45:00,-1.1688745264321077,4.86528396976158,541.0,515.9
2026-02-25 11:00:00,-1.1821780949403937,4.845900368288425,540.9,515.9
2026-02-25 11:15:00,-1.0531605254186147,5.03388189738625,542.5,516.5
2026-02-25 11:30:00,-1.0491424098575495,5.039736383019955,541.9,515.9
2026-02-25 11:45:00,-1.1228781459513313,4.932301740812384,542.5,517.0
2026-02-25 12:00:00,-1.179198609742104,4.85024154589373,542.6,517.5
2026-02-25 12:15:00,-1.1672273200550989,4.867683986864968,542.9,517.7
2026-02-25 12:30:00,-1.1539700069520902,4.887000193162061,543.0,517.7
2026-02-25 12:45:00,-1.0989652252779178,4.967143409354469,543.1,517.4
2026-02-25 13:00:00,-1.1487789058260456,4.894563745405312,542.2,516.9
2026-02-25 13:15:00,-1.0943467358300623,4.973872653377187,542.4,516.7
2026-02-25 13:30:00,-1.0664486396362791,5.014520813165535,542.4,516.5
2026-02-25 13:45:00,-1.0697770937778475,5.009671179883934,542.9,517.0
2026-02-25 14:00:00,-0.944785940264852,5.191786129407205,543.0,516.2
2026-02-25 14:15:00,-1.0538293039119548,5.032907471931858,542.6,516.6
2026-02-25 14:30:00,-1.2081455877169245,4.80806514152774,540.6,515.8
2026-02-25 14:45:00,-1.1429196767862073,4.9031007751937805,541.3,516.0
2026-02-25 15:00:00,-1.2157070148339646,4.797047970479706,539.6,514.9
2026-02-25 15:15:00,-1.1484074979578216,4.895104895104896,540.0,514.8
2026-02-25 15:30:00,-1.1191102835789952,4.937791601866248,539.8,514.4
2026-02-25 15:45:00,-1.2442674398126208,4.755434782608692,539.7,515.2
2026-02-25 16:00:00,-1.1922680540593027,4.831199068684522,540.3,515.4
2026-02-25 16:15:00,-1.1935542457458725,4.82932505818463,540.5,515.6
2026-02-25 16:30:00,-1.1662834919447425,4.869059165858403,540.6,515.5
2026-02-25 16:45:00,-1.035165667370835,5.060100814269108,541.9,515.8
2026-02-25 17:00:00,-1.138348348663433,4.909761304094706,540.6,515.3
2026-02-25 17:15:00,-1.1123692066387647,4.947613504074511,540.9,515.4
2026-02-25 17:30:00,-1.1435717113812787,4.902150745979461,541.4,516.1
2026-02-25 17:45:00,-1.090378059039304,4.979655105599679,541.8,516.1
2026-02-25 18:00:00,-1.03129628489419,5.065738592420721,543.4,517.2
2026-02-25 18:15:00,-0.9802620592080811,5.140096618357481,544.1,517.5
2026-02-25 18:30:00,-1.121568087098365,4.9342105263157965,542.3,516.8
2026-02-25 19:00:00,-1.1446108503547592,4.900636696893712,543.7,518.3
2026-02-25 19:15:00,-1.1572063058859583,4.88228483211115,543.5,518.2
2026-02-25 19:30:00,-1.1698066235887485,4.863925883034148,543.3,518.1
2026-02-25 19:45:00,-1.1565595458172195,4.883227176220806,543.4,518.1
2026-02-25 20:00:00,-1.19566144140149,4.826254826254828,543.0,518.0
2026-02-25 20:15:00,-1.1539700069520902,4.887000193162061,543.0,517.7
2026-02-25 20:30:00,-1.2095478569033051,4.80602200347422,543.0,518.1
2026-02-25 20:45:00,-1.1685174698530996,4.865804209306823,543.1,517.9
2026-02-25 21:00:00,-1.1698066235887485,4.863925883034148,543.3,518.1
2026-02-25 21:15:00,-1.2234289129240177,4.785796989579305,543.0,518.2
2026-02-25 21:30:00,-1.2234289129240177,4.785796989579305,543.0,518.2
2026-02-25 21:45:00,-1.208911076523936,4.806949806949801,542.9,518.0
2026-02-25 22:00:00,-1.2347784371578363,4.769260474995174,542.6,517.9
2026-02-25 22:15:00,-1.3093505364281186,4.660607232643588,541.2,517.1
2026-02-25 22:30:00,-1.2429870574740927,4.757300328756542,541.7,517.1
2026-02-25 22:45:00,-1.232248356551179,4.772946859903393,542.2,517.5
2026-02-25 23:00:00,-1.2745350175406722,4.711334234408193,542.3,517.9
2026-02-25 23:15:00,-1.2726608665334522,4.714064914992266,542.0,517.6
2026-02-25 23:30:00,-1.3932033169233975,4.53843182696021,541.3,517.8
2026-02-26 06:45:00,-1.9022493654478858,3.796740172579094,541.3,521.5
2026-02-26 07:00:00,-1.2884088872585804,4.691119691119683,542.3,518.0
2026-02-26 07:15:00,-1.3016585223810109,4.671814671814678,542.2,518.0
2026-02-26 07:30:00,-1.3312242462704387,4.628736740597872,542.5,518.5
2026-02-26 07:45:00,-1.3041326054825773,4.668209876543217,542.6,518.4
2026-02-26 08:00:00,-1.3847740506886108,4.550713459313549,542.2,518.6
2026-02-26 08:15:00,-1.3450711332565508,4.608561511762432,542.5,518.6
2026-02-26 08:30:00,-1.276406998554456,4.7086067155538425,542.6,518.2
2026-02-26 08:45:00,-1.2637885446260724,4.726992089523452,542.8,518.3
2026-02-26 09:00:00,-1.3432403408069429,4.611229017943286,542.2,518.3
2026-02-26 09:15:00,-1.383569075313878,4.552469135802473,542.0,518.4
2026-02-26 09:30:00,-1.3817598679330458,4.55510519204787,541.7,518.1
2026-02-26 09:45:00,-1.3010394044625577,4.672716740683547,542.1,517.9
2026-02-26 10:00:00,-1.2068655548875087,4.809930178432875,540.4,515.6
2026-02-26 10:15:00,-1.2353923689735222,4.768365962395826,540.5,515.9
2026-02-26 10:30:00,-1.1967653637232678,4.8246463863592215,541.0,516.1
2026-02-26 10:45:00,-1.1746896892146519,4.856811145510842,541.9,516.8
2026-02-26 11:00:00,-1.1176318196033115,4.939945757458353,541.7,516.2
2026-02-26 11:15:00,-1.1575193302198943,4.881828748547057,541.4,516.2
2026-02-26 11:30:00,-1.183466950637759,4.844022476264298,541.1,516.1
2026-02-26 11:45:00,-1.237927854430079,4.764671702498546,540.9,516.3
2026-02-26 12:00:00,-1.308731828558562,4.661508704061901,541.1,517.0
2026-02-26 12:15:00,-1.3491686238005252,4.6025913749758285,540.9,517.1
2026-02-26 12:30:00,-1.2904776989417863,4.688105385509478,540.4,516.2
2026-02-26 12:45:00,-1.34611122775116,4.607046070460696,540.4,516.6
2026-02-26 13:00:00,-1.4022594069637337,4.525236898085483,540.5,517.1
2026-02-26 13:15:00,-1.3068742680437013,4.664215211921796,540.8,516.7
2026-02-26 13:30:00,-1.3074936945053615,4.663312693498467,540.9,516.8
2026-02-26 13:45:00,-1.3732891218604653,4.567447261466984,540.3,516.7
2026-02-26 14:00:00,-1.4046600336806798,4.521739130434788,540.9,517.5
2026-02-26 14:15:00,-1.4022594069637337,4.525236898085483,540.5,517.1
2026-02-26 14:30:00,-1.335895928009723,4.621929994198415,541.0,517.1
2026-02-26 14:45:00,-1.344273947684749,4.609723029246582,540.1,516.3
2026-02-26 15:00:00,-1.3012886217494506,4.67235362543621,539.9,515.8
2026-02-26 15:15:00,-1.3000447188789004,4.674166020170678,539.7,515.6
2026-02-26 15:30:00,-1.3817316225646674,4.555146346191119,539.4,515.9
2026-02-26 15:45:00,-1.3666012645870507,4.577191621411947,539.2,515.6
2026-02-26 16:00:00,-1.4568214984741734,4.44573869151621,538.0,515.1
2026-02-26 16:15:00,-1.3914104656342423,4.541044052008547,538.7,515.3
2026-02-26 16:30:00,-1.4331578102952,4.480217222653216,538.7,515.6
2026-02-26 16:45:00,-1.3829431469201918,4.553381127688438,539.6,516.1
2026-02-26 17:00:00,-1.3641622358934173,4.580745341614878,538.8,515.2
2026-02-26 17:15:00,-1.3902003473052342,4.542807221898659,538.5,515.1
2026-02-26 17:30:00,-1.2785908123117187,4.705424849309758,538.5,514.3
2026-02-26 17:45:00,-1.2963072134383513,4.679611650485449,539.1,515.0
2026-02-26 18:00:00,-1.2671363483192941,4.722114263505617,538.9,514.6
2026-02-26 18:15:00,-1.426583653535448,4.489795918367356,537.6,514.5
2026-02-26 18:30:00,-1.2981770541186866,4.676887250145545,539.4,515.3
2026-02-26 19:00:00,-1.3223422604105721,4.641677995727322,538.8,514.9
2026-02-26 19:15:00,-1.3248151716945444,4.638074907820711,539.2,515.3
2026-02-26 19:30:00,-1.3532899554454296,4.59658650116368,539.3,515.6
2026-02-26 19:45:00,-1.3114961129066232,4.657481078983117,539.3,515.3
2026-02-26 20:00:00,-1.3248151716945444,4.638074907820711,539.2,515.3
2026-02-26 20:15:00,-1.3248151716945444,4.638074907820711,539.2,515.3
2026-02-26 20:30:00,-1.3399786463037935,4.615981380915435,539.4,515.6
2026-02-26 20:45:00,-1.3405929747070746,4.615086290478954,539.5,515.7
2026-02-26 21:00:00,-1.3684280540563816,4.574529947664274,539.5,515.9
2026-02-26 21:15:00,-1.367819360344097,4.575416828227996,539.4,515.8
2026-02-26 21:30:00,-1.421043951219811,4.49786739046143,539.0,515.8
2026-02-26 21:45:00,-1.3412070649062322,4.61419154711129,539.6,515.8
2026-02-26 22:00:00,-1.3031526684072157,4.669637667118787,540.2,516.1
2026-02-26 22:15:00,-1.274049335057815,4.712041884816753,540.0,515.7
2026-02-26 22:30:00,-1.330365209558354,4.629988376598204,540.1,516.2
2026-02-26 22:45:00,-1.3702527201749217,4.5718713676869305,539.8,516.2
2026-02-26 23:00:00,-1.3145947694683828,4.6529662659945625,539.8,515.8
2026-02-26 23:15:00,-1.3690365118408683,4.573643410852712,539.6,516.0
2026-02-26 23:30:00,-1.3412070649062322,4.61419154711129,539.6,515.8
2026-02-27 06:45:00,-1.2480640308737214,4.749903063202798,540.3,515.8
2026-02-27 07:00:00,-1.3950351910729535,4.535762744717964,539.3,515.9
2026-02-27 07:15:00,-1.3279009171873,4.633578906552938,539.7,515.8
2026-02-27 07:30:00,-1.3908055239113453,4.541925465838514,538.6,515.2
2026-02-27 07:45:00,-1.4035245775390282,4.5233935158221605,538.4,515.1
2026-02-27 08:00:00,-1.3532899554454296,4.59658650116368,539.3,515.6
2026-02-27 08:15:00,-1.3399786463037935,4.615981380915435,539.4,515.6
2026-02-27 08:30:00,-1.3684280540563816,4.574529947664274,539.5,515.9
2026-02-27 08:45:00,-1.3690365118408683,4.573643410852712,539.6,516.0
2026-02-27 09:00:00,-1.3430479076637114,4.611509397403601,539.9,516.1
2026-02-27 09:15:00,-1.3569568833027323,4.591243703990688,539.9,516.2
2026-02-27 09:30:00,-1.3031526684072157,4.669637667118787,540.2,516.1
2026-02-27 09:45:00,-1.3037735358139757,4.66873304920572,540.3,516.2
2026-02-27 10:00:00,-1.3340544955634972,4.624613003096001,540.7,516.8
2026-02-27 10:15:00,-1.2815572187187592,4.701102727800355,541.2,516.9
2026-02-27 10:30:00,-1.2177142847040507,4.794123332688982,542.1,517.3
2026-02-27 10:45:00,-1.3328256857584717,4.6264034068912,540.5,516.6
2026-02-27 11:00:00,-1.2568884869208883,4.737045630317094,541.7,517.2
2026-02-27 11:15:00,-1.2960778406373166,4.679945851866174,541.3,517.1
2026-02-27 11:30:00,-1.2107026777086511,4.804339403332025,541.0,516.2
2026-02-27 11:45:00,-1.2278112913309387,4.779411764705888,541.5,516.8
2026-02-27 12:00:00,-1.1614092886855765,4.876160990712086,542.0,516.8
2026-02-27 12:15:00,-1.217078098327945,4.795050270688317,542.0,517.2
2026-02-27 12:30:00,-1.2840521060207355,4.697467620336382,541.6,517.3
2026-02-27 12:45:00,-1.2575169774940709,4.736129905277409,541.8,517.3
2026-02-27 13:00:00,-1.3352823546453116,4.622823984526114,540.9,517.0
2026-02-27 13:15:00,-1.41493393290556,4.506769825918755,540.3,517.0
2026-02-27 13:30:00,-1.3189228097719168,4.646660212971931,540.5,516.5
2026-02-27 13:45:00,-1.244880225138109,4.754541940471602,542.0,517.4
2026-02-27 14:00:00,-1.4058589559091361,4.51999227351747,541.1,517.7
2026-02-27 14:15:00,-1.3081128812973049,4.662410524279359,541.0,516.9
2026-02-27 14:30:00,-1.2594009921257465,4.733384853168476,542.1,517.6
2026-02-27 14:45:00,-1.0890043090874126,4.981656690480807,543.7,517.9
2026-02-27 15:00:00,-1.2637885446260724,4.726992089523452,542.8,518.3
2026-02-27 15:15:00,-1.316756408746658,4.64981670847,542.4,518.3
2026-02-27 15:30:00,-1.147852426464686,4.895913646877426,544.2,518.8
2026-02-27 15:45:00,-1.1352733375961817,4.914241665060715,544.4,518.9
2026-02-27 16:00:00,-0.9972226753754047,5.1153846153846105,546.6,520.0
2026-02-27 16:15:00,-0.9605922157673032,5.168756027000954,545.3,518.5
2026-02-27 16:30:00,-1.0962508842400644,4.971098265895946,544.8,519.0
2026-02-27 16:45:00,-1.1186180211852894,4.938508839354361,546.1,520.4
2026-02-27 17:00:00,-1.1240031682431575,4.930662557781185,544.8,519.2
2026-02-27 17:15:00,-1.061890596610099,5.021161985378986,545.9,519.8
2026-02-27 17:30:00,-1.0216086051865638,5.079853761785635,546.1,519.7
2026-02-27 17:45:00,-1.1147056100262058,4.944209311273573,545.5,519.8
2026-02-27 18:00:00,-1.080385017042731,4.994215194755114,544.5,518.6
2026-02-27 18:15:00,-1.0003027904640667,5.110896817743482,545.0,518.5
2026-02-27 18:30:00,-1.1240031682431575,4.930662557781185,544.8,519.2
2026-02-27 19:00:00,-1.1047755145285483,4.958677685950419,546.1,520.3
2026-02-27 19:15:00,-1.153671545217816,4.887435058687695,545.1,519.7
2026-02-27 19:30:00,-1.0592366269332252,5.025028879476334,545.5,519.4
2026-02-27 19:45:00,-1.0863232589762657,4.985563041385954,545.4,519.5
2026-02-27 20:00:00,-1.1101296993570002,4.95087651704873,544.8,519.1
2026-02-27 20:15:00,-1.0240887681020354,5.076240108087227,544.4,518.1
2026-02-27 20:30:00,-1.0579081085992443,5.0269645608628455,545.3,519.2
2026-02-27 20:45:00,-1.0704650239952611,5.008668849932585,545.1,519.1
2026-02-27 21:00:00,-1.0889558782977018,4.981727255241397,545.8,519.9
2026-02-27 21:15:00,-1.1398171363242264,4.90762124711317,545.1,519.6
2026-02-27 21:30:00,-1.1939281301503737,4.828780300115443,544.9,519.8
2026-02-27 21:45:00,-1.1523801501545616,4.889316650625597,544.9,519.5
2026-02-27 22:00:00,-1.2197030152334418,4.791225707138724,544.6,519.7
2026-02-27 22:15:00,-1.2197030152334418,4.791225707138724,544.6,519.7
2026-02-27 22:30:00,-1.2077668014383365,4.808617041738805,544.9,519.9
2026-02-27 22:45:00,-1.2071318835044043,4.809542131589084,544.8,519.8
2026-02-27 23:00:00,-1.179443643214679,4.849884526558879,544.8,519.6
2026-02-27 23:15:00,-1.2712825542754822,4.716073147256972,544.0,519.5
2026-02-27 23:30:00,-1.4033963366320588,4.523580365736279,543.0,519.5
2026-02-28 09:45:00,-1.083001396118548,4.99040307101728,547.0,521.0
2026-02-28 10:00:00,-1.2410814957751677,4.760076775431843,545.8,521.0
2026-02-28 10:15:00,-1.0672216183431638,5.013394565633367,548.8,522.6
2026-02-28 10:30:00,-1.1438304255019476,4.901773793629616,550.0,524.3
2026-02-28 10:45:00,-1.1419043340153985,4.904580152671767,549.7,524.0
2026-02-28 11:00:00,-0.8448466647131524,5.33739992375144,552.6,524.6
2026-02-28 11:15:00,-0.9198372881871818,5.228136882129286,553.5,526.0
2026-02-28 11:30:00,-0.7932576858281959,5.412566237698724,557.0,528.4
2026-02-28 11:45:00,-0.9904131837388283,5.125306199359314,557.9,530.7
2026-02-28 12:00:00,-1.0370593981140772,5.057341605564947,558.8,531.9
2026-02-28 12:15:00,-1.0138803305632647,5.091114033439803,559.4,532.3
2026-02-28 12:30:00,-1.1286537960068674,4.923886487502327,558.3,532.1
2026-02-28 12:45:00,-1.1189399342336361,4.938039804731487,558.9,532.6
2026-02-28 13:00:00,-1.1632513686090193,4.873477038425489,559.5,533.5
2026-02-28 13:15:00,-1.2306464330169267,4.7752808988764,559.5,534.0
2026-02-28 13:30:00,-1.1902245478436726,4.83417650365372,559.5,533.7
2026-02-28 13:45:00,-1.214092692359219,4.799400074990623,559.0,533.4
2026-02-28 14:00:00,-1.2263445454258908,4.78154884680293,558.8,533.3
2026-02-28 14:15:00,-1.1736159971066034,4.858375539298443,559.0,533.1
2026-02-28 14:30:00,-1.1041361580176503,4.959609242908147,558.7,532.3
2026-02-28 14:45:00,-0.9794753044884579,5.141242937853097,558.3,531.0
2026-02-28 15:00:00,-0.9817751895005058,5.137891953154528,556.6,529.4
2026-02-28 15:15:00,-1.188577279792473,4.836576610617804,554.9,529.3
2026-02-28 15:30:00,-1.1003851337153012,4.965074570511607,556.0,529.7
2026-02-28 15:45:00,-1.1942120282798423,4.828366654092786,555.8,530.2
2026-02-28 16:00:00,-1.1837752251966758,4.843573313230287,556.3,530.6
2026-02-28 16:15:00,-1.2613852251223014,4.730493780625711,555.7,530.6
2026-02-28 16:30:00,-1.1875300764732002,4.838102409638534,556.9,531.2
2026-02-28 16:45:00,-1.2753979395018207,4.710076937511731,558.0,532.9
2026-02-28 17:00:00,-1.2300325682877644,4.776175313729159,559.4,533.9
2026-02-28 17:15:00,-1.3516400399545008,4.59899046550758,559.5,534.9
2026-02-28 17:30:00,-1.3644710569547336,4.580295382314459,559.4,534.9
2026-02-28 17:45:00,-1.365058645583714,4.579439252336459,559.5,535.0
2026-02-28 18:00:00,-1.365058645583714,4.579439252336459,559.5,535.0
2026-02-28 18:15:00,-1.365058645583714,4.579439252336459,559.5,535.0
2026-02-28 18:30:00,-1.365058645583714,4.579439252336459,559.5,535.0
2026-02-28 18:45:00,-1.365058645583714,4.579439252336459,559.5,535.0
2026-03-01 09:45:00,-1.365058645583714,4.579439252336459,559.5,535.0
2026-03-01 10:00:00,-1.365058645583714,4.579439252336459,559.5,535.0
2026-03-01 10:15:00,-1.365058645583714,4.579439252336459,559.5,535.0
2026-03-01 10:30:00,-1.365058645583714,4.579439252336459,559.5,535.0
2026-03-01 10:45:00,-1.365058645583714,4.579439252336459,559.5,535.0
2026-03-01 11:00:00,-1.365058645583714,4.579439252336459,559.5,535.0
2026-03-01 11:15:00,-1.365058645583714,4.579439252336459,559.5,535.0
2026-03-01 11:30:00,-1.365058645583714,4.579439252336459,559.5,535.0
2026-03-01 11:45:00,-1.365058645583714,4.579439252336459,559.5,535.0
2026-03-01 12:00:00,-1.365058645583714,4.579439252336459,559.5,535.0
2026-03-01 12:15:00,-1.365058645583714,4.579439252336459,559.5,535.0
2026-03-01 12:30:00,-1.365058645583714,4.579439252336459,559.5,535.0
2026-03-01 12:45:00,-1.365058645583714,4.579439252336459,559.5,535.0
2026-03-01 13:00:00,-1.365058645583714,4.579439252336459,559.5,535.0
2026-03-01 13:15:00,-1.365058645583714,4.579439252336459,559.5,535.0
2026-03-01 13:30:00,-1.365058645583714,4.579439252336459,559.5,535.0
2026-03-01 13:45:00,-1.365058645583714,4.579439252336459,559.5,535.0
2026-03-01 14:00:00,-1.365058645583714,4.579439252336459,559.5,535.0
2026-03-01 14:15:00,-1.365058645583714,4.579439252336459,559.5,535.0
2026-03-01 14:30:00,-1.365058645583714,4.579439252336459,559.5,535.0
2026-03-01 14:45:00,-1.365058645583714,4.579439252336459,559.5,535.0
2026-03-01 15:00:00,-1.365058645583714,4.579439252336459,559.5,535.0
2026-03-01 15:15:00,-1.365058645583714,4.579439252336459,559.5,535.0
2026-03-01 15:30:00,-1.365058645583714,4.579439252336459,559.5,535.0
2026-03-01 15:45:00,-1.365058645583714,4.579439252336459,559.5,535.0
2026-03-01 16:00:00,-1.365058645583714,4.579439252336459,559.5,535.0
2026-03-01 16:15:00,-1.365058645583714,4.579439252336459,559.5,535.0
2026-03-01 16:30:00,-1.365058645583714,4.579439252336459,559.5,535.0
2026-03-01 16:45:00,-1.365058645583714,4.579439252336459,559.5,535.0
2026-03-01 17:00:00,-1.365058645583714,4.579439252336459,559.5,535.0
2026-03-01 17:15:00,-1.365058645583714,4.579439252336459,559.5,535.0
2026-03-01 17:30:00,-1.365058645583714,4.579439252336459,559.5,535.0
2026-03-01 17:45:00,-1.365058645583714,4.579439252336459,559.5,535.0
2026-03-01 18:00:00,-1.365058645583714,4.579439252336459,559.5,535.0
2026-03-01 18:15:00,-1.365058645583714,4.579439252336459,559.5,535.0
2026-03-01 18:30:00,-1.365058645583714,4.579439252336459,559.5,535.0
2026-03-01 18:45:00,-1.365058645583714,4.579439252336459,559.5,535.0
2026-03-02 06:45:00,-1.5955950772006193,4.243542435424352,565.0,542.0
2026-03-02 07:00:00,-1.3081546432088524,4.662349676225719,565.7,540.5
2026-03-02 07:15:00,-1.0821246346118625,4.991680532445919,567.9,540.9
2026-03-02 07:30:00,-0.9913533422881752,5.123936366999615,568.3,540.6
2026-03-02 07:45:00,-1.2144916721956593,4.798818752307121,567.8,541.8
2026-03-02 08:00:00,-1.2730530254808081,4.71349353049908,566.5,541.0
2026-03-02 08:15:00,-1.239223560938257,4.762783828687467,567.5,541.7
2026-03-02 08:30:00,-1.274710607884654,4.711078395288926,569.0,543.4
2026-03-02 08:45:00,-1.3407764927425032,4.614818900533191,569.0,543.9
2026-03-02 09:00:00,-1.142456948034177,4.90377498149519,566.9,540.4
2026-03-02 09:15:00,-1.1885437677433277,4.83662543843455,567.9,541.7
2026-03-02 09:30:00,-0.903760739603766,5.251560778553066,573.2,544.6
2026-03-02 09:45:00,-0.9482878049698433,5.18668383299612,571.9,543.7
2026-03-02 10:00:00,-0.9630492124495669,5.165176127030491,576.2,547.9
2026-03-02 10:15:00,-1.1729574630586863,4.859335038363177,574.0,547.4
2026-03-02 10:30:00,-1.282101491271155,4.700309710329753,574.7,548.9
2026-03-02 10:45:00,-1.1588944276968314,4.879825200291332,576.0,549.2
2026-03-02 11:00:00,-1.1013722198210798,4.963636363636348,577.3,550.0
2026-03-02 11:15:00,-0.963461525644151,5.1645753773413405,578.3,549.9
2026-03-02 11:30:00,-0.872127205287723,5.297651556526484,578.4,549.3
2026-03-02 11:45:00,-0.8944850933914845,5.265075605756975,577.8,548.9
2026-03-02 12:00:00,-0.8727091478691331,5.29680365296803,576.5,547.5
2026-03-02 12:15:00,-0.891190431530971,5.269876002917573,577.3,548.4
2026-03-02 12:30:00,-0.9688628401984865,5.156705539358608,577.1,548.8
2026-03-02 12:45:00,-0.9826536461543804,5.136612021857934,577.2,549.0
2026-03-02 13:00:00,-0.824407386012418,5.367180417044426,581.1,551.5
2026-03-02 13:15:00,-0.8426507268859031,5.340599455040862,579.9,550.5
2026-03-02 13:30:00,-0.9114670631879582,5.240332490061439,582.4,553.4
2026-03-02 13:45:00,-0.8592213394316683,5.316455696202538,582.4,553.0
2026-03-02 14:00:00,-0.7653473617477866,5.453232213795611,584.0,553.8
2026-03-02 14:15:00,-0.8011880199996444,5.401011560693636,583.5,553.6
2026-03-02 14:30:00,-0.7998483444658514,5.402963498373681,583.3,553.4
2026-03-02 14:45:00,-0.6511663496262863,5.61959654178672,586.4,555.2
2026-03-02 15:00:00,-0.6171368278206604,5.6691783279511965,589.0,557.4
2026-03-02 15:15:00,-0.7142185279721386,5.527728085867611,589.9,559.0
2026-03-02 15:30:00,-0.6725820795284521,5.5883933369156535,589.5,558.3
2026-03-02 15:45:00,-0.6099939656999676,5.679585640292917,591.7,559.9
2026-03-02 16:00:00,-0.8145907707796246,5.38148344839795,595.3,564.9
2026-03-02 16:15:00,-0.9110993996241508,5.240868184224445,596.4,566.7
2026-03-02 16:30:00,-0.7172528923103146,5.523306948109052,599.9,568.5
2026-03-02 16:45:00,-0.6857116144648336,5.569263306309491,599.0,567.4
2026-03-02 17:00:00,-0.5303873491103556,5.7955742887249695,602.4,569.4
2026-03-02 17:15:00,-0.4330172200845515,5.937444778229373,599.5,565.9
2026-03-02 17:30:00,-0.28656497556599925,6.150829024781612,595.4,560.9
2026-03-02 17:45:00,-0.4823101298858117,5.86562388908638,595.6,562.6
2026-03-02 18:00:00,-0.22764705447093858,6.2366737739872224,597.9,562.8
2026-03-02 18:15:00,-0.1628119725735801,6.331139960874976,597.9,562.3
2026-03-02 18:30:00,-0.2382125520128297,6.221279604100394,601.0,565.8
2026-03-02 19:00:00,-0.24301267609802438,6.2142857142857055,594.8,560.0
2026-03-02 19:15:00,-0.20931547773629017,6.263383297644554,595.5,560.4
2026-03-02 19:30:00,-0.24621522609496035,6.209619526202426,591.8,557.2
2026-03-02 19:45:00,-0.3574187355607707,6.047593487207026,592.7,558.9
2026-03-02 20:00:00,-0.386403566443208,6.005361930294906,593.1,559.5
2026-03-02 20:15:00,-0.5735314941439444,5.732712289501962,590.2,558.2
2026-03-02 20:30:00,-0.3481159456468611,6.0611478634007065,593.2,559.3
2026-03-02 20:45:00,-0.32237383140314757,6.098654708520179,591.5,557.5
2026-03-02 21:00:00,-0.4013954247997366,5.983518452167669,591.6,558.2
2026-03-02 21:15:00,-0.24918446607781514,6.205293276108703,593.9,559.2
2026-03-02 21:30:00,-0.25298908083208366,6.199749865999626,594.4,559.7
2026-03-02 21:45:00,-0.2729740089346312,6.1706313718476125,593.6,559.1
2026-03-02 22:00:00,-0.24142338071301137,6.216601353758455,596.3,561.4
2026-03-02 22:15:00,-0.31077425447754986,6.115555555555541,596.9,562.5
2026-03-02 22:30:00,-0.2238408805712974,6.242219455806519,597.4,562.3
2026-03-02 22:45:00,-0.33888308213404816,6.07460035523979,597.2,563.0
2026-03-02 23:00:00,-0.186726263188974,6.296296296296311,602.7,567.0
2026-03-02 23:15:00,-0.4168755204628239,5.960963601195712,602.6,568.7
2026-03-02 23:30:00,-0.34521597499503776,6.06537318650584,606.8,572.1
2026-03-03 06:45:00,-0.7163174494110521,5.524669909659474,607.4,575.6
2026-03-03 07:00:00,-0.9012947590935352,5.255153768164922,622.9,591.8
2026-03-03 07:15:00,-1.013725484155273,5.091339648173188,621.3,591.2
2026-03-03 07:30:00,-1.385764901853908,4.549269766661057,622.8,595.7
2026-03-03 07:45:00,-1.4242060711969629,4.49326010983524,627.9,600.9
2026-03-03 08:00:00,-1.529003680625492,4.340567612687818,625.0,599.0
2026-03-03 08:15:00,-1.2928668120086526,4.684624393508452,625.7,597.7
2026-03-03 08:30:00,-1.1018763077153577,4.962901896125316,636.6,606.5
2026-03-03 08:45:00,-1.3407350452137836,4.61487929052391,637.0,608.9
2026-03-03 09:00:00,-1.2711951051393893,4.716200562634443,632.8,604.3
2026-03-03 09:15:00,-1.1887690767790653,4.836297158052161,630.8,601.7
2026-03-03 09:30:00,-1.2751857161210551,4.710386151797619,629.1,600.8
2026-03-03 09:45:00,-1.1145632101642533,4.944416791106687,632.5,602.7
2026-03-03 10:00:00,-1.6234569277224904,4.202947086403208,622.3,597.2
2026-03-03 10:15:00,-1.2739283873452318,4.7122181083810055,622.2,594.2
2026-03-03 10:30:00,-0.9748044683309353,5.1480484522207215,625.0,594.4
2026-03-03 10:45:00,-1.0464137021271942,5.04371217215871,624.8,594.8
2026-03-03 11:00:00,-0.7093615906766643,5.534804753820044,621.6,589.0
2026-03-03 11:15:00,-0.6258168487990324,5.6565313402412,622.0,588.7
2026-03-03 11:30:00,-0.7840627357216223,5.42596348884381,623.7,591.6
2026-03-03 11:45:00,-0.6512333062756097,5.619498984427906,624.0,590.8
2026-03-03 12:00:00,-0.8988165276399683,5.258764607679467,630.5,599.0
2026-03-03 12:15:00,-0.9511128167034331,5.182567726737353,625.1,594.3
2026-03-03 12:30:00,-0.743872066129583,5.484522207267828,627.0,594.4
2026-03-03 12:45:00,-1.03734028226933,5.056932350971177,627.4,597.2
2026-03-03 13:00:00,-0.854684055441663,5.323066622028794,629.2,597.4
2026-03-03 13:15:00,-0.8958012781041572,5.263157894736836,630.0,598.5
2026-03-03 13:30:00,-0.807490617385721,5.391828533154719,629.4,597.2
2026-03-03 13:45:00,-0.8112048157175574,5.386416861826704,630.0,597.8
2026-03-03 14:00:00,-0.9977749945545572,5.114579873796066,633.0,602.2
2026-03-03 14:15:00,-1.0316689665660814,5.065195586760263,628.5,598.2
2026-03-03 14:30:00,-0.7907302656936048,5.4162487462387165,630.6,598.2
2026-03-03 14:45:00,-0.7410588333852246,5.488621151271755,630.4,597.6
2026-03-03 15:00:00,-0.7984847212721662,5.404950328338098,626.0,593.9
2026-03-03 15:15:00,-0.8672097253315558,5.304816436510618,625.3,593.8
2026-03-03 15:30:00,-0.7556018422116959,5.4674316571042825,625.0,592.6
2026-03-03 15:45:00,-0.9467551977159505,5.188916876574301,626.4,595.5
2026-03-03 16:00:00,-0.7430933811297118,5.485656768998481,628.8,596.1
2026-03-03 16:15:00,-0.8152729895457022,5.380489440160918,628.7,596.6
2026-03-03 16:30:00,-0.6854958676057558,5.569577654383306,627.4,594.3
2026-03-03 16:45:00,-0.7407030156531704,5.489139585788849,626.5,593.9
2026-03-03 17:00:00,-0.6855249279052268,5.569535312866947,629.3,596.1
2026-03-03 17:15:00,-0.6188221897534303,5.666722717336459,628.4,594.7
2026-03-03 17:30:00,-0.5591261443684983,5.7537012113055175,628.6,594.4
2026-03-03 17:45:00,-0.6251396044151791,5.657518100690351,627.5,593.9
2026-03-03 18:00:00,-0.49606548518990673,5.845582023990548,626.5,591.9
2026-03-03 18:15:00,-0.4905788004222138,5.853576248313108,627.5,592.8
2026-03-03 18:30:00,-0.2351467251775952,6.225746583431757,629.6,592.7
2026-03-03 19:00:00,-0.44152370159992294,5.925050641458474,627.5,592.4
2026-03-03 19:15:00,-0.4783212331275031,5.871435802260838,627.5,592.7
2026-03-03 19:30:00,-0.27606429265375054,6.166128758280953,625.0,588.7
2026-03-03 19:45:00,-0.3516630555104482,6.055979643765919,625.2,589.5
2026-03-03 20:00:00,-0.3241193871682211,6.096111394124626,624.8,588.9
2026-03-03 20:15:00,-0.26079854297998895,6.18837130227814,624.6,588.2
2026-03-03 20:30:00,-0.19952691378853094,6.27764545763867,624.7,587.8
2026-03-03 20:45:00,-0.1115180823907339,6.405876323881099,622.9,585.4
2026-03-03 21:00:00,-0.07371143151083416,6.460961472894633,624.5,586.6
2026-03-03 21:15:00,-0.21850085112148818,6.250000000000022,625.6,588.8
2026-03-03 21:30:00,-0.4309714361306982,5.940425531914895,622.4,587.5
2026-03-03 21:45:00,-0.464641644240848,5.89136727396562,621.9,587.3
2026-03-03 22:00:00,-0.3012601714067357,6.129417790677816,621.6,585.7
2026-03-03 22:15:00,-0.33926163361541917,6.074048797133602,621.7,586.1
2026-03-03 22:30:00,-0.04585564424356666,6.501547987616108,619.2,581.4
2026-03-03 22:45:00,0.07850343532318069,6.68274199104375,619.4,580.6
2026-03-03 23:00:00,0.15087873359403872,6.788194444444451,615.1,576.0
2026-03-03 23:15:00,-0.1181209126451417,6.396255850234001,613.8,576.9
2026-03-03 23:30:00,-0.29665388537972676,6.136129254039191,617.5,581.8
2026-03-04 06:45:00,-0.3716997572247175,6.026785714285721,617.5,582.4
2026-03-04 07:00:00,-0.48112754729845053,5.867346938775508,622.5,588.0
2026-03-04 07:15:00,-0.06640940699010686,6.471600688468171,618.6,581.0
2026-03-04 07:30:00,-0.17097099659640946,6.319252077562321,614.1,577.6
2026-03-04 07:45:00,-0.16585445089104395,6.326707000864307,615.1,578.5
2026-03-04 08:00:00,-0.2892612418550668,6.146900503559638,611.3,575.9
2026-03-04 08:15:00,-0.2570921326589266,6.193771626297573,613.8,578.0
2026-03-04 08:30:00,-0.11867463752553621,6.395449060506819,617.2,580.1
2026-03-04 08:45:00,-0.3470549452542853,6.062693765070604,615.8,580.6
2026-03-04 09:00:00,-0.27814979859654854,6.163090128755355,618.4,582.5
2026-03-04 09:15:00,-0.3014868704522033,6.12908748501968,619.9,584.1
2026-03-04 09:30:00,-0.2565652892249728,6.194539249146747,622.3,586.0
2026-03-04 09:45:00,-0.3079585371469099,6.119658119658111,620.8,585.0
2026-03-04 10:00:00,-0.20446091691876955,6.270456503014632,616.9,580.5
2026-03-04 10:15:00,-0.22587377888170138,6.239257476796167,618.1,581.8
2026-03-04 10:30:00,-0.15733708926205509,6.33911699020786,619.0,582.1
2026-03-04 10:45:00,-0.12396488702475442,6.387741046831952,617.9,580.8
2026-03-04 11:00:00,0.014312607017674523,6.5892144962719,614.7,576.7
2026-03-04 11:15:00,0.0722291929100505,6.673600277344427,615.4,576.9
2026-03-04 11:30:00,0.1644165953247547,6.807919416464059,615.0,575.8
2026-03-04 11:45:00,0.2096370395679294,6.873806630793267,615.7,576.1
2026-03-04 12:00:00,0.09602295610445334,6.708268330733236,615.6,576.9
2026-03-04 12:15:00,0.1476455976081903,6.783483691880643,615.5,576.4
2026-03-04 12:30:00,0.17552279833168088,6.824101406494187,615.2,575.9
2026-03-04 12:45:00,0.16036272857364015,6.802012840534455,615.5,576.3
2026-03-04 13:00:00,0.03954647807764214,6.625980819529209,611.5,573.5
2026-03-04 13:15:00,0.11861165619609437,6.74118057981139,611.2,572.6
2026-03-04 13:30:00,0.25407882533250065,6.93855932203391,605.7,566.4
2026-03-04 13:45:00,0.16981169848003705,6.815780204297295,606.5,567.8
2026-03-04 14:00:00,-0.16711066133634836,6.324876673713886,603.5,567.6
2026-03-04 14:15:00,-0.24808408816211638,6.20689655172415,600.6,565.5
2026-03-04 14:30:00,0.08196528925411613,6.687785990848294,606.2,568.2
2026-03-04 14:45:00,-0.15578563925187136,6.341377488109923,603.7,567.7
2026-03-04 15:00:00,0.01028624963183735,6.58334800211231,605.5,568.1
2026-03-04 15:15:00,0.12457421721299701,6.749868166637363,607.3,568.9
2026-03-04 15:30:00,0.08439003067581378,6.691318894171516,605.9,567.9
2026-03-04 15:45:00,0.2260805952016228,6.897765264824929,607.5,568.3
2026-03-04 16:00:00,0.3310552177767657,7.050715674147368,605.8,565.9
2026-03-04 16:15:00,0.31722173238304663,7.030559971736428,605.9,566.1
2026-03-04 16:30:00,0.4132961880018404,7.170542635658905,608.3,567.6
2026-03-04 16:45:00,0.47726851087053096,7.263751763046522,608.4,567.2
2026-03-04 17:00:00,0.23024944939077827,6.903839380063404,607.0,567.8
2026-03-04 17:15:00,0.40636956392019774,7.160450387051376,609.1,568.4
2026-03-04 17:30:00,0.43802760777805916,7.206576875983894,612.9,571.7
2026-03-04 17:45:00,0.38056746493910704,7.122856142807144,612.1,571.4
2026-03-04 18:00:00,0.3618174598636297,7.095536959553694,614.3,573.6
2026-03-04 18:15:00,0.4584059109806048,7.236268526591116,615.0,573.5
2026-03-04 18:30:00,0.47886249145394294,7.266074228959751,615.6,573.9
2026-03-04 19:00:00,0.16792663881580303,6.81303362955219,613.0,573.9
2026-03-04 19:15:00,0.1297879139324228,6.757464641173372,611.4,572.7
2026-03-04 19:30:00,0.22814194151484812,6.900768693221515,611.9,572.4
2026-03-04 19:45:00,0.2794491597650411,6.975524475524475,611.9,572.0
2026-03-04 20:00:00,0.3522916460366356,7.081657632453231,612.4,571.9
2026-03-04 20:15:00,0.33761010445991246,7.060266292922224,611.1,570.8
2026-03-04 20:30:00,0.46725940726103254,7.249168271756257,612.5,571.1
2026-03-04 20:45:00,0.4775311472707833,7.264134430246805,612.8,571.3
2026-03-04 21:00:00,0.5165096309692073,7.320926966292118,611.3,569.6
2026-03-04 21:15:00,0.5035804244065974,7.302088818676489,611.3,569.7
2026-03-04 21:30:00,0.35815940477563857,7.090207090207112,610.2,569.8
2026-03-04 21:45:00,0.16461738186378477,6.808211967011779,608.7,569.9
2026-03-04 22:00:00,0.0779022236120327,6.681866011925619,608.3,570.2
2026-03-04 22:15:00,0.11657458882840668,6.738212526389886,606.7,568.4
2026-03-04 22:30:00,0.1374549757174805,6.768635724331928,607.3,568.8
2026-03-04 22:45:00,0.17447710601471927,6.822577809038144,607.5,568.7
2026-03-04 23:00:00,0.20570915341233142,6.868083611452658,608.4,569.3
2026-03-04 23:15:00,0.1437964039088999,6.777875329236172,608.1,569.5
2026-03-04 23:30:00,0.3658577817559496,7.101423800316398,609.3,568.9
2026-03-05 06:45:00,0.4234347050816374,7.185314685314692,613.1,572.0
2026-03-05 07:00:00,0.45872045660093846,7.236726826704043,612.0,570.7
2026-03-05 07:15:00,0.3822791728126843,7.125350140056019,611.9,571.2
2026-03-05 07:30:00,0.23228271102309697,6.906801888442038,611.4,571.9
2026-03-05 07:45:00,0.3076563018083306,7.016622922134741,611.6,571.5
2026-03-05 08:00:00,0.19430289586791752,6.851464435146437,612.9,573.6
2026-03-05 08:15:00,0.16410867035255033,6.807470762785828,611.9,572.9
2026-03-05 08:30:00,0.29588807500898506,6.999476348402878,613.0,572.9
2026-03-05 08:45:00,0.3103912159145344,7.020607754104069,612.8,572.6
2026-03-05 09:00:00,0.18427913701769064,6.836859590837574,611.0,571.9
2026-03-05 09:15:00,0.06427857374708683,6.66201604464598,611.6,573.4
2026-03-05 09:30:00,0.11861165619609437,6.74118057981139,611.2,572.6
2026-03-05 09:45:00,0.17965532516076416,6.8301225919439545,610.0,571.0
2026-03-05 10:00:00,0.5223769027495795,7.329475714536215,612.1,570.3
2026-03-05 10:15:00,0.39257885974733914,7.140357017850896,612.2,571.4
2026-03-05 10:30:00,0.47413231825991625,7.259182259182251,619.1,577.2
2026-03-05 10:45:00,0.3662715540214905,7.102026675905071,618.3,577.3
2026-03-05 11:00:00,0.5211314435987501,7.327661052266032,618.1,575.9
2026-03-05 11:15:00,0.5348002838393924,7.347576862949445,618.0,575.7
2026-03-05 11:30:00,0.5824870025708374,7.417057495223189,618.4,575.7
2026-03-05 11:45:00,0.6116661997915056,7.459572248304647,618.0,575.1
2026-03-05 12:00:00,0.5156150642173093,7.319623562216804,615.8,573.8
2026-03-05 12:15:00,0.4241508329460786,7.186358099878198,616.0,574.7
2026-03-05 12:30:00,0.468456789391406,7.250912884715688,616.8,575.1
2026-03-05 12:45:00,0.41131096556940644,7.167650121485591,617.5,576.2
2026-03-05 13:00:00,0.3493345129087666,7.077349022322199,618.8,577.9
2026-03-05 13:15:00,0.44532563722582597,7.217210270645391,618.0,576.4
2026-03-05 13:30:00,0.5533685636994347,7.374631268436582,618.8,576.3
2026-03-05 13:45:00,0.548478624577185,7.367506516072986,617.9,575.5
2026-03-05 14:00:00,0.5202583183095808,7.326388888888902,618.2,576.0
2026-03-05 14:15:00,0.5652778314305147,7.391983342009367,618.9,576.3
2026-03-05 14:30:00,0.6367334378170255,7.496095783446122,619.5,576.3
2026-03-05 14:45:00,0.60721889574199,7.453092425295349,618.5,575.6
2026-03-05 15:00:00,0.6376263228673246,7.497396737244011,619.4,576.2
2026-03-05 15:15:00,0.5560047297336631,7.378472222222232,618.5,576.0
2026-03-05 15:30:00,0.4966762211570828,7.292029237730602,616.5,574.6
2026-03-05 15:45:00,0.44962620664693687,7.223476297968401,617.5,575.9
2026-03-05 16:00:00,0.3942947732913833,7.142857142857162,618.0,576.8
2026-03-05 16:15:00,0.5714682617953263,7.401002939650714,621.1,578.3
2026-03-05 16:30:00,0.7194257159850463,7.616580310880838,623.1,579.0
2026-03-05 16:45:00,0.7030718610024269,7.592752372735112,623.5,579.5
2026-03-05 17:00:00,0.6328979711987611,7.490507421470482,622.8,579.4
2026-03-05 17:15:00,0.5890346608422589,7.426597582037986,622.0,579.0
2026-03-05 17:30:00,0.6438543373318223,7.506471095772227,623.0,579.5
2026-03-05 17:45:00,0.6275797282402714,7.482758620689656,623.4,580.0
2026-03-05 18:00:00,0.37407883516640733,7.113402061855667,623.4,582.0
2026-03-05 18:15:00,0.3337094180456069,7.054582904222451,623.7,582.6
2026-03-05 18:30:00,0.2564840329366043,6.9420637641412375,623.9,583.4
2026-03-05 19:00:00,0.25274348605300295,6.936613702374861,625.9,585.3
2026-03-05 19:15:00,0.4387777975596524,7.207669919534321,626.2,584.1
2026-03-05 19:30:00,0.39849704055975854,7.148979941710953,625.0,583.3
2026-03-05 19:45:00,0.3581924107638795,7.090255180681626,625.3,583.9
2026-03-05 20:00:00,0.3153056904050962,7.027768255056555,624.4,583.4
2026-03-05 20:15:00,0.299421122928416,7.004624079465649,624.8,583.9
2026-03-05 20:30:00,0.43134459462310176,7.196839574029545,624.1,582.2
2026-03-05 20:45:00,0.4523657062829393,7.227467811158794,624.6,582.5
2026-03-05 21:00:00,0.5118574830108656,7.314148681055155,626.5,583.8
2026-03-05 21:15:00,0.4026662982150445,7.155054644808745,627.5,585.6
2026-03-05 21:30:00,0.2011309351612325,6.861413043478271,629.2,588.8
2026-03-05 21:45:00,0.2655930669707613,6.955335833617449,627.4,586.6
2026-03-05 22:00:00,0.32409384257103846,7.040572792362765,627.9,586.6
2026-03-05 22:15:00,0.31321559093086515,7.024722932651328,627.7,586.5
2026-03-05 22:30:00,0.8204773042998067,7.763814770184196,626.0,580.9
2026-03-05 22:45:00,0.8767711630562093,7.845836200963507,626.8,581.2
2026-03-05 23:00:00,0.669556741680747,7.5439200826730834,624.4,580.6
2026-03-05 23:15:00,0.6266944239909601,7.481468712290984,623.5,580.1
2026-03-05 23:30:00,0.6173208202879898,7.467811158798288,626.0,582.5
2026-03-06 06:45:00,0.40268636006866754,7.155083875385127,626.0,584.2
2026-03-06 07:00:00,0.4246395359858105,7.187070151306729,623.4,581.6
2026-03-06 07:15:00,0.4982766485150775,7.29436109674082,622.2,579.9
2026-03-06 07:30:00,0.6078080016975835,7.453950766052686,624.2,580.9
2026-03-06 07:45:00,0.5898499106555762,7.427785419532307,624.8,581.6
2026-03-06 08:00:00,0.5063825409336755,7.306171566099362,624.2,581.7
2026-03-06 08:15:00,0.5277039481549402,7.337237340682057,623.2,580.6
2026-03-06 08:30:00,0.5653761028506835,7.3921265257005375,624.7,581.7
2026-03-06 08:45:00,0.4489617358397921,7.2225081489106335,625.0,582.9
2026-03-06 09:00:00,0.4815075614390851,7.269928156004113,627.1,584.6
2026-03-06 09:15:00,0.41433851432839025,7.172061328790469,629.1,587.0
2026-03-06 09:30:00,0.5081475122533133,7.30874316939889,628.4,585.6
2026-03-06 09:45:00,0.3608543572251923,7.094133697135074,628.0,586.4
2026-03-06 10:00:00,0.3658413062650384,7.101399795151941,627.4,585.8
2026-03-06 10:15:00,0.36750589353562163,7.10382513661203,627.2,585.6
2026-03-06 10:30:00,0.35836470770451273,7.090506221237414,628.3,586.7
2026-03-06 10:45:00,0.5007039946900008,7.297897795248653,627.8,585.1
2026-03-06 11:00:00,0.5562801258155118,7.378873480568404,627.2,584.1
2026-03-06 11:15:00,0.5488587141987907,7.36806031528443,626.6,583.6
2026-03-06 11:30:00,0.581549595892397,7.415691672401903,624.3,581.2
2026-03-06 11:45:00,0.507244723320701,7.307427785419529,624.1,581.6
2026-03-06 12:00:00,0.5155904020411323,7.319587628865976,624.6,582.0
2026-03-06 12:15:00,0.588912959278749,7.426420260095812,627.8,584.4
2026-03-06 12:30:00,0.3817610294820063,7.124595193454919,628.5,586.7
2026-03-06 12:45:00,0.3050091469939452,7.01276595744682,628.7,587.5
2026-03-06 13:00:00,0.3817610294820063,7.124595193454919,628.5,586.7
2026-03-06 13:15:00,0.4719510404627482,7.256004087889623,629.7,587.1
2026-03-06 13:30:00,0.3734407448954828,7.112472349838339,629.5,587.7
2026-03-06 13:45:00,0.4711029441986965,7.254768392370559,629.8,587.2
2026-03-06 14:00:00,0.46753893620931775,7.249575551782694,631.7,589.0
2026-03-06 14:15:00,0.5059014517437362,7.305470608222908,631.6,588.6
2026-03-06 14:30:00,0.34360071248217,7.068994744872015,631.6,589.9
2026-03-06 14:45:00,0.24603943722797275,6.926845750971444,632.9,591.9
2026-03-06 15:00:00,0.20124913463906483,6.861585262802072,632.3,591.7
2026-03-06 15:15:00,0.2660039452866475,6.9559344926557465,633.5,592.3
2026-03-06 15:30:00,0.11914096519497766,6.741951795044665,633.3,593.3
2026-03-06 15:45:00,0.19013288594694452,6.845388635980454,633.7,593.1
2026-03-06 16:00:00,0.27003746519818744,6.961811422777964,633.0,591.8
2026-03-06 16:15:00,0.26519805835766996,6.954760297096563,633.6,592.4
2026-03-06 16:30:00,0.11823286819363212,6.7406286770886,635.0,594.9
2026-03-06 16:45:00,0.15865941009392695,6.799531066822984,637.7,597.1
2026-03-06 17:00:00,0.32734042125692875,7.04530313124585,642.7,600.4
2026-03-06 17:15:00,0.6791167115901495,7.557849175961384,646.1,600.7
2026-03-06 17:30:00,0.5470596881591666,7.365439093484416,644.3,600.1
2026-03-06 17:45:00,0.5597995286624877,7.384001330450696,645.7,601.3
2026-03-06 18:00:00,0.5356227426610419,7.34877520413264,644.2,600.1
2026-03-06 18:15:00,0.5724734276721811,7.402467489163067,644.2,599.8
2026-03-06 18:30:00,0.6739598904730865,7.550335570469802,641.0,596.0
2026-03-06 19:00:00,0.6333744135851781,7.491201608848663,641.4,596.7
2026-03-06 19:15:00,0.5813954125496728,7.415467023769673,641.7,597.4
2026-03-06 19:30:00,0.6259476859096412,7.480380697946254,643.7,598.9
2026-03-06 19:45:00,0.5627215893407957,7.388258839226136,643.9,599.6
2026-03-06 20:00:00,0.6170550938263463,7.467423989308375,643.3,598.6
2026-03-06 20:15:00,0.7052962254140919,7.595993322203665,644.5,599.0
2026-03-06 20:30:00,0.6076543303655826,7.453726863431709,644.4,599.7
2026-03-06 20:45:00,0.6554060912835473,7.523302263648479,646.0,600.8
2026-03-06 21:00:00,0.6955757215665078,7.581830327321315,644.2,598.8
2026-03-06 21:15:00,0.7035561164530051,7.59345794392523,644.7,599.2
2026-03-06 21:30:00,0.6921019926321998,7.576769025367147,644.6,599.2
2026-03-06 21:45:00,0.6525720888158403,7.519173057685902,644.9,599.8
2026-03-06 22:00:00,0.7079085687149628,7.59979956572574,644.2,598.7
2026-03-06 22:15:00,0.6999244144827649,7.588166471669755,643.7,598.3
2026-03-06 22:30:00,0.7960743113807999,7.728259055249542,645.4,599.1
2026-03-06 22:45:00,0.7264643640946006,7.6268357810413745,644.9,599.2
2026-03-06 23:00:00,0.5809579695053244,7.414829659318656,643.2,598.8
2026-03-06 23:15:00,0.5605738199156833,7.38512949039265,642.7,598.5
2026-03-06 23:30:00,0.4850944586707548,7.275154346737866,642.9,599.3
2026-03-09 06:45:00,0.7408629927536643,7.647814910025708,670.0,622.4
2026-03-09 07:00:00,1.2866948129061122,8.443104269163616,683.3,630.1
2026-03-09 07:15:00,1.1275247781050093,8.211189913317574,686.6,634.5
2026-03-09 07:30:00,1.2247500457197524,8.352849336455904,694.0,640.5
2026-03-09 07:45:00,1.4100586627719858,8.622848200312983,694.1,639.0
2026-03-09 08:00:00,0.7127298136812241,7.606824229143849,687.5,638.9
2026-03-09 08:15:00,0.3133976611576691,7.024988213107042,681.0,636.3
2026-03-09 08:30:00,0.48164203378673554,7.270124085268836,674.3,628.6
2026-03-09 08:45:00,0.7052686247679442,7.595953107435349,670.0,622.7
2026-03-09 09:00:00,0.8076529204520181,7.745129351644842,674.7,626.2
2026-03-09 09:15:00,0.7604917770727398,7.676414494596306,677.5,629.2
2026-03-09 09:30:00,0.5702373588935377,7.399209486165992,679.3,632.5
2026-03-09 09:45:00,0.5508277937927083,7.3709293089753825,675.9,629.5
2026-03-09 10:00:00,0.29712513463765866,7.001278772378505,669.4,625.6
2026-03-09 10:15:00,0.2248672738555561,6.895997428066214,665.0,622.1
2026-03-09 10:30:00,0.25949747240750537,6.946454413892922,665.1,621.9
2026-03-09 10:45:00,0.3399902003782385,7.063734146733025,666.9,622.9
2026-03-09 11:00:00,0.18299953065046207,6.834995175297531,664.3,621.8
2026-03-09 11:15:00,0.29591692381106643,6.999518381762737,666.5,622.9
2026-03-09 11:30:00,0.2164724092831211,6.883765919716267,663.0,620.3
2026-03-09 11:45:00,0.25318530221052227,6.937257438551092,661.3,618.4
2026-03-09 12:00:00,-0.10793772541177915,6.411092985318101,652.3,613.0
2026-03-09 12:15:00,-0.15326291956096016,6.345053147996715,650.3,611.5
2026-03-09 12:30:00,0.14962065147011955,6.786361390215778,648.3,607.1
2026-03-09 12:45:00,-0.13296187380071103,6.374632232755806,650.8,611.8
2026-03-09 13:00:00,-0.146318912679801,6.355170723737946,651.0,612.1
2026-03-09 13:15:00,-0.14275305974542396,6.360366252452576,650.5,611.6
2026-03-09 13:30:00,-0.18217225058627423,6.30293159609121,652.7,614.0
2026-03-09 13:45:00,-0.17652854807952698,6.31115459882583,651.9,613.2
2026-03-09 14:00:00,-0.2415969172398569,6.216348507097402,651.0,612.9
2026-03-09 14:15:00,-0.13439164777071713,6.372549019607843,651.0,612.0
2026-03-09 14:30:00,-0.1513013309508941,6.347911227154057,651.7,612.8
2026-03-09 14:45:00,-0.04948818623134322,6.496255291436004,654.1,614.2
2026-03-09 15:00:00,0.09048175768369798,6.700194678780025,657.7,616.4
2026-03-09 15:15:00,0.12013106387663106,6.743394391311397,658.5,616.9
2026-03-09 15:30:00,0.22028375377433276,6.889319135204919,662.5,619.8
2026-03-09 15:45:00,0.2946981932513594,6.997742663656892,663.6,620.2
2026-03-09 16:00:00,0.27977198864194214,6.975994844530353,664.0,620.7
2026-03-09 16:15:00,0.14913710911076997,6.785656858015776,664.1,621.9
2026-03-09 16:30:00,0.48762087062636034,7.278835386338178,670.6,625.1
2026-03-09 16:45:00,0.607236096216056,7.453117486776728,670.4,623.9
2026-03-09 17:00:00,0.48283037253529976,7.271855521815573,671.2,625.7
2026-03-09 17:15:00,0.4475473003969028,7.220447284345055,671.2,626.0
2026-03-09 17:30:00,0.5974162792557648,7.43880979043352,671.6,625.1
2026-03-09 17:45:00,0.5417107392409832,7.357645553422909,671.2,625.2
2026-03-09 18:00:00,0.47800139209004494,7.264819587628879,665.9,620.8
2026-03-09 18:15:00,0.36738479430520987,7.10364869228286,663.4,619.4
2026-03-09 18:30:00,0.14352025279580083,6.77747297079232,661.7,619.7
2026-03-09 19:00:00,0.47922506194917064,7.266602502406161,668.7,623.4
2026-03-09 19:15:00,0.5477149585078722,7.366393837265273,669.0,623.1
2026-03-09 19:30:00,0.5332793479004729,7.345360824742264,666.4,620.8
2026-03-09 19:45:00,0.5844557203166474,7.41992596169323,667.4,621.3
2026-03-09 20:00:00,0.6584563099531753,7.527746501528054,668.5,621.7
2026-03-09 20:15:00,0.6278158609337379,7.483102671387187,667.9,621.4
2026-03-09 20:30:00,0.6914078033097286,7.575757575757569,667.4,620.4
2026-03-09 20:45:00,0.7339687900461694,7.63776990009668,668.0,620.6
2026-03-09 21:00:00,0.6141353275570098,7.463169823538918,663.8,617.7
2026-03-09 21:15:00,0.6799618821144725,7.559080608611213,664.5,617.8
2026-03-09 21:30:00,0.7731102767353202,7.694799935201679,664.8,617.3
2026-03-09 21:45:00,0.7867694090143268,7.7147016011644975,666.0,618.3
2026-03-09 22:00:00,0.8219005397429071,7.765888456549952,664.7,616.8
2026-03-09 22:15:00,0.5934206002671674,7.43298799539549,653.3,608.1
2026-03-09 22:30:00,0.7583597515363326,7.673308084966246,653.9,607.3
2026-03-09 22:45:00,0.7356037964470629,7.640152141557777,650.9,604.7
2026-03-09 23:00:00,0.6006164557145901,7.443472520217864,651.0,605.9
2026-03-09 23:15:00,0.5737585241546933,7.404339903925772,648.4,603.7
2026-03-09 23:30:00,0.8101094346160173,7.748708548575234,646.6,600.1
2026-03-10 06:45:00,0.7521316342623964,7.664233576642343,649.0,602.8
2026-03-10 07:00:00,0.8275270286902329,7.7740863787375325,648.8,602.0
2026-03-10 07:15:00,0.6815139542880859,7.561342013019523,644.4,599.1
2026-03-10 07:30:00,1.0058440337223835,8.03389830508474,637.4,590.0
2026-03-10 07:45:00,0.9408422220920409,7.939189189189189,639.0,592.0
2026-03-10 08:00:00,1.3764423632982716,8.573868488471392,635.7,585.5
2026-03-10 08:15:00,1.319927757150277,8.491525423728818,640.1,590.0
2026-03-10 08:30:00,1.1145785898235736,8.192327022951918,645.8,596.9
2026-03-10 08:45:00,1.2190223964958333,8.34450402144773,646.6,596.8
2026-03-10 09:00:00,0.9875849666884494,8.007294429708223,651.5,603.2
2026-03-10 09:15:00,0.9357548580516105,7.9317767842358,651.8,603.9
2026-03-10 09:30:00,0.8288042242754007,7.775947281713358,654.2,607.0
2026-03-10 09:45:00,0.8202353064148289,7.76346217376942,652.4,605.4
2026-03-10 10:00:00,0.8266408640579915,7.7727952167413905,648.9,602.1
2026-03-10 10:15:00,0.7492766167326704,7.660073751257101,642.3,596.6
2026-03-10 10:30:00,0.9316534995893331,7.925801011804379,640.0,593.0
2026-03-10 10:45:00,0.7687351682892806,7.688425302826385,640.1,594.4
2026-03-10 11:00:00,0.9072946096100827,7.8903095558546354,641.3,594.4
2026-03-10 11:15:00,0.8683442185918979,7.833557951482484,640.1,593.6
2026-03-10 11:30:00,0.8398143117403002,7.7919892292157344,640.5,594.2
2026-03-10 11:45:00,0.8087419318703684,7.746716066015491,639.8,593.8
2026-03-10 12:00:00,0.5348852508420651,7.347700661802148,632.6,589.3
2026-03-10 12:15:00,0.5391676518889816,7.353940217391308,632.1,588.8
2026-03-10 12:30:00,0.7561021779217052,7.670018748934715,631.7,586.7
2026-03-10 12:45:00,0.5771568110951442,7.409291285181418,633.5,589.8
2026-03-10 13:00:00,0.6487255210123137,7.5135685210312,633.9,589.6
2026-03-10 13:15:00,0.5853827024699847,7.421276595744675,631.1,587.5
2026-03-10 13:30:00,0.5857934059203932,7.421875,632.5,588.8
2026-03-10 13:45:00,0.5590381998137668,7.382892057026469,632.7,589.2
2026-03-10 14:00:00,0.6125849889217883,7.460910944935417,632.3,588.4
2026-03-10 14:15:00,0.618150856084875,7.469020539806492,633.1,589.1
2026-03-10 14:30:00,0.4175839181621749,7.176789955887353,631.7,589.4
2026-03-10 14:45:00,0.3768899271542048,7.117497886728663,633.6,591.5
2026-03-10 15:00:00,0.5028311624048734,7.300997126922404,634.9,591.7
2026-03-10 15:15:00,0.45489979355507076,7.23116003386961,633.2,590.5
2026-03-10 15:30:00,0.6857867459850542,7.567567567567557,636.8,592.0
2026-03-10 15:45:00,0.6977038412818687,7.5849310460814,639.7,594.6
2026-03-10 16:00:00,0.8855170030486227,7.858579088471873,643.7,596.8
2026-03-10 16:15:00,0.7882274746418434,7.716826035900026,642.1,596.1
2026-03-10 16:30:00,0.8441588552132939,7.798319327731096,641.4,595.0
2026-03-10 16:45:00,0.893022000827656,7.869514040692782,641.5,594.7
2026-03-10 17:00:00,0.7651729338458862,7.683235046335302,639.1,593.5
2026-03-10 17:15:00,0.8411725041407493,7.793968146391061,636.2,590.2
2026-03-10 17:30:00,0.6623604400397868,7.533434907736591,635.2,590.7
2026-03-10 17:45:00,0.9094134173403556,7.893396706840949,635.6,589.1
2026-03-10 18:00:00,0.7866843420570978,7.714577656675736,632.5,587.2
2026-03-10 18:15:00,0.7435089123569317,7.651670074982975,631.7,586.8
2026-03-10 18:30:00,0.6770753983394758,7.554874936191935,632.1,587.7
2026-03-10 19:00:00,0.7176829339108183,7.614041037815844,634.6,589.7
2026-03-10 19:15:00,0.7203428014825418,7.617916525279944,634.3,589.4
2026-03-10 19:30:00,0.70944680870371,7.602040816326538,632.7,588.0
2026-03-10 19:45:00,0.7082805757232516,7.600341588386006,630.0,585.5
2026-03-10 20:00:00,0.5667059628671318,7.394064161948877,626.0,582.9
2026-03-10 20:15:00,0.52133392110168,7.327956066586561,625.4,582.7
2026-03-10 20:30:00,0.3099296575092015,7.019935253024379,628.1,586.9
2026-03-10 20:45:00,0.34821203961478203,7.075713553238749,626.5,585.1
2026-03-10 21:00:00,0.5801664318810611,7.4136763710223486,634.6,590.8
2026-03-10 21:15:00,0.589721248402266,7.427597955706999,630.6,587.0
2026-03-10 21:30:00,0.5724112603872644,7.402376910016972,632.6,589.0
2026-03-10 21:45:00,0.4666943242320061,7.248344932948547,631.8,589.1
2026-03-10 22:00:00,0.6559868548911769,7.524148449415358,634.5,590.1
2026-03-10 22:15:00,0.6972172759637139,7.58422210936176,635.5,590.7
2026-03-10 22:30:00,0.6757345249268895,7.552921253175282,635.1,590.5
2026-03-10 22:45:00,0.6972172759637139,7.58422210936176,635.5,590.7
2026-03-10 23:00:00,0.5801664318810611,7.4136763710223486,634.6,590.8
2026-03-10 23:15:00,0.41003669232309553,7.165793476423854,634.1,591.7
2026-03-10 23:30:00,0.3231260714689418,7.039162727886561,634.1,592.4
2026-03-11 06:45:00,0.3401847843807507,7.064017660044164,630.5,588.9
2026-03-11 07:00:00,0.541072168360327,7.356715141146286,627.5,584.5
2026-03-11 07:15:00,0.4622782632108212,7.241910631741133,626.4,584.1
2026-03-11 07:30:00,0.5158687299048341,7.319993158884896,627.5,584.7
2026-03-11 07:45:00,0.5924040436495,7.431506849315062,627.4,584.0
2026-03-11 08:00:00,0.5324485263613962,7.34415029888984,628.5,585.5
2026-03-11 08:15:00,0.49239237966222843,7.28578758337608,627.3,584.7
2026-03-11 08:30:00,0.6432266255062757,7.505556505385535,628.8,584.9
2026-03-11 08:45:00,0.6162538923337951,7.466256620536482,629.0,585.3
2026-03-11 09:00:00,0.6092594216095467,7.456065517829713,629.8,586.1
2026-03-11 09:15:00,0.5684819818706472,7.396651861974735,628.7,585.4
2026-03-11 09:30:00,0.5032734753073377,7.301641586867302,627.5,584.8
2026-03-11 09:45:00,0.48492391048628736,7.27490585415953,626.7,584.2
2026-03-11 10:00:00,0.48748924400188093,7.278643603356749,626.4,583.9
2026-03-11 10:15:00,0.5793370728578859,7.41246797608881,628.9,585.5
2026-03-11 10:30:00,0.5346966347320272,7.3474258438458895,629.7,586.6
2026-03-11 10:45:00,0.4995961693718548,7.296283668598691,629.4,586.6
2026-03-11 11:00:00,0.4804479202827084,7.268384234772229,628.7,586.1
2026-03-11 11:15:00,0.4727994256863438,7.257240204429305,629.6,587.0
2026-03-11 11:30:00,0.3842865426102613,7.128274923443367,629.7,587.8
2026-03-11 11:45:00,0.4367791598267032,7.204757858963462,630.9,588.5
2026-03-11 12:00:00,0.6467020109424948,7.51062022090061,632.7,588.5
2026-03-11 12:15:00,0.6158846588078434,7.465718638902974,634.8,590.7
2026-03-11 12:30:00,0.7222260473209582,7.620660457239636,635.5,590.5
2026-03-11 12:45:00,0.6179579278590962,7.468739438999661,636.0,591.8
2026-03-11 13:00:00,0.4166951548911602,7.175495007615496,633.3,590.9
2026-03-11 13:15:00,0.4299815338801611,7.194853563568637,633.2,590.7
2026-03-11 13:30:00,0.506753443531962,7.306711979609171,631.5,588.5
2026-03-11 13:45:00,0.4484415404442438,7.22175021240441,631.0,588.5
2026-03-11 14:00:00,0.3567958059637168,7.088220295767478,630.0,588.3
2026-03-11 14:15:00,0.3684621513545474,7.105218425973159,630.1,588.3
2026-03-11 14:30:00,0.42588003436657473,7.188877585622255,632.2,589.8
2026-03-11 14:45:00,0.44339331933158344,7.214394839585814,631.6,589.1
2026-03-11 15:00:00,0.5024963776019564,7.300509337860772,632.0,589.0
2026-03-11 15:15:00,0.549965049080406,7.369672270334515,632.3,588.9
2026-03-11 15:30:00,0.5113141510360316,7.313357034027423,633.9,590.7
2026-03-11 15:45:00,0.4200311517595116,7.180355630821333,632.9,590.5
2026-03-11 16:00:00,0.39927853980640443,7.150118603863076,632.4,590.2
2026-03-11 16:15:00,0.4342597053183054,7.201086956521752,631.2,588.8
2026-03-11 16:30:00,0.4717663016793402,7.255734919286327,631.2,588.5
2026-03-11 16:45:00,0.4634830566802748,7.243666043189934,630.7,588.1
2026-03-11 17:00:00,0.4425529487373205,7.213170400543101,631.7,589.2
2026-03-11 17:15:00,0.5073367602973444,7.307561885384883,632.9,589.8
2026-03-11 17:30:00,0.3127827662435676,7.024092297251428,630.8,589.4
2026-03-11 17:45:00,0.3385387972796055,7.061619419453402,630.7,589.1
2026-03-11 18:00:00,0.3668048761214444,7.102803738317753,630.3,588.5
2026-03-11 18:15:00,0.4184197664805528,7.178007805871389,631.6,589.3
2026-03-11 18:30:00,0.5335049338449399,7.345689508586961,631.3,588.1
2026-03-11 19:00:00,0.4267938783086851,7.190209077001541,630.6,588.3
2026-03-11 19:15:00,0.4325814948166485,7.198641765704572,631.4,589.0
2026-03-11 19:30:00,0.402626460910853,7.154996600951735,630.5,588.4
2026-03-11 19:45:00,0.4558864557450946,7.232597623089987,631.6,589.0
2026-03-11 20:00:00,0.579321129795486,7.412444746684788,631.8,588.2
2026-03-11 20:15:00,0.5534029660021396,7.374681393372984,631.9,588.5
2026-03-11 20:30:00,0.5448169215780188,7.362171331636969,632.9,589.5
2026-03-11 20:45:00,0.5383105899304396,7.352691458651739,632.2,588.9
2026-03-11 21:00:00,0.46094827424723234,7.239972807613881,631.0,588.4
2026-03-11 21:15:00,0.4734592598719922,7.258201597824243,631.0,588.3
2026-03-11 21:30:00,0.5192700875835965,7.324949014276005,631.5,588.4
2026-03-11 21:45:00,0.49254189785756997,7.286005434782616,631.7,588.8
2026-03-11 22:00:00,0.5551236776077911,7.377188509263988,631.7,588.3
2026-03-11 22:15:00,0.4842769995817841,7.27396329027874,631.2,588.4
2026-03-11 22:30:00,0.40429619796726385,7.157429445766739,630.3,588.2
2026-03-11 22:45:00,0.4418257827712581,7.21211090321483,630.3,587.9
2026-03-11 23:00:00,0.4717663016793402,7.255734919286327,631.2,588.5
2026-03-11 23:15:00,0.5235457639823049,7.331178771899993,631.0,587.9
2026-03-11 23:30:00,0.4736481000171855,7.258476742204811,629.5,586.9
2026-03-12 06:45:00,1.0305418109513207,8.069883527454236,649.5,601.0
2026-03-12 07:00:00,0.7926273286142053,7.723236723069204,643.0,596.9
2026-03-12 07:15:00,0.6235923145637204,7.476948868399003,641.1,596.5
2026-03-12 07:30:00,0.7634487639015397,7.680722891566272,643.5,597.6
2026-03-12 07:45:00,0.7208997243125643,7.618727974492367,641.3,595.9
2026-03-12 08:00:00,0.4924575588274841,7.285882550900236,637.6,594.3
2026-03-12 08:15:00,0.7118802559081826,7.605586404172993,639.5,594.3
2026-03-12 08:30:00,0.6434557003498433,7.505890272635463,638.8,594.2
2026-03-12 08:45:00,0.621217913117715,7.473489311563708,638.5,594.1
2026-03-12 09:00:00,0.5437520857639662,7.360619841670868,637.4,593.7
2026-03-12 09:15:00,0.46383186542332216,7.244174265450853,635.1,592.2
2026-03-12 09:30:00,0.4166422078470392,7.175417862569655,634.8,592.3
2026-03-12 09:45:00,0.46315520561666673,7.243188356743957,633.7,590.9
2026-03-12 10:00:00,0.29266138471521935,6.994774987358832,634.8,593.3
2026-03-12 10:15:00,0.4407626879387913,7.210561949898442,633.4,590.8
2026-03-12 10:30:00,0.3818795318715677,7.124767854127989,634.5,592.3
2026-03-12 10:45:00,0.3818795318715677,7.124767854127989,634.5,592.3
2026-03-12 11:00:00,0.36460346443691044,7.099596231493943,636.6,594.4
2026-03-12 11:15:00,0.461993313138941,7.24149545301449,636.8,593.8
2026-03-12 11:30:00,0.39760048131246856,7.147673634524598,635.6,593.2
2026-03-12 11:45:00,0.30828836986500174,7.017543859649122,634.4,592.8
2026-03-12 12:00:00,0.3050406567214409,7.0128118678354445,634.8,593.2
2026-03-12 12:15:00,0.33893349658729593,7.062194505309294,635.2,593.3
2026-03-12 12:30:00,0.5282662863209043,7.338056680161942,636.3,592.8
2026-03-12 12:45:00,0.5904555877243965,7.428667904777986,636.3,592.3
2026-03-12 13:00:00,0.5762927987666713,7.408032399594999,636.5,592.6
2026-03-12 13:15:00,0.6093107818572991,7.456140350877205,637.0,592.8
2026-03-12 13:30:00,0.48616755979798215,7.276717879452987,635.4,592.3
2026-03-12 13:45:00,0.5144304711651032,7.317897583234734,635.0,591.7
2026-03-12 14:00:00,0.5556929117489251,7.37801789633632,636.0,592.3
2026-03-12 14:15:00,0.6119018608466016,7.459915611814361,636.7,592.5
2026-03-12 14:30:00,0.6982596243263767,7.585740834600441,636.8,591.9
2026-03-12 14:45:00,0.7026613235539091,7.592154210348312,636.3,591.4
2026-03-12 15:00:00,0.7080924988816133,7.600067556156054,637.1,592.1
2026-03-12 15:15:00,0.7402077658701449,7.646860229574615,637.7,592.4
2026-03-12 15:30:00,0.7473576596118872,7.657277787147909,638.3,592.9
2026-03-12 15:45:00,0.7749645737369081,7.697501688048614,638.0,592.4
2026-03-12 16:00:00,0.741160221072245,7.648247978436662,639.0,593.6
2026-03-12 16:15:00,0.6637099770116541,7.535401213755888,637.9,593.2
2026-03-12 16:30:00,0.5929613217810288,7.432318816209849,638.9,594.7
2026-03-12 16:45:00,0.6515328961528721,7.51765893037335,639.3,594.6
2026-03-12 17:00:00,0.5805648622184915,7.414256893073312,638.9,594.8
2026-03-12 17:15:00,0.5467981403892429,7.365058012443248,638.5,594.7
2026-03-12 17:30:00,0.5386518108444628,7.353188625273432,638.0,594.3
2026-03-12 17:45:00,0.39347098485324417,7.141656864392543,637.6,595.1
2026-03-12 18:00:00,0.42157146269366774,7.182599898836628,635.7,593.1
2026-03-12 18:15:00,0.43554658240700933,7.20296196566812,637.0,594.2
2026-03-12 18:30:00,0.20894237471243735,6.872794488321277,636.0,595.1
2026-03-12 19:00:00,0.3307776767680204,7.050311290593991,636.2,594.3
2026-03-12 19:15:00,0.32004151688320825,7.034668461797367,636.0,594.2
2026-03-12 19:30:00,0.31498452058677906,7.027300303336714,635.1,593.4
2026-03-12 19:45:00,0.31661063479532314,7.029669588671594,634.9,593.2
2026-03-12 20:00:00,0.3397505909430877,7.063385030343894,635.1,593.2
2026-03-12 20:15:00,0.33893349658729593,7.062194505309294,635.2,593.3
2026-03-12 20:30:00,0.3744605251647193,7.113958192852321,635.4,593.2
2026-03-12 20:45:00,0.4348101864756934,7.20188902007084,635.6,592.9
2026-03-12 21:00:00,0.43397664846414336,7.200674536256324,635.7,593.0
2026-03-12 21:15:00,0.5471580000115951,7.365582336086307,637.0,593.3
2026-03-12 21:30:00,0.4454298052073784,7.217362045760423,637.3,594.4
2026-03-12 21:45:00,0.41984939156182255,7.180090802085082,637.4,594.7
2026-03-12 22:00:00,0.40417857368510857,7.157258064516103,637.8,595.2
2026-03-12 22:15:00,0.4165370611208355,7.175264661401437,637.8,595.1
2026-03-12 22:30:00,0.34163425638982825,7.066129573682445,637.9,595.8
2026-03-12 22:45:00,0.3218379174655871,7.037285858246545,637.3,595.4
2026-03-12 23:00:00,0.2419451136019674,6.92088022845625,636.5,595.3
2026-03-12 23:15:00,0.22643937566770034,6.898288016112786,636.9,595.8
2026-03-12 23:30:00,0.3325521411087121,7.052896725440805,637.5,595.5
2026-03-13 06:45:00,0.14716500213307354,6.782783453357899,637.6,597.1
2026-03-13 07:00:00,0.29266138471521935,6.994774987358832,634.8,593.3
2026-03-13 07:15:00,0.3802620733553428,7.12241118033341,636.2,593.9
2026-03-13 07:30:00,0.3563303305668088,7.087542087542098,636.1,594.0
2026-03-13 07:45:00,0.3340367088601371,7.055059774372796,635.8,593.9
2026-03-13 08:00:00,0.32085419349301353,7.035852550075727,635.9,594.1
2026-03-13 08:15:00,0.3431425299879771,7.0683271625715305,636.2,594.2
2026-03-13 08:30:00,0.3159822334303018,7.028753993610226,636.5,594.7
2026-03-13 08:45:00,0.3431425299879771,7.0683271625715305,636.2,594.2
2026-03-13 09:00:00,0.32573600419109416,7.042965459140693,635.3,593.5
2026-03-13 09:15:00,0.5446031339964137,7.361859838274931,637.3,593.6
2026-03-13 09:30:00,0.4661818042354762,7.2475981796730204,636.3,593.3
2026-03-13 09:45:00,0.48426914346952893,7.273951843744753,637.1,593.9
2026-03-13 10:00:00,0.5090713834222629,7.310089270675424,637.1,593.7
2026-03-13 10:15:00,0.4635046320485956,7.243697478991606,638.1,595.0
2026-03-13 10:30:00,0.45668253947405235,7.233757535164087,640.4,597.2
2026-03-13 10:45:00,0.5093737637914447,7.31052984574112,640.0,596.4
2026-03-13 11:00:00,0.4683486251841689,7.25075528700907,639.0,595.8
2026-03-13 11:15:00,0.5301741995008421,7.3408365529984865,639.0,595.3
2026-03-13 11:30:00,0.457811869814731,7.23540299512031,637.3,594.3
2026-03-13 11:45:00,0.45196965558904945,7.226890756302517,638.0,595.0
2026-03-13 12:00:00,0.5211795143462776,7.327731092436984,638.6,595.0
2026-03-13 12:15:00,0.4429309822577228,7.213721203968393,637.6,594.7
2026-03-13 12:30:00,0.5891344733404633,7.426743011114856,637.9,593.8
2026-03-13 12:45:00,0.5321918516500593,7.343776318005712,637.3,593.7
2026-03-13 13:00:00,0.582720130494524,7.417397167902906,637.2,593.2
2026-03-13 13:15:00,0.6414381106030563,7.502950598549996,637.6,593.1
2026-03-13 13:30:00,0.568137503621261,7.396149949341435,636.0,592.2
2026-03-13 13:45:00,0.6588615866058088,7.528336998815766,635.6,591.1
2026-03-13 14:00:00,0.6252182636998833,7.479317913219674,636.6,592.3
2026-03-13 14:15:00,0.6072249412468963,7.453101233733306,635.8,591.7
2026-03-13 14:30:00,0.5982145887875672,7.439972945552919,635.4,591.4
2026-03-13 14:45:00,0.5750042032839398,7.406154886709504,635.2,591.4
2026-03-13 15:00:00,0.6111988695405752,7.458891337514828,633.9,589.9
2026-03-13 15:15:00,0.6341658433979356,7.492354740061158,632.7,588.6
2026-03-13 15:30:00,0.4717663016793402,7.255734919286327,631.2,588.5
2026-03-13 15:45:00,0.402626460910853,7.154996600951735,630.5,588.4
2026-03-13 16:00:00,0.45603320243575873,7.232811436351261,630.1,587.6
2026-03-13 16:15:00,0.5823650416533813,7.416879795396425,630.0,586.5
2026-03-13 16:30:00,0.6715665243033918,7.5468483816013565,631.3,587.0
2026-03-13 16:45:00,0.6411644634257153,7.502551888397413,631.9,587.8
2026-03-13 17:00:00,0.6259944449496918,7.48044882692962,632.2,588.2
2026-03-13 17:15:00,0.5628813802119047,7.388491658154583,630.8,587.4
2026-03-13 17:30:00,0.4666943242320061,7.248344932948547,631.8,589.1
2026-03-13 17:45:00,0.4666943242320061,7.248344932948547,631.8,589.1
2026-03-13 18:00:00,0.4191967289058357,7.179139857771744,633.0,590.6
2026-03-13 18:15:00,0.47392709808816896,7.258883248730963,633.9,591.0
2026-03-13 18:30:00,0.5487391989564067,7.367886178861793,633.9,590.4
2026-03-13 19:00:00,0.4863852309794044,7.277035031308165,633.9,590.9
2026-03-13 19:15:00,0.45574040500757274,7.232384823848248,633.1,590.4
2026-03-13 19:30:00,0.4208658572767448,7.181571815718146,632.8,590.4
2026-03-13 19:45:00,0.5232387024059163,7.330731376209076,632.5,589.3
2026-03-13 20:00:00,0.5892562635872517,7.426920462270581,632.1,588.4
2026-03-13 20:15:00,0.5443161434298507,7.361441686501191,631.5,588.2
2026-03-13 20:30:00,0.6021630312333124,7.445725915875156,633.5,589.6
2026-03-13 20:45:00,0.6103311968131924,7.457627118644061,634.0,590.0
2026-03-13 21:00:00,0.6582364498317297,7.527426160337547,637.1,592.5
2026-03-13 21:15:00,0.5990781580097596,7.4412311855234226,635.3,591.3
2026-03-13 21:30:00,0.5961031239365795,7.436896493308498,634.2,590.3
2026-03-13 21:45:00,0.6684948492998409,7.54237288135593,634.5,590.0
2026-03-13 22:00:00,0.5961031239365795,7.436896493308498,634.2,590.3
2026-03-13 22:15:00,0.5246370771461579,7.332768839966119,633.8,590.5
2026-03-13 22:30:00,0.37023510416566774,7.107801658487056,632.9,590.9
2026-03-13 22:45:00,0.47814555475208986,7.265029635901765,633.4,590.5
2026-03-13 23:00:00,0.38932111925488505,7.135610415962135,633.6,591.4
2026-03-13 23:15:00,0.36858451870595765,7.105396717983425,633.1,591.1
2026-03-13 23:30:00,0.264892245496571,6.954314720812183,632.1,591.0
2026-03-14 09:45:00,0.2824442959606433,6.979888456988337,633.0,591.7
2026-03-14 10:00:00,0.32899603199496014,7.047715393694132,634.9,593.1
2026-03-14 10:15:00,0.30585217432030615,7.013994267408541,634.7,593.1
2026-03-14 10:30:00,0.34968275614503963,7.077856420626905,635.4,593.4
2026-03-14 10:45:00,0.444715320368337,7.216321025122241,635.9,593.1
2026-03-14 11:00:00,0.2276374644641754,6.900033658700777,635.2,594.2
2026-03-14 11:15:00,0.3093017427382179,7.019020366941575,635.8,594.1
2026-03-14 11:30:00,0.2878113443649314,6.987708368412182,635.4,593.9
2026-03-14 11:45:00,0.21688213669985293,6.884362901868357,635.0,594.1
2026-03-14 12:00:00,0.2547462329163886,6.939531750042094,634.9,593.7
2026-03-14 12:15:00,0.2786729573644046,6.974393530997292,635.0,593.6
2026-03-14 12:30:00,0.2687202065090933,6.9598921469497865,634.7,593.4
2026-03-14 12:45:00,0.2300296387459357,6.903519110961431,634.9,593.9
2026-03-14 13:00:00,0.2292319788367216,6.902356902356899,635.0,594.0
2026-03-14 13:15:00,0.17985754267582565,6.830417227456254,635.0,594.4
2026-03-14 13:30:00,0.21688213669985293,6.884362901868357,635.0,594.1
2026-03-14 13:45:00,0.15597963727075545,6.795626576955427,634.9,594.5
2026-03-14 14:00:00,0.18064635771279758,6.831566548881041,634.9,594.3
2026-03-14 14:15:00,0.18064635771279758,6.831566548881041,634.9,594.3
2026-03-14 14:30:00,0.2292319788367216,6.902356902356899,635.0,594.0
2026-03-14 14:45:00,0.16752431514025998,6.812447434819169,635.0,594.5
2026-03-14 15:00:00,0.16359524410063997,6.806722689075628,635.5,595.0
2026-03-14 15:15:00,0.15049436357872126,6.78763440860215,635.6,595.2
2026-03-14 15:30:00,0.19978264503120172,6.85944855413585,635.6,594.8
2026-03-14 15:45:00,0.18666519701971582,6.840336134453784,635.7,595.0
2026-03-14 16:00:00,0.2252477044878131,6.896551724137923,635.5,594.5
2026-03-14 16:15:00,0.24913726333624198,6.931359353970401,635.6,594.4
2026-03-14 16:30:00,0.17355656449747958,6.821236559139776,635.8,595.2
2026-03-14 16:45:00,0.19820017347924612,6.8571428571428505,635.8,595.0
2026-03-14 17:00:00,0.1974093365786417,6.855990589816829,635.9,595.1
2026-03-14 17:15:00,0.234399210230049,6.909885675857441,635.9,594.8
2026-03-14 17:30:00,0.18508766495686635,6.8380376344086,635.9,595.2
2026-03-14 17:45:00,0.16202546403810802,6.804435483870974,635.7,595.2
2026-03-14 18:00:00,0.16281022217725472,6.805578894303488,635.6,595.1
2026-03-14 18:15:00,0.234399210230049,6.909885675857441,635.9,594.8
2026-03-14 18:30:00,0.33648386532789365,7.058625336927227,635.5,593.6
2026-03-14 18:45:00,0.2861968412286419,6.985356000673293,635.6,594.1
2026-03-15 09:45:00,0.16909779470854144,6.814740030287725,634.8,594.3
2026-03-15 10:00:00,0.31192977001006,7.022849462365577,637.0,595.2
2026-03-15 10:15:00,0.32102684976795004,7.036104114189756,637.4,595.5
2026-03-15 10:30:00,0.35223916105243913,7.081581160639194,636.6,594.5
2026-03-15 10:45:00,0.3143604306212826,7.026390990082376,636.7,594.9
2026-03-15 11:00:00,0.1751302205601855,6.823529411764717,635.6,595.0
2026-03-15 11:15:00,0.25073847756892964,6.933692359474919,635.4,594.2
2026-03-15 11:30:00,0.20850529646077984,6.872157655381495,634.5,593.7
2026-03-15 11:45:00,0.2324242309936342,6.907008086253375,634.6,593.6
2026-03-15 12:00:00,0.19773768621553675,6.856469002695409,634.3,593.6
2026-03-15 12:15:00,0.3744605251647193,7.113958192852321,635.4,593.2
2026-03-15 12:30:00,0.3562406406919844,7.087411407357402,634.6,592.6
2026-03-15 12:45:00,0.37111574258070146,7.109084768659213,634.3,592.2
2026-03-15 13:00:00,0.2819007005737068,6.979096426163189,634.6,593.2
2026-03-15 13:15:00,0.2827083166456216,6.980273141122906,634.5,593.1
2026-03-15 13:30:00,0.38685567618164857,7.132018209408186,635.4,593.1
2026-03-15 13:45:00,0.362890547090837,7.097100472016171,635.3,593.2
2026-03-15 14:00:00,0.40091065047802216,7.152496626180849,635.2,592.8
2026-03-15 14:15:00,0.4099995338563331,7.1657393356938215,635.6,593.1
2026-03-15 14:30:00,0.2977492919834375,7.002188183807445,635.7,594.1
2026-03-15 14:45:00,0.3604283933743748,7.093513058129752,635.6,593.5
2026-03-15 15:00:00,0.317605127443895,7.031118587047924,636.3,594.5
2026-03-15 15:15:00,0.4157601639747503,7.174132704614356,636.4,593.8
2026-03-15 15:30:00,0.4554503716818647,7.231962238705325,636.1,593.2
2026-03-15 15:45:00,0.4075131487421354,7.162116616110548,635.9,593.4
2026-03-15 16:00:00,0.34477593495497716,7.070707070707072,636.0,594.0
2026-03-15 16:15:00,0.36952701481055833,7.106769956214221,636.0,593.8
2026-03-15 16:30:00,0.234399210230049,6.909885675857441,635.9,594.8
2026-03-15 16:45:00,0.24593806529633652,6.926698049764646,636.0,594.8
2026-03-15 17:00:00,0.2105281916889791,6.8751050596738805,635.8,594.9
2026-03-15 17:15:00,0.221270126398322,6.890756302521006,636.0,595.0
2026-03-15 17:30:00,0.23280510285786754,6.907563025210095,636.1,595.0
2026-03-15 17:45:00,0.17957464176358187,6.830005034401743,636.6,595.9
2026-03-15 18:00:00,0.37040490858563757,7.108049067383626,637.4,595.1
2026-03-15 18:15:00,0.3457075845255611,7.072064505291453,637.4,595.3
2026-03-15 18:30:00,0.36876591139748266,7.105661011254849,637.6,595.3
2026-03-15 18:45:00,0.3349919709288336,7.056451612903225,637.2,595.2
2026-03-16 06:45:00,0.221676287541275,6.891348088531202,637.5,596.4
2026-03-16 07:00:00,0.24114732802325706,6.919717836748407,636.6,595.4
2026-03-16 07:15:00,0.1573224472344236,6.79758308157099,636.3,595.8
2026-03-16 07:30:00,0.19030374664117042,6.845637583892605,636.8,596.0
2026-03-16 07:45:00,0.20260975165928005,6.863567712703467,636.8,595.9
2026-03-16 08:00:00,0.22088337111049947,6.89019279128249,637.6,596.5
2026-03-16 08:15:00,0.1670219525886325,6.811715481171565,638.2,597.5
2026-03-16 08:30:00,0.14034158241984918,6.772841575859179,636.9,596.5
2026-03-16 08:45:00,0.15497448917240123,6.794162053346753,636.6,596.1
2026-03-16 09:00:00,0.3159822334303018,7.028753993610226,636.5,594.7
2026-03-16 09:15:00,0.3695852723069787,7.106854838709675,637.5,595.2
2026-03-16 09:30:00,0.32346087046944677,7.039650537634401,637.1,595.2
2026-03-16 09:45:00,0.24434007931739785,6.924369747899162,636.2,595.0
2026-03-16 10:00:00,0.42482625028617416,7.187342198283098,636.8,594.1
2026-03-16 10:15:00,0.46283044696665293,7.242715176014824,636.7,593.7
2026-03-16 10:30:00,0.416484857930624,7.175188600167637,639.3,596.5
2026-03-16 10:45:00,0.479467837025333,7.266956231206145,642.1,598.6
2026-03-16 11:00:00,0.3811780776517588,7.123745819397986,640.6,598.0
2026-03-16 11:15:00,0.43379016096753054,7.200402819738172,638.7,595.8
2026-03-16 11:30:00,0.5968718392129796,7.438016528925617,637.0,592.9
2026-03-16 11:45:00,0.6501351353161295,7.515622361087648,636.6,592.1
2026-03-16 12:00:00,0.4348101864756934,7.20188902007084,635.6,592.9
2026-03-16 12:15:00,0.46299244248100113,7.242951207158543,635.2,592.3
2026-03-16 12:30:00,0.4497307993985919,7.223628691983119,635.3,592.5
2026-03-16 12:45:00,0.4859509151944506,7.276402223345113,636.9,593.7
2026-03-16 13:00:00,0.40668491228539033,7.160909856781794,636.0,593.5
2026-03-16 13:15:00,0.4315656678324426,7.1971616827166685,634.5,591.9
2026-03-16 13:30:00,0.2160420295081683,6.883138846609183,632.0,591.3
2026-03-16 13:45:00,0.17277988858230822,6.820104924691162,631.2,590.9
2026-03-16 14:00:00,0.2440784089524788,6.923988488234301,631.6,590.7
2026-03-16 14:15:00,0.27812498667282515,6.973595125253906,632.0,590.8
2026-03-16 14:30:00,0.2524736915460172,6.936220605650489,632.1,591.1
2026-03-16 14:45:00,0.23406506218323678,6.909398814563916,631.3,590.5
2026-03-16 15:00:00,0.26296658250502014,6.951508986096977,630.8,589.8
2026-03-16 15:15:00,0.32770917063870175,7.045840407470294,630.5,589.0
2026-03-16 15:30:00,0.044185246061086814,6.632739609838856,628.6,589.5
2026-03-16 15:45:00,0.05582784316613599,6.649703138252772,628.7,589.5
2026-03-16 16:00:00,0.013996133750581303,6.588753387533863,629.3,590.4
2026-03-16 16:15:00,0.0178290430197571,6.594338023393798,628.8,589.9
2026-03-16 16:30:00,0.05892673847433612,6.654218299100312,628.3,589.1
2026-03-16 16:45:00,-0.0985179817882584,6.42481776572299,627.8,589.9
2026-03-16 17:00:00,-0.2417505496087119,6.216124661246614,627.1,590.4
2026-03-16 17:15:00,-0.21413709794662852,6.2563580874873015,626.7,589.8
2026-03-16 17:30:00,-0.1269861642383112,6.383338977311204,628.3,590.6
2026-03-16 17:45:00,-0.17273575876484157,6.3166807790008495,627.8,590.5
2026-03-16 18:00:00,-0.06403284165411453,6.475063398140324,629.8,591.5
2026-03-16 18:15:00,-0.03073704056539446,6.523576136555676,630.3,591.7
2026-03-16 18:30:00,0.05897002694823496,6.65428137138997,631.5,592.1
2026-03-16 19:00:00,-0.02391645853542611,6.533513879485442,629.4,590.8
2026-03-16 19:15:00,0.05277052945221771,6.64524856273252,630.7,591.4
2026-03-16 19:30:00,0.05431343904335918,6.647496617050064,630.5,591.2
2026-03-16 19:45:00,0.07985978713130923,6.684718226434261,630.4,590.9
2026-03-16 20:00:00,0.06126947037480851,6.657631712688472,629.6,590.3
2026-03-16 20:15:00,0.07522559393605335,6.67796610169491,629.4,590.0
2026-03-16 20:30:00,0.049642651819117506,6.640691173979341,629.5,590.3
2026-03-16 20:45:00,0.024853211409942826,6.604572396274344,629.5,590.5
2026-03-16 21:00:00,-0.01173953046082334,6.551255940257961,627.8,589.2
2026-03-16 21:15:00,-0.09402836471011931,6.431359239776024,627.2,589.3
2026-03-16 21:30:00,-0.059843551689189964,6.481167288768241,627.6,589.4
2026-03-16 21:45:00,-0.05908871940167479,6.482267096555239,627.5,589.3
2026-03-16 22:00:00,0.04495760022940269,6.6338649474041445,628.5,589.4
2026-03-16 22:15:00,0.021668455358595858,6.5999321343739314,628.3,589.4
2026-03-16 22:30:00,0.04495760022940269,6.6338649474041445,628.5,589.4
2026-03-16 22:45:00,-0.0008559772209186679,6.567113524520618,628.0,589.3
2026-03-16 23:00:00,0.05815162018504142,6.653088934147977,628.4,589.2
2026-03-16 23:15:00,0.08144867040033983,6.687033265444664,628.6,589.2
2026-03-16 23:30:00,0.1404802556258762,6.773043625869968,629.0,589.1
2026-03-17 06:45:00,0.4999456055336053,7.296792805022911,632.3,589.3
2026-03-17 07:00:00,0.10533591780061585,6.721837527444685,631.9,592.1
2026-03-17 07:15:00,0.14246662888919112,6.775937816830013,631.9,591.8
2026-03-17 07:30:00,0.16882245697037307,6.81433885694962,631.7,591.4
2026-03-17 07:45:00,0.1440388184939652,6.778228532792441,631.7,591.6
2026-03-17 08:00:00,0.1324375490662574,6.761325219743064,631.6,591.6
2026-03-17 08:15:00,0.08447988511237046,6.691449814126393,631.4,591.8
2026-03-17 08:30:00,0.10455688940820299,6.720702465383299,632.0,592.2
2026-03-17 08:45:00,0.02201549851756345,6.600437784138746,633.1,593.9
2026-03-17 09:00:00,0.19123823502438692,6.846999154691469,632.0,591.5
2026-03-17 09:15:00,0.1828071952500468,6.834714938250719,631.5,591.1
2026-03-17 09:30:00,0.1896498258788502,6.844684806489765,632.2,591.7
2026-03-17 09:45:00,0.08211587028857269,6.688005390835561,633.3,593.6
2026-03-17 10:00:00,0.09529937486185337,6.707214056428468,631.6,591.9
2026-03-17 10:15:00,0.09763374078316449,6.710615280594978,631.3,591.6
2026-03-17 10:30:00,0.10934117332713447,6.727673275715973,629.8,590.1
2026-03-17 10:45:00,0.07289628893049951,6.674572251397604,629.7,590.3
2026-03-17 11:00:00,0.021135851286026495,6.599156118143457,631.6,592.5
2026-03-17 11:15:00,0.04737855423513211,6.63739233237628,631.4,592.1
2026-03-17 11:30:00,0.052038599926206,6.644182124789211,632.4,593.0
2026-03-17 11:45:00,0.052038599926206,6.644182124789211,632.4,593.0
2026-03-17 12:00:00,0.1022213820100237,6.717299578059066,632.3,592.5
2026-03-17 12:15:00,0.15248893230684235,6.790540540540557,632.2,592.0
2026-03-17 12:30:00,0.15191573864382096,6.789705384354905,630.7,590.6
2026-03-17 12:45:00,0.07908348763736817,6.683587140439928,630.5,591.0
2026-03-17 13:00:00,0.1061152093782896,6.722972972972974,631.8,592.0
2026-03-17 13:15:00,0.16487171133852385,6.808582530832918,632.2,591.9
2026-03-17 13:30:00,0.31154046884668746,7.022282241728561,634.0,592.4
2026-03-17 13:45:00,0.27003746519818744,6.961811422777964,633.0,591.8
2026-03-17 14:00:00,0.18757353978916805,6.841659610499562,630.9,590.5
2026-03-17 14:15:00,0.1426572002646303,6.77621548365237,630.3,590.3
2026-03-17 14:30:00,0.23647550031482586,6.912910877668588,631.0,590.2
2026-03-17 14:45:00,0.27839961973809596,6.973995271867595,633.5,592.2
2026-03-17 15:00:00,0.21923993930780009,6.887798273819601,631.6,590.9
2026-03-17 15:15:00,0.19919642038769286,6.858594411515662,631.0,590.5
2026-03-17 15:30:00,0.23005310339796042,6.903553299492371,631.8,591.0
2026-03-17 15:45:00,0.19282771868988108,6.849315068493156,631.8,591.3
2026-03-17 16:00:00,0.2805565845773207,6.977138018628293,631.7,590.5
2026-03-17 16:15:00,0.30380234577433984,7.011007620660448,631.9,590.5
2026-03-17 16:30:00,0.23046679974181275,6.90415606446142,630.2,589.5
2026-03-17 16:45:00,0.2854272000781775,6.984234616036633,631.1,589.9
2026-03-17 17:00:00,0.2424699646705384,6.921644948383809,631.8,590.9
2026-03-17 17:15:00,0.1915528989093504,6.847457627118647,630.4,590.0
2026-03-17 17:30:00,0.24533477767785414,6.925819046002379,629.9,589.1
2026-03-17 17:45:00,0.3224468882204811,7.038173142467641,628.1,586.8
2026-03-17 18:00:00,0.3742714989742692,7.113682777399588,629.4,587.6
2026-03-17 18:15:00,0.3166913784721046,7.029787234042551,628.8,587.5
2026-03-17 18:30:00,0.41098651655083046,7.167177391896495,629.5,587.4
2026-03-17 19:00:00,0.2992812388703275,7.004420265215905,629.4,588.2
2026-03-17 19:15:00,0.28761291008177226,6.987419245154691,629.3,588.2
2026-03-17 19:30:00,0.26996245255942314,6.961702127659564,628.4,587.5
2026-03-17 19:45:00,0.26752385133049983,6.958149030282423,628.7,587.8
2026-03-17 20:00:00,0.3285303252307538,7.047036848361343,630.4,588.9
2026-03-17 20:15:00,0.3160566901744787,7.028862478777587,630.4,589.0
2026-03-17 20:30:00,0.36432107427118793,7.099184782608714,630.6,588.8
2026-03-17 20:45:00,0.3127827662435676,7.024092297251428,630.8,589.4
2026-03-17 21:00:00,0.30277064744559096,7.009504412763068,630.5,589.2
2026-03-17 21:15:00,0.36597666084823216,7.101597009853888,630.4,588.6
2026-03-17 21:30:00,0.3668048761214444,7.102803738317753,630.3,588.5
2026-03-17 21:45:00,0.31933506388305904,7.033639143730874,630.0,588.6
2026-03-17 22:00:00,0.3709501780756418,7.108843537414966,629.8,588.0
2026-03-17 22:15:00,0.3351096152116992,7.05662302329535,629.6,588.1
2026-03-17 22:30:00,0.300916392428463,7.006802721088445,629.2,588.0
2026-03-17 22:45:00,0.41931534999418824,7.179312691391648,630.0,587.8
2026-03-17 23:00:00,0.4201537685022463,7.180534286200424,629.9,587.7
2026-03-17 23:15:00,0.3751025358629437,7.114893617021267,629.3,587.5
2026-03-17 23:30:00,0.5429525193158911,7.359454855195913,630.2,587.0
2026-03-18 06:45:00,0.6335569556559806,7.491467576791799,629.9,586.0
2026-03-18 07:00:00,0.4001658690941252,7.151411462788704,626.3,584.5
2026-03-18 07:15:00,0.3315190562608511,7.051391497353587,627.0,585.7
2026-03-18 07:30:00,0.4051833338481724,7.158722022894248,627.2,585.3
2026-03-18 07:45:00,0.3549553239522471,7.085538671674918,627.2,585.7
2026-03-18 08:00:00,0.3917768662573148,7.139188495120696,625.8,584.1
2026-03-18 08:15:00,0.2471649715115642,6.928485679986274,623.5,583.1
2026-03-18 08:30:00,0.31447906214247523,7.026563838903166,624.5,583.5
2026-03-18 08:45:00,0.26057097259602113,6.9480185280494045,623.4,582.9
2026-03-18 09:00:00,0.41532774478313317,7.173502660030873,624.5,582.7
2026-03-18 09:15:00,0.4245666669158795,7.186963979416805,624.9,583.0
2026-03-18 09:30:00,0.5466257714286739,7.364806866952778,625.4,582.5
2026-03-18 09:45:00,0.5069734884492753,7.307032590051454,625.6,583.0
2026-03-18 10:00:00,0.4277923134027632,7.1916638196105165,627.5,585.4
2026-03-18 10:15:00,0.4344506640378904,7.201365187713327,628.2,586.0
2026-03-18 10:30:00,0.504130554783524,7.302890371130477,627.4,584.7
2026-03-18 10:45:00,0.5697690469715085,7.398527145059086,627.1,583.9
2026-03-18 11:00:00,0.5672014957360226,7.394786164593614,630.3,586.9
2026-03-18 11:15:00,0.5819171791330416,7.416227249532237,631.5,587.9
2026-03-18 11:30:00,0.5300782047670584,7.340696686491088,631.7,588.5
2026-03-18 11:45:00,0.5711068486578614,7.400476352500851,631.3,587.8
2026-03-18 12:00:00,0.5680664023000748,7.396046353101582,630.2,586.8
2026-03-18 12:15:00,0.5992921147915014,7.441542925413902,629.5,585.9
2026-03-18 12:30:00,0.5936732539615823,7.433356117566636,628.7,585.2
2026-03-18 12:45:00,0.42526412702642,7.187980194638888,627.8,585.7
2026-03-18 13:00:00,0.4377228788715625,7.20613287904599,629.3,587.0
2026-03-18 13:15:00,0.46432855893856206,7.244897959183683,630.6,588.0
2026-03-18 13:30:00,0.3339992010908659,7.055005124701075,626.7,585.4
2026-03-18 13:45:00,0.3414549110665386,7.065868263473041,625.8,584.5
2026-03-18 14:00:00,0.4336073743456568,7.200136495478571,628.3,586.1
2026-03-18 14:15:00,0.4426678882501344,7.213337870023828,630.2,587.8
2026-03-18 14:30:00,0.5047234728442627,7.303754266211593,628.8,586.0
2026-03-18 14:45:00,0.5884478424122852,7.425742574257432,629.3,585.8
2026-03-18 15:00:00,0.6160684278407904,7.465986394557822,631.9,588.0
2026-03-18 15:15:00,0.4950910629144214,7.289719626168223,631.4,588.5
2026-03-18 15:30:00,0.5939837751367069,7.433808553971488,633.0,589.2
2026-03-18 15:45:00,0.45574040500757274,7.232384823848248,633.1,590.4
2026-03-18 16:00:00,0.5280485038868256,7.337739366209117,633.4,590.1
2026-03-18 16:15:00,0.354411125871948,7.084745762711853,631.8,590.0
2026-03-18 16:30:00,0.5104645599099262,7.312119160460395,634.0,590.8
2026-03-18 16:45:00,0.6067223240910371,7.452368909121554,637.3,593.1
2026-03-18 17:00:00,0.8434167937435233,7.797238127315609,640.1,593.8
2026-03-18 17:15:00,0.8574973838092393,7.817753866846,641.3,594.8
2026-03-18 17:30:00,0.8870730576494734,7.860846295367119,644.9,597.9
2026-03-18 17:45:00,0.8246739403865786,7.769929364278494,640.8,594.6
2026-03-18 18:00:00,0.8567820369991939,7.816711590296488,640.0,593.6
2026-03-18 18:15:00,0.8477594129510768,7.803565422132519,641.0,594.6
2026-03-18 18:30:00,1.007912942166534,8.03691275167784,643.9,596.0
2026-03-18 19:00:00,0.893930358080058,7.870837537840547,641.4,594.6
2026-03-18 19:15:00,0.9871964438755381,8.006728343145507,642.1,594.5
2026-03-18 19:30:00,0.9798115735031069,7.995968419284405,642.9,595.3
2026-03-18 19:45:00,0.9807335966542191,7.997311827956977,642.8,595.2
2026-03-18 20:00:00,0.9788898600675088,7.994625461874372,643.0,595.4
2026-03-18 20:15:00,1.0162550440784233,8.049067383633002,643.0,595.1
2026-03-18 20:30:00,1.0005943310143564,8.026249369005555,642.0,594.3
2026-03-18 20:45:00,0.9285585669268207,7.921291624621607,641.7,594.6
2026-03-18 21:00:00,0.9045627961756062,7.886329241634438,641.6,594.7
2026-03-18 21:15:00,0.9553193772641019,7.960282733086488,641.5,594.2
2026-03-18 21:30:00,1.0255536895355613,8.062615721259036,642.0,594.1
2026-03-18 21:45:00,1.0380396716644953,8.080808080808088,642.0,594.0
2026-03-18 22:00:00,1.0311479175843048,8.070766638584658,641.4,593.5
2026-03-18 22:15:00,1.0967552230308564,8.166357972722672,642.4,593.9
2026-03-18 22:30:00,1.0461874993289644,8.092679650772316,643.8,595.6
2026-03-18 22:45:00,1.0854532728812276,8.14989077465973,643.6,595.1
2026-03-18 23:00:00,1.1230691668884174,8.20469798657717,644.9,596.0
2026-03-18 23:15:00,1.0645560501193991,8.1194430464687,644.5,596.1
2026-03-18 23:30:00,1.4233289350412797,8.642183288409688,644.9,593.6
2026-03-19 06:45:00,0.9807413136362861,7.99732307177512,645.5,597.7
2026-03-19 07:00:00,0.8954766235749847,7.873090481786127,642.6,595.7
2026-03-19 07:15:00,0.8450585407196345,7.799630189947893,641.3,594.9
2026-03-19 07:30:00,0.8015226089475237,7.736197348548424,642.0,595.9
2026-03-19 07:45:00,0.8387670864988305,7.790463398253866,642.0,595.6
2026-03-19 08:00:00,0.8413089465137625,7.794166946027481,643.1,596.6
2026-03-19 08:15:00,0.833386170052821,7.782623280778256,642.6,596.2
2026-03-19 08:30:00,0.9485037647093844,7.950352230795032,643.6,596.2
2026-03-19 08:45:00,0.8368294797841397,7.787640261262774,643.6,597.1
2026-03-19 09:00:00,0.7326707499595145,7.635878626208759,645.6,599.8
2026-03-19 09:15:00,0.640271079940185,7.501250208368071,644.9,599.9
2026-03-19 09:30:00,0.7309238363021776,7.633333333333336,645.8,600.0
2026-03-19 09:45:00,0.8198757077750961,7.7629382303839645,645.5,599.0
2026-03-19 10:00:00,1.3294279804879001,8.505367464905046,657.0,605.5
2026-03-19 10:15:00,1.1459419837431093,8.238024200232076,653.0,603.3
2026-03-19 10:30:00,1.206631150342248,8.326449694366445,655.7,605.3
2026-03-19 10:45:00,0.7896859134370399,7.71895101434934,653.1,606.3
2026-03-19 11:00:00,0.8446772811215778,7.799074686054186,652.4,605.2
2026-03-19 11:15:00,0.7444637015272925,7.653061224489788,654.1,607.6
2026-03-19 11:30:00,0.7436587154853745,7.651888341543511,655.6,609.0
2026-03-19 11:45:00,0.7195130899330849,7.616707616707607,657.0,610.5
2026-03-19 12:00:00,0.5297369318995374,7.340199444171969,656.6,611.7
2026-03-19 12:15:00,0.7748509708349102,7.697336166040203,659.0,611.9
2026-03-19 12:30:00,0.6158161777942541,7.465618860510803,656.4,610.8
2026-03-19 12:45:00,0.5975224226132912,7.438964443716212,655.7,610.3
2026-03-19 13:00:00,0.7235942329692925,7.622653934804102,653.7,607.4
2026-03-19 13:15:00,0.68694914801098,7.569261213720324,652.3,606.4
2026-03-19 13:30:00,0.7757421565416411,7.698634643855917,654.7,607.9
2026-03-19 13:45:00,0.7195130899330849,7.616707616707607,657.0,610.5
2026-03-19 14:00:00,0.7696721976699388,7.689790575916233,658.2,611.2
2026-03-19 14:15:00,0.8145891544331799,7.755235602094235,658.6,611.2
2026-03-19 14:30:00,0.8290659760049118,7.776328659928278,661.1,613.4
2026-03-19 14:45:00,0.8352991480732953,7.785410533202497,659.0,611.4
2026-03-19 15:00:00,1.0097152224546007,8.039538714991746,655.8,607.0
2026-03-19 15:15:00,1.0705668319528583,8.128200892119608,654.5,605.3
2026-03-19 15:30:00,1.0491291476639757,8.096965699208457,655.5,606.4
2026-03-19 15:45:00,1.0641228617585163,8.118811881188126,655.2,606.0
2026-03-19 16:00:00,0.9019935228049508,7.88258575197891,654.2,606.4
2026-03-19 16:15:00,0.8662666093047116,7.830530827563464,654.1,606.6
2026-03-19 16:30:00,0.9639984637326703,7.9729283591944755,654.1,605.8
2026-03-19 16:45:00,1.090229446681507,8.156849768365326,653.7,604.4
2026-03-19 17:00:00,1.0761021093340004,8.136265916983621,653.9,604.7
2026-03-19 17:15:00,1.0656739026514306,8.121071782997035,653.7,604.6
2026-03-19 17:30:00,1.133784828818382,8.220310949388022,654.3,604.6
2026-03-19 17:45:00,1.0874520530968967,8.152803042831147,654.0,604.7
2026-03-19 18:00:00,0.964412654465576,7.973531844499604,652.7,604.5
2026-03-19 18:15:00,0.8404067434132539,7.792852415618801,651.5,604.4
2026-03-19 18:30:00,1.0506444668773907,8.099173553719009,654.0,605.0
2026-03-19 19:00:00,1.1657824916757153,8.26693227091635,652.2,602.4
2026-03-19 19:15:00,1.1800084787335465,8.287659857166574,652.0,602.1
2026-03-19 19:30:00,1.1172204176527523,8.196176226101404,650.8,601.5
2026-03-19 19:45:00,1.0895036574455288,8.155792276964057,649.8,600.8
2026-03-19 20:00:00,1.05986656592372,8.112610361485938,649.0,600.3
2026-03-19 20:15:00,0.8989019630144341,7.878081279147242,647.7,600.4
2026-03-19 20:30:00,0.9328460882149563,7.927538640518517,649.4,601.7
2026-03-19 20:45:00,0.95423856063366,7.958707958707945,648.4,600.6
2026-03-19 21:00:00,0.9085288637077595,7.89210789210788,648.0,600.6
2026-03-19 21:15:00,0.9807489663316206,7.9973342219260335,648.2,600.2
2026-03-19 21:30:00,0.9469724365463594,7.948121050881296,649.2,601.4
2026-03-19 21:45:00,0.9250514025849447,7.9161816065192125,648.9,601.3
2026-03-19 22:00:00,0.9564588113105903,7.961942914371556,646.8,599.1
2026-03-19 22:15:00,1.0348006620486419,8.076088770231959,647.7,599.3
2026-03-19 22:30:00,1.0419616295759988,8.086522462562407,649.6,601.0
2026-03-19 22:45:00,1.1295680067072762,8.214166943797796,650.8,601.4
2026-03-19 23:00:00,1.1609767511175353,8.259930197772958,651.4,601.7
2026-03-19 23:15:00,1.1534493858420283,8.248962655601666,652.2,602.5
2026-03-19 23:30:00,1.3291643770468353,8.504983388704336,653.2,602.0
2026-03-20 06:45:00,0.923244878353986,7.913549459684122,649.1,601.5
2026-03-20 07:00:00,1.2065838506042295,8.32638077757386,649.2,599.3
2026-03-20 07:15:00,1.196083440747467,8.311081441922564,649.0,599.2
2026-03-20 07:30:00,1.2495105479889796,8.388925950633741,649.9,599.6
2026-03-20 07:45:00,1.2065933861683824,8.326394671107407,650.5,600.5
2026-03-20 08:00:00,1.233320340194953,8.365336450158622,649.0,598.9
2026-03-20 08:15:00,1.128465376452698,8.212560386473445,649.6,600.3
2026-03-20 08:30:00,0.8746956541111395,7.842812137290656,650.4,603.1
2026-03-20 08:45:00,0.8325856834674659,7.781456953642385,651.0,604.0
2026-03-20 09:00:00,1.101147400521106,8.17275747508306,651.2,602.0
2026-03-20 09:15:00,1.1116147468608557,8.188008636439115,651.4,602.1
2026-03-20 09:30:00,1.171439373743191,8.27517447657029,651.6,601.8
2026-03-20 09:45:00,1.204704005776244,8.32364180096361,652.0,601.9
2026-03-20 10:00:00,1.0755631613153809,8.135480657479665,651.3,602.3
2026-03-20 10:15:00,1.0328891238434634,8.073303615651305,654.6,605.7
2026-03-20 10:30:00,1.1771757702172492,8.283532536520589,652.3,602.4
2026-03-20 10:45:00,1.182900750976931,8.291873963515762,653.0,603.0
2026-03-20 11:00:00,1.1885690487587817,8.300132802124827,652.4,602.4
2026-03-20 11:15:00,1.1344126574851006,8.221225710014956,651.6,602.1
2026-03-20 11:30:00,1.1743458817193624,8.279409324705478,652.6,602.7
2026-03-20 11:45:00,1.1734786136044348,8.278145695364248,654.0,604.0
2026-03-20 12:00:00,1.1252282270011253,8.207843786198922,653.9,604.3
2026-03-20 12:15:00,1.165963337366841,8.267195767195767,654.8,604.8
2026-03-20 12:30:00,1.0396407426499685,8.083140877598161,655.2,606.2
2026-03-20 12:45:00,1.0540266463209298,8.104101465985813,656.3,607.1
2026-03-20 13:00:00,1.0142640975118826,8.046166529266285,655.3,606.5
2026-03-20 13:15:00,0.9079527859787947,7.891268533772644,654.9,607.0
2026-03-20 13:30:00,0.8069897548098021,7.744163104242019,655.3,608.2
2026-03-20 13:45:00,0.8470069975489802,7.80246913580247,654.9,607.5
2026-03-20 14:00:00,0.8044399342949773,7.740447957839258,654.2,607.2
2026-03-20 14:15:00,0.8183747901861016,7.76075135936729,654.0,606.9
2026-03-20 14:30:00,0.7713997729300582,7.692307692307687,653.8,607.1
2026-03-20 14:45:00,0.8088181361709568,7.746827097412234,653.7,606.7
2026-03-20 15:00:00,0.733085954724987,7.636483588982368,652.6,606.3
2026-03-20 15:15:00,0.7356805864956323,7.640264026402632,652.3,606.0
2026-03-20 15:30:00,0.8429089469613275,7.796498183019507,652.6,605.4
2026-03-20 15:45:00,0.7452724057495497,7.654239524909268,652.6,606.2
2026-03-20 16:00:00,0.7931833593095984,7.724046872421209,652.7,605.9
2026-03-20 16:15:00,0.755725938209799,7.669470559129143,652.8,606.3
2026-03-20 16:30:00,0.639978742722977,7.500824266402906,652.1,606.6
2026-03-20 16:45:00,0.7095853979892951,7.602242744063337,652.5,606.4
2026-03-20 17:00:00,0.5833733509864724,7.41834892499591,654.5,609.3
2026-03-20 17:15:00,0.5295324283342181,7.339901477832522,653.7,609.0
2026-03-20 17:30:00,0.5212740633336452,7.327868852459018,654.7,610.0
2026-03-20 17:45:00,0.5741980758712976,7.404980340760159,655.6,610.4
2026-03-20 18:00:00,0.6343382778264145,7.492605980939859,654.2,608.6
2026-03-20 18:15:00,0.6180074240947491,7.468811556139188,654.7,609.2
2026-03-20 18:30:00,0.6526528694155183,7.519290756854358,654.9,609.1
2026-03-20 19:00:00,0.6101019051476831,7.45729303547964,654.2,608.8
2026-03-20 19:15:00,0.6084210604425397,7.454844006568151,654.4,609.0
2026-03-20 19:30:00,0.5658413059017695,7.392804337111869,653.7,608.7
2026-03-20 19:45:00,0.6481571723576973,7.5127404241328355,654.0,608.3
2026-03-20 20:00:00,0.7167127276026379,7.612627425189067,654.5,608.2
2026-03-20 20:15:00,0.6690205684266656,7.543138866064081,654.4,608.5
2026-03-20 20:30:00,0.5929632152667356,7.432321575061529,654.8,609.5
2026-03-20 20:45:00,0.5929632152667356,7.432321575061529,654.8,609.5
2026-03-20 21:00:00,0.6656196219392685,7.538183609788129,654.8,608.9
2026-03-20 21:15:00,0.6968701571117739,7.583716349310565,655.4,609.2
2026-03-20 21:30:00,0.7419345759786321,7.649376231122762,655.8,609.2
2026-03-20 21:45:00,0.6926017133040568,7.577497129735922,655.9,609.7
2026-03-20 22:00:00,0.7047135541619217,7.595144356955363,655.9,609.6
2026-03-20 22:15:00,0.7047135541619217,7.595144356955363,655.9,609.6
2026-03-20 22:30:00,0.7393504883012096,7.645611156685805,656.1,609.5
2026-03-20 22:45:00,0.7618716072295856,7.678424938474149,656.3,609.5
2026-03-20 23:00:00,0.8199227205284251,7.763006729033339,656.6,609.3
2026-03-20 23:15:00,0.7843927261579767,7.711238720262514,656.5,609.5
2026-03-20 23:30:00,0.6458835982675815,7.509427775045108,655.7,609.9
2026-03-23 06:45:00,0.8250599597638959,7.77049180327869,657.4,610.0
2026-03-23 07:00:00,0.6087682213899906,7.455349827953461,655.8,610.3
2026-03-23 07:15:00,0.550881370192943,7.371007371007376,655.5,610.5
2026-03-23 07:30:00,0.4991111294827575,7.295576954463834,657.4,612.7
2026-03-23 07:45:00,0.496076750470283,7.291155795324489,656.3,611.7
2026-03-23 08:00:00,0.5313846202573248,7.342600163532298,656.4,611.5
2026-03-23 08:15:00,0.5875032710620998,7.424366312346686,656.9,611.5
2026-03-23 08:30:00,0.47934398597584477,7.266775777414081,655.4,611.0
2026-03-23 08:45:00,0.5546600004847989,7.376512921164546,656.5,611.4
2026-03-23 09:00:00,0.6181470561819193,7.469015003261581,659.0,613.2
2026-03-23 09:15:00,0.6652233815994898,7.5376062786134845,657.7,611.6
2026-03-23 09:30:00,0.8198194125823242,7.762856207009494,658.0,610.6
2026-03-23 09:45:00,0.7929979974225376,7.723776795941739,658.3,611.1
2026-03-23 10:00:00,0.6791857198026096,7.557949722494284,658.9,612.6
2026-03-23 10:15:00,0.5406220925118006,7.35605937041266,658.2,613.1
2026-03-23 10:30:00,0.6450020385234844,7.50814332247558,660.1,614.0
2026-03-23 10:45:00,0.5977951922726943,7.439361875305228,660.0,614.3
2026-03-23 11:00:00,0.509231367124584,7.310322370563327,659.1,614.2
2026-03-23 11:15:00,0.5601522747590146,7.384515289525062,660.2,614.8
2026-03-23 11:30:00,0.6352382596785273,7.493917274939177,662.7,616.5
2026-03-23 11:45:00,0.7585251102859074,7.673549016420078,662.3,615.1
2026-03-23 12:00:00,0.9024231158702258,7.883211678832125,665.1,616.5
2026-03-23 12:15:00,0.9082844268257989,7.891751742019104,665.8,617.1
2026-03-23 12:30:00,0.8886642653598584,7.863164721141369,665.3,616.8
2026-03-23 12:45:00,0.9314096414963676,7.925445705024314,665.9,617.0
2026-03-23 13:00:00,0.9340557319115589,7.929301118858434,665.6,616.7
2026-03-23 13:15:00,0.8116357206781101,7.750932382033393,664.5,616.7
2026-03-23 13:30:00,0.7757053266691935,7.698580981895264,660.3,613.1
2026-03-23 13:45:00,0.7464071790917796,7.655892915442375,659.5,612.6
2026-03-23 14:00:00,0.8146379527315383,7.755306702323272,644.7,598.3
2026-03-23 14:15:00,1.1336381939887994,8.220097299110884,645.1,596.1
2026-03-23 14:30:00,0.8937686789325379,7.870601967650481,646.9,599.7
2026-03-23 14:45:00,0.9716645781050783,7.984098061951284,651.9,603.7
2026-03-23 15:00:00,0.9471198373419327,7.948335817188279,651.9,603.9
2026-03-23 15:15:00,0.9675519173763927,7.9781058218610035,651.0,602.9
2026-03-23 15:30:00,0.9844170621952582,8.002678720910783,645.1,597.3
2026-03-23 15:45:00,0.9500814016351643,7.952650883627887,647.5,599.8
2026-03-23 16:00:00,0.9853252704739782,8.00400200100051,647.7,599.7
2026-03-23 16:15:00,1.007807117732798,8.036758563074354,646.6,598.5
2026-03-23 16:30:00,0.8946695860207543,7.871914609739816,646.8,599.6
2026-03-23 16:45:00,0.9844093992681551,8.00266755585195,647.8,599.8
2026-03-23 17:00:00,1.0676514393128889,8.123953098827474,645.5,597.0
2026-03-23 17:15:00,1.0751331188316082,8.134854075813491,644.7,596.2
2026-03-23 17:30:00,1.0981566377629126,8.168399865816834,644.9,596.2
2026-03-23 17:45:00,1.0972164689117092,8.167030018447097,645.0,596.3
2026-03-23 18:00:00,0.8050157011820378,7.74128686327078,643.0,596.8
2026-03-23 18:15:00,0.8041255879431135,7.739989948065018,643.1,596.9
2026-03-23 18:30:00,0.8093054683353885,7.747537151444317,645.3,598.9
2026-03-23 18:45:00,1.163614154858109,8.263772954924864,648.5,599.0
2026-03-23 19:00:00,0.9633484818855697,7.971981320880572,647.4,599.6
2026-03-23 19:15:00,0.897374111204163,7.875855164358425,646.5,599.3
2026-03-23 19:30:00,0.8904259000705378,7.865731462925862,645.9,598.8
2026-03-23 19:45:00,0.9160669540779985,7.90309106098579,645.8,598.5
2026-03-23 20:00:00,0.8931319131643141,7.869674185463671,645.6,598.5
2026-03-23 20:15:00,0.8481567731907498,7.804144385026746,645.1,598.4
2026-03-23 20:30:00,0.8657075007195009,7.829716193656089,645.9,599.0
2026-03-23 20:45:00,0.8648105256364221,7.828409280587545,646.0,599.1
2026-03-23 21:00:00,0.9665106205692231,7.97658862876256,645.7,598.0
2026-03-23 21:15:00,0.953206997764212,7.957204948177843,645.8,598.2
2026-03-23 21:30:00,0.9218372350722024,7.911498491451541,643.8,596.6
2026-03-23 21:45:00,0.9641844394120267,7.97319932998326,644.6,597.0
2026-03-23 22:00:00,1.0055519986471366,8.033472803347275,645.5,597.5
2026-03-23 22:15:00,1.0151899216005982,8.047515475991274,645.8,597.7
2026-03-23 22:30:00,1.1213612925144185,8.202209574824249,646.4,597.4
2026-03-23 22:45:00,1.1128931521783392,8.1898713020224,647.3,598.3
2026-03-23 23:00:00,1.101920469155857,8.173883853642172,644.5,595.8
2026-03-23 23:15:00,1.1028622167957884,8.175256001342945,644.4,595.7
2026-03-23 23:30:00,1.1126952708445594,8.189582984424714,646.0,597.1
2026-03-24 06:45:00,0.7107868894606859,7.603993344425963,646.7,601.0
2026-03-24 07:00:00,1.0012852870857354,8.027256107694857,650.0,601.7
2026-03-24 07:15:00,0.9433466188936025,7.942838152210041,649.6,601.8
2026-03-24 07:30:00,0.9346552041950891,7.930174563591019,649.2,601.5
2026-03-24 07:45:00,0.9583846596813959,7.964748919188547,649.3,601.4
2026-03-24 08:00:00,1.056158933636073,8.107208257033438,649.4,600.7
2026-03-24 08:15:00,0.9364655236450172,7.9328122401463474,649.0,601.3
2026-03-24 08:30:00,0.968886181718398,7.980049875311712,649.5,601.5
2026-03-24 08:45:00,0.9656659848651465,7.975357975357977,648.5,600.6
2026-03-24 09:00:00,0.9611128853751497,7.968724005989025,649.0,601.1
2026-03-24 09:15:00,0.9798346203065711,7.996001999000502,648.3,600.3
2026-03-24 09:30:00,0.915441210156887,7.902179337880555,648.6,601.1
2026-03-24 09:45:00,0.9473527805934966,7.948675220796519,647.8,600.1
2026-03-24 10:00:00,1.0859589893650918,8.150627615062778,646.2,597.5
2026-03-24 10:15:00,1.0800838118368508,8.142067347964478,645.5,596.9
2026-03-24 10:30:00,1.238171400078287,8.372404554588076,647.2,597.2
2026-03-24 10:45:00,1.1931194771744382,8.306762879677798,645.4,595.9
2026-03-24 11:00:00,1.2353344161213176,8.368271004527926,646.2,596.3
2026-03-24 11:15:00,1.1452848906029853,8.237066800602722,646.5,597.3
2026-03-24 11:30:00,1.0695199787436254,8.126675603217159,645.3,596.8
2026-03-24 11:45:00,1.065784151415595,8.121232417950441,645.7,597.2
2026-03-24 12:00:00,1.1739737376859634,8.278867102396514,646.1,596.7
2026-03-24 12:15:00,1.1682660089469483,8.270550811987288,646.7,597.3
2026-03-24 12:30:00,1.2690111081387667,8.417338709677402,645.3,595.2
2026-03-24 12:45:00,1.3170928900542798,8.487394957983184,645.5,595.0
2026-03-24 13:00:00,1.3559315873346258,8.543983822042467,644.1,593.4
2026-03-24 13:15:00,1.369478639518184,8.563722184760604,644.0,593.2
2026-03-24 13:30:00,1.332554336805464,8.509922637066936,645.2,594.6
2026-03-24 13:45:00,1.3632327958924326,8.554621848739497,645.9,595.0
2026-03-24 14:00:00,1.3262035140316946,8.500669344042834,648.4,597.6
2026-03-24 14:15:00,1.3445437764016939,8.527391522868143,647.8,596.9
2026-03-24 14:30:00,1.385312264360021,8.58679213577551,646.2,595.1
2026-03-24 14:45:00,1.2630891057923026,8.408710217755445,647.2,597.0
2026-03-24 15:00:00,1.2400964391476643,8.375209380234505,647.0,597.0
2026-03-24 15:15:00,1.2592249214415792,8.403080013391362,647.6,597.4
2026-03-24 15:30:00,1.3189459368802288,8.490094889295818,651.7,600.7
2026-03-24 15:45:00,1.3133350365334693,8.481919680053318,651.0,600.1
2026-03-24 16:00:00,1.3490472453967046,8.53395317947867,653.7,602.3
2026-03-24 16:15:00,1.416843958938393,8.632734530938112,653.1,601.2
2026-03-24 16:30:00,1.458538238029685,8.693484042553191,653.9,601.6
2026-03-24 16:45:00,1.4129045213180875,8.626994680851062,653.5,601.6
2026-03-24 17:00:00,1.4897725800171624,8.738993188237254,654.5,601.9
2026-03-24 17:15:00,1.5059955648384655,8.762630445585561,656.6,603.7
2026-03-24 17:30:00,1.494064867294701,8.745247148288971,657.8,604.9
2026-03-24 17:45:00,1.4664584988434561,8.705024042447352,655.6,603.1
2026-03-24 18:00:00,1.5665640514773966,8.850880106276971,655.5,602.2
2026-03-24 18:15:00,1.5203600506347537,8.783559827643362,656.4,603.4
2026-03-24 18:30:00,1.591383900051403,8.887043189368772,655.5,602.0
2026-03-24 18:45:00,1.5665640514773966,8.850880106276971,655.5,602.2
2026-03-24 19:00:00,1.529733186716423,8.797216699801202,656.7,603.6
2026-03-24 19:15:00,1.4446854157343931,8.673300165837471,655.3,603.0
2026-03-24 19:30:00,1.429364876708012,8.650977792509117,655.6,603.4
2026-03-24 19:45:00,1.4264143540483805,8.646678813980447,655.9,603.7
2026-03-24 20:00:00,1.4624985792273133,8.699254349627171,656.0,603.5
2026-03-24 20:15:00,1.4264143540483805,8.646678813980447,655.9,603.7
2026-03-24 20:30:00,1.3799640519097627,8.578999668764498,655.6,603.8
2026-03-24 20:45:00,1.3744426818350346,8.570954907161799,654.9,603.2
2026-03-24 21:00:00,1.3744426818350346,8.570954907161799,654.9,603.2
2026-03-24 21:15:00,1.3146559231966386,8.483844241922123,654.7,603.5
2026-03-24 21:30:00,1.3793228153208765,8.578065372490439,654.4,602.7
2026-03-24 21:45:00,1.4085771861126826,8.62068965517242,655.2,603.2
2026-03-24 22:00:00,1.4268426868249018,8.647302904564324,654.6,602.5
2026-03-24 22:15:00,1.4694318873906593,8.709356337093555,655.3,602.8
2026-03-24 22:30:00,1.3689103166655865,8.562894125456367,654.2,602.6
2026-03-24 22:45:00,1.4268426868249018,8.647302904564324,654.6,602.5
2026-03-24 23:00:00,1.405041341048064,8.61553784860558,654.3,602.4
2026-03-24 23:15:00,1.4032442039721589,8.612919379068607,650.7,599.1
2026-03-24 23:30:00,1.7104429147919609,9.060514877967218,652.4,598.2
2026-03-25 06:45:00,1.2982015511671967,8.459869848156188,650.0,599.3
2026-03-25 07:00:00,1.4440394290744898,8.672358948602055,649.1,597.3
2026-03-25 07:15:00,1.4610283249892626,8.697112155809261,647.4,595.6
2026-03-25 07:30:00,1.5765477024418693,8.865426512485342,649.6,596.7
2026-03-25 07:45:00,1.6046740542517741,8.906407245890623,649.3,596.2
2026-03-25 08:00:00,1.4904452351422217,8.739973262032109,650.7,598.4
2026-03-25 08:15:00,1.6018384936872718,8.902275769745627,650.8,597.6
2026-03-25 08:30:00,1.6393789349981602,8.956973045370841,650.8,597.3
2026-03-25 08:45:00,1.56433572467075,8.847633383508935,650.8,597.9
2026-03-25 09:00:00,1.5684009336727158,8.85355648535564,650.4,597.5
2026-03-25 09:15:00,1.493015772238679,8.743718592964832,649.2,597.0
2026-03-25 09:30:00,1.5653515169000605,8.849113415858167,650.7,597.8
2026-03-25 09:45:00,1.4964658260995507,8.748745399799285,650.1,597.8
2026-03-25 10:00:00,1.5724715892786048,8.859487523027965,650.0,597.1
2026-03-25 10:15:00,1.540366054802006,8.81270903010034,650.7,598.0
2026-03-25 10:30:00,1.3620173732311533,8.552850950316792,651.1,599.8
2026-03-25 10:45:00,1.3858853584677187,8.587627146906796,651.2,599.7
2026-03-25 11:00:00,1.5312767366368247,8.799465687093022,651.6,598.9
2026-03-25 11:15:00,1.602313356662147,8.90296765588532,653.2,599.8
2026-03-25 11:30:00,1.6264138050669195,8.938082556591208,654.5,600.8
2026-03-25 11:45:00,1.6315233203318642,8.945527236381823,654.0,600.3
2026-03-25 12:00:00,1.7656485843210739,9.14095079232693,654.3,599.5
2026-03-25 12:15:00,1.76767550648584,9.143904063957354,655.3,600.4
2026-03-25 12:30:00,1.7417093016868501,9.1060707138092,654.2,599.6
2026-03-25 12:45:00,1.788545368285791,9.174311926605494,654.5,599.5
2026-03-25 13:00:00,1.7875985087985276,9.172932330827056,653.4,598.5
2026-03-25 13:15:00,1.850247989287708,9.26421404682274,653.4,598.0
2026-03-25 13:30:00,1.8377097133897649,9.245945494064522,653.4,598.1
2026-03-25 13:45:00,1.8055318815237151,9.199061662198416,651.7,596.8
2026-03-25 14:00:00,1.8641005344103636,9.284397519691634,652.1,596.7
2026-03-25 14:15:00,1.7932040379675218,9.18109971414156,649.3,594.7
2026-03-25 14:30:00,1.938515078755807,9.392821200939272,652.2,596.2
2026-03-25 14:45:00,1.9526024226640277,9.413346780971589,650.9,594.9
2026-03-25 15:00:00,2.064657039836135,9.5766129032258,652.2,595.2
2026-03-25 15:15:00,2.0158146619305657,9.505448449287512,653.2,596.5
2026-03-25 15:30:00,2.0689341141227984,9.582844697604289,654.1,596.9
2026-03-25 15:45:00,2.0377292336678305,9.537378478042235,653.5,596.6
2026-03-25 16:00:00,2.101214355477753,9.6298777424217,654.6,597.1
2026-03-25 16:15:00,2.1412656046715433,9.68823332215889,654.4,596.6
2026-03-25 16:30:00,2.1501938837271903,9.701242027526025,653.6,595.8
2026-03-25 16:45:00,2.135329280094998,9.679583962422411,653.8,596.1
2026-03-25 17:00:00,2.220666046051314,9.80392156862746,655.2,596.7
2026-03-25 17:15:00,2.180555026101028,9.745478901540515,655.4,597.2
2026-03-25 17:30:00,2.1197631557386103,9.656903765690394,655.2,597.5
2026-03-25 17:45:00,2.206038358512039,9.782608695652172,656.5,598.0
2026-03-25 18:00:00,2.138287137400655,9.683893627696929,655.8,597.9
2026-03-25 18:15:00,2.2069132260696738,9.783883397554028,655.3,596.9
2026-03-25 18:30:00,2.153108452998474,9.705488621151282,655.6,597.6
2026-03-25 18:45:00,2.193440595844461,9.764253469319506,656.5,598.1
2026-03-25 19:00:00,2.1212642602731093,9.659090909090915,656.2,598.4
2026-03-25 19:15:00,2.087958227292918,9.610563262577298,655.8,598.3
2026-03-25 19:30:00,1.9875020251449553,9.46419629444164,655.8,599.1
2026-03-25 19:45:00,2.0573341172739488,9.565943238731212,656.3,599.0
2026-03-25 20:00:00,2.1075837091707177,9.639158035415951,656.3,598.6
2026-03-25 20:15:00,2.100534144775947,9.62888665997992,655.8,598.2
2026-03-25 20:30:00,2.1371757064041055,9.68227424749164,655.9,598.0
2026-03-25 20:45:00,2.161245193909867,9.717344037464471,656.0,597.9
2026-03-25 21:00:00,2.048065195888575,9.552438209752845,656.0,598.8
2026-03-25 21:15:00,2.0606239474088874,9.570736595957907,656.0,598.7
2026-03-25 21:30:00,2.080250013746158,9.599332220367284,656.5,599.0
2026-03-25 21:45:00,2.0840043689710783,9.604802401200583,657.3,599.7
2026-03-25 22:00:00,2.127189529520522,9.667724160961754,656.8,598.9
2026-03-25 22:15:00,2.171913599634953,9.732888146911511,657.3,599.0
2026-03-25 22:30:00,2.2303282821350336,9.817999666054456,657.7,598.9
2026-03-25 22:45:00,2.25324800493823,9.851394222741682,657.9,598.9
2026-03-25 23:00:00,2.2795677801719925,9.88974273304375,657.8,598.6
2026-03-25 23:15:00,2.2348318066156407,9.824561403508758,657.3,598.5
2026-03-25 23:30:00,2.2853589535860053,9.89818060423968,658.4,599.1
2026-03-26 06:45:00,2.120939563477191,9.658617818484604,658.5,600.5
2026-03-26 07:00:00,1.8764051207085497,9.302325581395344,658.0,602.0
2026-03-26 07:15:00,1.9898065754232561,9.467554076539098,657.9,601.0
2026-03-26 07:30:00,2.0197214112418496,9.511140671765885,658.6,601.4
2026-03-26 07:45:00,2.047996528238813,9.552338159427531,658.3,600.9
2026-03-26 08:00:00,2.0458151718088446,9.549159873565127,658.5,601.1
2026-03-26 08:15:00,2.068651009417976,9.582432207619362,658.7,601.1
2026-03-26 08:30:00,1.9850206763315994,9.46058091286308,659.5,602.5
2026-03-26 08:45:00,1.963311989583571,9.428950863213824,659.2,602.4
2026-03-26 09:00:00,1.8822226512560873,9.310801855533455,659.8,603.6
2026-03-26 09:15:00,1.8729663496008597,9.297315213788536,659.5,603.4
2026-03-26 09:30:00,1.846005374749101,9.258032461079836,659.7,603.8
2026-03-26 09:45:00,1.8961753787888231,9.331131296449223,662.0,605.5
2026-03-26 10:00:00,1.8972332323733625,9.33267261314834,661.9,605.4
2026-03-26 10:15:00,2.0057203041548686,9.490740740740764,662.2,604.8
2026-03-26 10:30:00,2.1100414372114895,9.642739000992371,662.9,604.6
2026-03-26 10:45:00,2.1089469917576777,9.641144369108634,663.0,604.7
2026-03-26 11:00:00,2.151470217784613,9.703101675236358,661.4,602.9
2026-03-26 11:15:00,1.9475193262586596,9.405940594059414,663.0,606.0
2026-03-26 11:30:00,1.8145910260505485,9.212261041529343,662.7,606.8
2026-03-26 11:45:00,1.7889609864765725,9.174917491749168,661.6,606.0
2026-03-26 12:00:00,1.8837847982843512,9.313077939233816,662.0,605.6
2026-03-26 12:15:00,1.9868549625169651,9.463253509496283,662.8,605.5
2026-03-26 12:30:00,2.0046434665740636,9.489171763927915,662.3,604.9
2026-03-26 12:45:00,2.0608878077932813,9.571121046530884,661.7,603.9
2026-03-26 13:00:00,2.067420834177977,9.580639814354395,661.1,603.3
2026-03-26 13:15:00,2.1731297002769323,9.734660033167495,661.7,603.0
2026-03-26 13:30:00,2.1606418359332817,9.71646493118885,661.7,603.1
2026-03-26 13:45:00,2.193670784498401,9.764588859416444,662.1,603.2
2026-03-26 14:00:00,2.062460639748653,9.57341269841272,662.7,604.8
2026-03-26 14:15:00,2.0840668042397525,9.6048933708051,663.0,604.9
2026-03-26 14:30:00,2.1579800986580566,9.712586719524284,664.2,605.4
2026-03-26 14:45:00,2.249025553536074,9.84524201514654,667.2,607.4
2026-03-26 15:00:00,2.1594049142688596,9.714662708230271,665.2,606.3
2026-03-26 15:15:00,2.2624015266978184,9.864731111844272,666.0,606.2
2026-03-26 15:30:00,2.2579369887824177,9.858226178700956,666.4,606.6
2026-03-26 15:45:00,2.2860518818738367,9.899190216493148,665.0,605.1
2026-03-26 16:00:00,2.1012959972918206,9.62999669639908,663.7,605.4
2026-03-26 16:15:00,2.185076036038408,9.752066115702473,664.0,605.0
2026-03-26 16:30:00,2.2333933719938734,9.822465571594474,661.9,602.7
2026-03-26 16:45:00,2.216196609805494,9.797409498505472,661.2,602.2
2026-03-26 17:00:00,2.365465866420149,10.014898195662967,664.6,604.1
2026-03-26 17:15:00,2.529471164973851,10.253857640617214,664.5,602.7
2026-03-26 17:30:00,2.573033162132618,10.31732845987705,664.0,601.9
2026-03-26 17:45:00,2.618644134011175,10.383784681840847,664.4,601.9
2026-03-26 18:00:00,2.4409607255352577,10.1248959200666,661.3,600.5
2026-03-26 18:15:00,2.406587237697544,10.07481296758106,662.1,601.5
2026-03-26 18:30:00,2.2902235324853164,9.905268406182463,661.3,601.7
2026-03-26 18:45:00,2.514214313836492,10.231628061989673,661.5,600.1
2026-03-26 19:00:00,2.372356260174218,10.024937655860343,661.8,601.5
2026-03-26 19:15:00,2.3803309744460335,10.036556995679646,662.2,601.8
2026-03-26 19:30:00,2.3711860674477276,10.023232658479907,663.0,602.6
2026-03-26 19:45:00,2.4429835817219967,10.12784326747469,663.3,602.3
2026-03-26 20:00:00,2.461145520440008,10.154305624688886,663.9,602.7
2026-03-26 20:15:00,2.457678248926371,10.1492537313433,664.2,603.0
2026-03-26 20:30:00,2.332476887520613,9.96683250414594,663.1,603.0
2026-03-26 20:45:00,2.3404516046771944,9.978451848168412,663.5,603.3
2026-03-26 21:00:00,2.444137858341667,10.129525074725995,663.2,602.2
2026-03-26 21:15:00,2.4590057324362617,10.151187904967609,663.0,601.9
2026-03-26 21:30:00,2.5344424720557757,10.261100947946122,663.0,601.3
2026-03-26 21:45:00,2.5092801702674703,10.224438902743138,663.0,601.5
2026-03-26 22:00:00,2.634069922660567,10.406260406260404,663.1,600.6
2026-03-26 22:15:00,2.5344424720557757,10.261100947946122,663.0,601.3
2026-03-26 22:30:00,2.581277959818737,10.329341317365248,663.3,601.2
2026-03-26 22:45:00,2.6017447911298457,10.359161955437337,663.7,601.4
2026-03-26 23:00:00,2.3586627313560995,10.004985873358809,661.9,601.7
2026-03-26 23:15:00,2.2416097947002385,9.834437086092706,663.4,604.0
2026-03-26 23:30:00,2.3143742157123874,9.940456500165396,664.7,604.6
2026-03-27 06:45:00,2.4519071234326315,10.140845070422545,664.7,603.5
2026-03-27 07:00:00,2.392757627927884,10.0546629120424,664.4,603.7
2026-03-27 07:15:00,2.4291620994279026,10.107705053852523,664.5,603.5
2026-03-27 07:30:00,2.4281335532876254,10.10620643876534,663.5,602.6
2026-03-27 07:45:00,2.3370477667911467,9.973492379058955,663.8,603.6
2026-03-27 08:00:00,2.396256574162122,10.059760956175312,663.0,602.4
2026-03-27 08:15:00,2.4247975035273517,10.101345738494771,662.7,601.9
2026-03-27 08:30:00,2.383766586015322,10.041562759767242,661.9,601.5
2026-03-27 08:45:00,2.458190436313923,10.149999999999991,660.9,600.0
2026-03-27 09:00:00,2.335913905934968,9.97184031803875,663.9,603.7
2026-03-27 09:15:00,2.305276230758911,9.927200529450689,664.4,604.4
2026-03-27 09:30:00,2.4098559782567794,10.07957559681696,664.0,603.2
2026-03-27 09:45:00,2.3154369794043057,9.942004971002484,663.5,603.5
2026-03-27 10:00:00,2.4742577250557565,10.173410404624272,667.1,605.5
2026-03-27 10:15:00,2.5989086173329494,10.355029585798814,671.4,608.4
2026-03-27 10:30:00,2.609771175829018,10.37085658024286,672.6,609.4
2026-03-27 10:45:00,2.6043443564916817,10.36294958121202,672.0,608.9
2026-03-27 11:00:00,2.6453970085329397,10.42276422764228,679.1,615.0
2026-03-27 11:15:00,2.6752451639980452,10.46625366807956,677.6,613.4
2026-03-27 11:30:00,2.3808792565268613,10.03735585512424,677.5,615.7
2026-03-27 11:45:00,2.50577643089466,10.219333874898462,678.4,615.5
2026-03-27 12:00:00,2.6319152067781695,10.403120936280883,679.2,615.2
2026-03-27 12:15:00,2.559898733250042,10.298191298680129,676.9,613.7
2026-03-27 12:30:00,2.555294943017011,10.291483471747265,677.3,614.1
2026-03-27 12:45:00,2.6545228284506788,10.436060754532118,676.2,612.3
2026-03-27 13:00:00,2.625272679350561,10.393442622950811,673.4,610.0
2026-03-27 13:15:00,2.574103509551194,10.318887980376124,674.6,611.5
2026-03-27 13:30:00,2.557102859454459,10.294117647058831,675.0,612.0
2026-03-27 13:45:00,2.606611219830974,10.36625245258338,675.0,611.6
2026-03-27 14:00:00,2.599239759763268,10.355512067840843,676.7,613.2
2026-03-27 14:15:00,2.5510157386251637,10.285248573757144,676.6,613.5
2026-03-27 14:30:00,2.6440102163413663,10.420743639921714,677.1,613.2
2026-03-27 14:45:00,2.7564667356918817,10.584595342778048,679.1,614.1
2026-03-27 15:00:00,2.5549697045653756,10.291009591936271,678.4,615.1
2026-03-27 15:15:00,2.501696829425039,10.213389802899496,676.6,613.9
2026-03-27 15:30:00,2.3831177453907264,10.040617384240448,677.3,615.5
2026-03-27 15:45:00,2.2971339378635536,9.915337023770764,675.1,614.2
2026-03-27 16:00:00,2.7378525830834595,10.55747409965464,672.3,608.1
2026-03-27 16:15:00,2.5054498156984484,10.218857989139352,669.8,607.7
2026-03-27 16:30:00,2.322445250106039,9.95221618058988,667.3,606.9
2026-03-27 16:45:00,2.3710548520425774,10.02304147465438,668.5,607.6
2026-03-27 17:00:00,2.2954420729658476,9.912871938188417,668.6,608.3
2026-03-27 17:15:00,2.2153573783842058,9.796186719263655,668.0,608.4
2026-03-27 17:30:00,2.088660555078119,9.611586570111918,666.0,607.6
2026-03-27 17:45:00,1.831806139435447,9.237343852728475,664.6,608.4
2026-03-27 18:00:00,1.6492873238470818,8.971409792967467,663.2,608.6
2026-03-27 18:15:00,1.7005170253293314,9.046052631578938,663.0,608.0
2026-03-27 18:30:00,1.5517752292688445,8.829332456428784,661.9,608.2
2026-03-27 18:45:00,1.6009315013225105,8.900954261270154,661.9,607.8
2026-03-27 19:00:00,1.8439274811246498,9.255004922874964,665.8,609.4
2026-03-27 19:15:00,1.7302778703019634,9.08941485864565,663.7,608.4
2026-03-27 19:30:00,1.6471124197790397,8.968240908342938,662.2,607.7
2026-03-27 19:45:00,1.759999607725326,9.132720105124848,664.4,608.8
2026-03-27 20:00:00,1.8040568207171366,9.196912465100992,664.9,608.9
2026-03-27 20:15:00,1.7692795268678845,9.14624115808522,663.5,607.9
2026-03-27 20:30:00,1.7991226869651522,9.189723320158103,663.0,607.2
2026-03-27 20:45:00,1.8596011059884439,9.277841750287871,664.3,607.9
2026-03-27 21:00:00,1.9312176144083735,9.382188629641796,665.7,608.6
2026-03-27 21:15:00,1.9548339673590487,9.416598192276073,665.8,608.5
2026-03-27 21:30:00,1.891077257083807,9.3237032173342,666.0,609.2
2026-03-27 21:45:00,1.8798111523670842,9.30728824688114,665.9,609.2
2026-03-27 22:00:00,1.815328476150587,9.213335523074395,665.0,608.9
2026-03-27 22:15:00,1.8674984999284598,9.289348432627609,665.9,609.3
2026-03-27 22:30:00,1.8355997227462344,9.24287118977385,666.6,610.2
2026-03-27 22:45:00,1.8337057328510462,9.240111603479416,665.6,609.3
2026-03-27 23:00:00,1.9582640745948139,9.421595936424708,667.8,610.3
2026-03-27 23:15:00,1.9111772427635036,9.35298935298936,667.6,610.5
2026-03-27 23:30:00,2.030549060467535,9.526916802610108,671.4,613.0
2026-03-28 09:45:00,1.97562543012185,9.446891825746452,670.8,612.9
2026-03-28 10:00:00,1.7985138963135159,9.188836298351545,669.0,612.7
2026-03-28 10:15:00,1.9430837143662067,9.399477806788514,670.4,612.8
2026-03-28 10:30:00,2.030549060467535,9.526916802610108,671.4,613.0
2026-03-28 10:45:00,2.102452589451375,9.631681877444588,672.7,613.6
2026-03-28 11:00:00,2.0172238242478264,9.507501630789283,671.5,613.2
2026-03-28 11:15:00,1.9847048166215944,9.460120698091655,671.1,613.1
2026-03-28 11:30:00,1.8148755478205179,9.212675596210374,668.6,612.2
2026-03-28 11:45:00,1.869888221983761,9.292830311938616,669.2,612.3
2026-03-28 12:00:00,2.0268151432771377,9.521476400457306,670.6,612.3
2026-03-28 12:15:00,2.0919137373791443,9.61632653061224,671.4,612.5
2026-03-28 12:30:00,2.1143245487862576,9.64897959183675,671.6,612.5
2026-03-28 12:45:00,2.0908363648751647,9.614756774404176,671.5,612.6
2026-03-28 13:00:00,2.1378204035607995,9.683213585891592,671.7,612.4
2026-03-28 13:15:00,2.1266131681045075,9.666884389288043,671.6,612.4
2026-03-28 13:30:00,2.116487669730499,9.652131308182277,671.4,612.3
2026-03-28 13:45:00,2.092991461735678,9.617896799477466,671.3,612.4
2026-03-28 14:00:00,2.0908363648751647,9.614756774404176,671.5,612.6
2026-03-28 14:15:00,2.1457680840010593,9.694793536804314,672.1,612.7
2026-03-28 14:30:00,2.1110825147927152,9.644255874673636,671.9,612.8
2026-03-28 14:45:00,2.1009610920413797,9.629508731842671,671.7,612.7
2026-03-28 15:00:00,2.0193527945728773,9.510603588907006,671.3,613.0
2026-03-28 15:15:00,2.0662828346789848,9.57898172323761,671.5,612.8
2026-03-28 15:30:00,2.0070936960651595,9.492741803947148,671.3,613.1
2026-03-28 15:45:00,2.0417453263621925,9.54323001631321,671.5,613.0
2026-03-28 16:00:00,2.11324351797156,9.64740450538688,671.7,612.6
2026-03-28 16:15:00,2.0572256352305875,9.565785177930142,671.2,612.6
2026-03-28 16:30:00,2.058297520268507,9.567346938775522,671.1,612.5
2026-03-28 16:45:00,2.0337506041018485,9.53158152440019,671.1,612.7
2026-03-28 17:00:00,2.0156060774704585,9.505144536991672,670.5,612.3
2026-03-28 17:15:00,2.038024209083802,9.53780826392292,670.7,612.3
2026-03-28 17:30:00,2.0022704917507594,9.485714285714298,670.6,612.5
2026-03-28 17:45:00,1.9809191071728989,9.454604833442184,670.3,612.4
2026-03-28 18:00:00,1.9675970228450206,9.435194253999343,670.4,612.6
2026-03-28 18:15:00,1.9788005993932198,9.451518119490698,670.5,612.6
2026-03-28 18:30:00,1.9809191071728989,9.454604833442184,670.3,612.4
2026-03-28 18:45:00,1.9105313762127254,9.352048310755666,670.0,612.7
2026-03-29 09:45:00,2.113930572952024,9.648405560098116,670.5,611.5
2026-03-29 10:00:00,2.1201191876247907,9.657422512234914,672.2,613.0
2026-03-29 10:15:00,2.2401632795807784,9.832329480709756,674.7,614.3
2026-03-29 10:30:00,2.1428581836681646,9.690553745928332,673.5,614.0
2026-03-29 10:45:00,2.1753037790756027,9.737827715355806,673.9,614.1
2026-03-29 11:00:00,2.2355773729611412,9.825647710607788,674.0,613.7
2026-03-29 11:15:00,2.2333803872647855,9.822446652549278,674.2,613.9
2026-03-29 11:30:00,2.211020683751429,9.789868056686757,674.0,613.9
2026-03-29 11:45:00,2.2344787011470477,9.824046920821129,674.1,613.8
2026-03-29 12:00:00,2.265816523941241,9.86970684039088,674.6,614.0
2026-03-29 12:15:00,2.2311848325963943,9.819247679531015,674.4,614.1
2026-03-29 12:30:00,2.2333803872647855,9.822446652549278,674.2,613.9
2026-03-29 12:45:00,2.211020683751429,9.789868056686757,674.0,613.9
2026-03-29 13:00:00,2.1987483383377504,9.771986970684043,674.0,614.0
2026-03-29 13:15:00,2.17639227646991,9.73941368078175,673.8,614.0
2026-03-29 13:30:00,2.1251981315418527,9.664822648877314,674.0,614.6
2026-03-29 13:45:00,2.102863894661201,9.632281158477053,673.8,614.6
2026-03-29 14:00:00,2.105015891443983,9.635416666666677,673.6,614.4
2026-03-29 14:15:00,2.143941573211361,9.692132269099195,673.4,613.9
2026-03-29 14:30:00,2.292602991811565,9.908735332464149,674.4,613.6
2026-03-29 14:45:00,2.29371149600289,9.910350448247751,674.3,613.5
2026-03-29 15:00:00,2.2469373443160645,9.842199446884647,675.2,614.7
2026-03-29 15:15:00,2.252436373595079,9.850211657440578,674.7,614.2
2026-03-29 15:30:00,2.25463849300732,9.853420195439732,674.5,614.0
2026-03-29 15:45:00,2.2914948488730085,9.907120743034035,674.5,613.7
2026-03-29 16:00:00,2.245660374319776,9.840338872596943,674.2,613.8
2026-03-29 16:15:00,2.132761721454691,9.675842971167947,673.3,613.9
2026-03-29 16:30:00,2.1551214249680477,9.708421567030468,673.5,613.9
2026-03-29 16:45:00,2.1785703352833727,9.742587161942009,673.6,613.8
2026-03-29 17:00:00,2.247861720667979,9.843546284224235,674.0,613.6
2026-03-29 17:15:00,2.2590470384538794,9.85984354628422,674.1,613.6
2026-03-29 17:30:00,2.2333803872647855,9.822446652549278,674.2,613.9
2026-03-29 17:45:00,2.2211044002055895,9.804560260586335,674.2,614.0
2026-03-29 18:00:00,2.276994554875163,9.885993485342029,674.7,614.0
2026-03-29 18:15:00,2.2982420968213475,9.91695163654127,675.0,614.1
2026-03-29 18:30:00,2.32281920131821,9.95276103599936,675.0,613.9
2026-03-29 18:45:00,2.3686152001103755,10.0194868463787,677.5,615.8
2026-03-30 06:45:00,2.4779991794250327,10.178861788617889,677.6,615.0
2026-03-30 07:00:00,2.3205945182296803,9.949519622211378,675.2,614.1
2026-03-30 07:15:00,2.3954554842646743,10.05859375000002,676.2,614.4
2026-03-30 07:30:00,2.3954554842646743,10.05859375000002,676.2,614.4
2026-03-30 07:45:00,2.3842847306946444,10.042317708333348,676.1,614.4
2026-03-30 08:00:00,2.2581026460785947,9.858467545143968,675.3,614.7
2026-03-30 08:15:00,2.284967962606184,9.89761092150172,676.2,615.3
2026-03-30 08:30:00,2.3205945182296803,9.949519622211378,675.2,614.1
2026-03-30 08:45:00,2.35300589319914,9.996743731683488,675.6,614.2
2026-03-30 09:00:00,2.468711783089737,10.165329841217874,673.0,610.9
2026-03-30 09:15:00,2.479946536721142,10.181699132427568,673.1,610.9
2026-03-30 09:30:00,2.403645293754249,10.070526488436936,671.1,609.7
2026-03-30 09:45:00,2.361965112686347,10.009797517962138,673.7,612.4
2026-03-30 10:00:00,2.309117881602642,9.932797901983292,670.7,610.1
2026-03-30 10:15:00,2.2731464403426145,9.880386695068012,670.6,610.3
2026-03-30 10:30:00,2.394717498572781,10.05751848808547,669.7,608.5
2026-03-30 10:45:00,2.440112712798682,10.123660346248965,667.9,606.5
2026-03-30 11:00:00,2.5445969478377926,10.275896249793504,667.5,605.3
2026-03-30 11:15:00,2.55178720209983,10.286372613561555,670.1,607.6
2026-03-30 11:30:00,2.651580171590086,10.4317732366513,670.1,606.8
2026-03-30 11:45:00,2.6682882183380627,10.456117240243712,670.8,607.3
2026-03-30 12:00:00,2.7307102244781554,10.547067520946277,672.9,608.7
2026-03-30 12:15:00,2.7584364262381613,10.587465226640468,675.8,611.1
2026-03-30 12:30:00,2.8394586529260404,10.705516451137663,676.3,610.9
2026-03-30 12:45:00,2.7763166099198804,10.61351706036744,674.3,609.6
2026-03-30 13:00:00,2.7282956584159943,10.543549443353006,675.2,610.8
2026-03-30 13:15:00,2.7643867264742084,10.596134949230262,675.3,610.6
2026-03-30 13:30:00,2.6893254947121936,10.486769029728826,676.4,612.2
2026-03-30 13:45:00,2.6846259219294804,10.47992164544562,676.8,612.6
2026-03-30 14:00:00,2.8683330540879894,10.747587109438903,677.0,611.3
2026-03-30 14:15:00,2.9156715005434273,10.81656030109639,677.2,611.1
2026-03-30 14:30:00,2.9840870007723597,10.916243238813305,676.7,610.1
2026-03-30 14:45:00,3.0465257041491918,11.007217847769034,676.7,609.6
2026-03-30 15:00:00,3.115328535245436,11.107465135356854,677.2,609.5
2026-03-30 15:15:00,3.180461475615344,11.202365308804207,677.0,608.8
2026-03-30 15:30:00,3.3872752100293457,11.503697617091202,678.5,608.5
2026-03-30 15:45:00,3.395067951038109,11.51505181773318,677.9,607.9
2026-03-30 16:00:00,3.31603656930762,11.39990129955586,677.2,607.9
2026-03-30 16:15:00,3.288074241956748,11.359159553512788,678.4,609.2
2026-03-30 16:30:00,3.2203261924817586,11.260449106703806,678.8,610.1
2026-03-30 16:45:00,3.15022320799771,11.158307466100291,680.4,612.1
2026-03-30 17:00:00,3.2865455079833983,11.356932153392329,679.5,610.2
2026-03-30 17:15:00,3.3907657760024206,11.508783450993263,679.2,609.1
2026-03-30 17:30:00,3.4011538555658243,11.52391911885584,678.4,608.3
2026-03-30 17:45:00,3.4536411834393737,11.600394347683206,679.2,608.6
2026-03-30 18:00:00,3.30264066783578,11.3803831668577,680.2,610.7
2026-03-30 18:15:00,3.3000835518135774,11.37665739073499,680.4,610.9
2026-03-30 18:30:00,3.2737925372209715,11.338350785340312,680.5,611.2
2026-03-30 18:45:00,3.2737925372209715,11.338350785340312,680.5,611.2
2026-03-30 19:00:00,3.318709493984213,11.403795811518314,680.9,611.2
2026-03-30 19:15:00,3.217646341266908,11.256544502617793,680.0,611.2
2026-03-30 19:30:00,3.2314081322752277,11.27659574468085,679.9,611.0
2026-03-30 19:45:00,3.18521734220957,11.209294714449358,679.6,611.1
2026-03-30 20:00:00,3.2462592358956948,11.298234139960762,680.7,611.6
2026-03-30 20:15:00,3.2151191196237194,11.252862283284282,680.2,611.4
2026-03-30 20:30:00,3.2363035890475547,11.28372853638593,680.5,611.5
2026-03-30 20:45:00,3.181442421913087,11.203794569839708,679.9,611.4
2026-03-30 21:00:00,3.197709387626665,11.227495908346974,679.6,611.0
2026-03-30 21:15:00,3.2076794956817327,11.24202258222875,679.8,611.1
2026-03-30 21:30:00,3.2138561287256446,11.251022076860174,680.3,611.5
2026-03-30 21:45:00,3.1888912648103322,11.214647703122438,680.3,611.7
2026-03-30 22:00:00,3.2985394387552316,11.374407582938396,681.5,611.9
2026-03-30 22:15:00,3.3766734780057304,11.488250652741527,683.2,612.8
2026-03-30 22:30:00,3.1625575744839662,11.1762789182144,682.4,613.8
2026-03-30 22:45:00,3.1625575744839662,11.1762789182144,682.4,613.8
2026-03-30 23:00:00,3.2298118084274683,11.274269864578246,682.0,612.9
2026-03-30 23:15:00,3.1327470697711353,11.132844335778325,681.8,613.5
2026-03-30 23:30:00,3.2733345747743683,11.337683523654164,682.5,613.0
2026-03-31 06:45:00,3.206156979406424,11.239804241435555,681.9,613.0
2026-03-31 07:00:00,3.2127332043555175,11.24938595054854,679.4,610.7
2026-03-31 07:15:00,3.1502709061220386,11.15837696335078,679.4,611.2
2026-03-31 07:30:00,3.152777728095253,11.162029459901811,679.2,611.0
2026-03-31 07:45:00,3.099103226822982,11.083824492468896,678.5,610.8
2026-03-31 08:00:00,3.185316732269179,11.2094395280236,678.6,610.2
2026-03-31 08:15:00,3.2867947171801455,11.35729525685214,678.5,609.3
2026-03-31 08:30:00,3.389469184407202,11.506894287590264,679.3,609.2
2026-03-31 08:45:00,3.378203079690494,11.490479317137224,679.2,609.2
2026-03-31 09:00:00,3.4124366288576624,11.540358375801429,678.5,608.3
2026-03-31 09:15:00,3.5391929556095594,11.72504522282518,679.4,608.1
2026-03-31 09:30:00,3.4893362680218165,11.65240289664251,678.4,607.6
2026-03-31 09:45:00,3.3237666270629225,11.411164169273857,676.6,607.3
2026-03-31 10:00:00,3.4133109740261838,11.541632316570482,676.5,606.5
2026-03-31 10:15:00,3.3841720735568774,11.499176276770996,676.8,607.0
2026-03-31 10:30:00,3.1266150364296186,11.123909823926258,675.3,607.7
2026-03-31 10:45:00,3.0752000633896466,11.048997040447215,675.4,608.2
2026-03-31 11:00:00,3.09520209513485,11.078140454995044,673.8,606.6
2026-03-31 11:15:00,3.126628065004413,11.123928806855645,674.3,606.8
2026-03-31 11:30:00,3.121609821884115,11.116617112652794,672.7,605.4
2026-03-31 11:45:00,3.073757807382011,11.046895640686929,672.5,605.6
2026-03-31 12:00:00,3.1140612816428606,11.105618718075473,674.3,606.9
2026-03-31 12:15:00,2.8953045872885617,10.786885245901631,675.8,610.0
2026-03-31 12:30:00,3.0565435020839145,11.02181400688862,676.9,609.7
2026-03-31 12:45:00,3.129111800585644,11.127547666009209,676.1,608.4
2026-03-31 13:00:00,3.146640954951306,11.153088042049951,676.7,608.8
2026-03-31 13:15:00,3.0399899419781153,10.99769509384263,674.2,607.4
2026-03-31 13:30:00,3.0814393840128114,11.0580878723054,674.9,607.7
2026-03-31 13:45:00,2.9962076645833946,10.933903321275906,674.7,608.2
2026-03-31 14:00:00,2.9581985362873087,10.878523158068232,672.7,606.7
2026-03-31 14:15:00,3.017241914224295,10.96455070074196,673.0,606.5
2026-03-31 14:30:00,3.054838141797951,11.019329258219068,672.0,605.3
2026-03-31 14:45:00,3.111531607793526,11.101932925821911,672.5,605.3
2026-03-31 15:00:00,3.1052052177138822,11.092715231788077,671.0,604.0
2026-03-31 15:15:00,3.029538940465486,10.98246774727092,671.0,604.6
2026-03-31 15:30:00,3.10011388619839,11.085297046133412,669.4,602.6
2026-03-31 15:45:00,3.0469276007349197,11.007803420222494,668.6,602.3
2026-03-31 16:00:00,2.974829417350616,10.90275472950546,668.3,602.6
2026-03-31 16:15:00,2.9785565797145783,10.908185289722727,668.0,602.3
2026-03-31 16:30:00,3.0569758106404747,11.022443890274314,667.8,601.5
2026-03-31 16:45:00,3.0721668033271365,11.044577511643382,667.6,601.2
2026-03-31 17:00:00,3.163563422145681,11.17774446110278,667.4,600.3
2026-03-31 17:15:00,3.1229080463095547,11.118508655126512,667.6,600.8
2026-03-31 17:30:00,3.176364412708273,11.196395795094285,666.4,599.3
2026-03-31 17:45:00,3.1673992389677688,11.183333333333344,667.1,600.0
2026-03-31 18:00:00,3.1674737031998683,11.183441829410778,666.1,599.1
2026-03-31 18:15:00,3.142007774997164,11.146337393625917,666.1,599.3
2026-03-31 18:30:00,3.241013630680465,11.290591174021646,668.3,600.5
2026-03-31 18:45:00,3.1356305842694088,11.137045681893976,666.6,599.8
2026-03-31 19:00:00,3.2081459740983034,11.242702251876558,666.9,599.5
2026-03-31 19:15:00,3.216868558465816,11.255411255411252,668.2,600.6
2026-03-31 19:30:00,3.119103349856415,11.112965125980324,665.9,599.3
2026-03-31 19:45:00,3.1165588382394342,11.1092577147623,666.1,599.5
2026-03-31 20:00:00,3.2134414773773314,11.250417920427935,665.5,598.2
2026-03-31 20:15:00,3.1906044232155786,11.2171438138289,664.3,597.3
2026-03-31 20:30:00,3.245461025789756,11.297071129707104,665.0,597.5
2026-03-31 20:45:00,3.27234093429811,11.33623576691225,664.9,597.2
2026-03-31 21:00:00,3.3340686815485627,11.426174496644292,664.1,596.0
2026-03-31 21:15:00,3.3353846974746575,11.428091961738552,664.0,595.9
2026-03-31 21:30:00,3.319926214634543,11.405568601140548,664.2,596.2
2026-03-31 21:45:00,3.3521784723885495,11.4525608732158,663.7,595.5
2026-03-31 22:00:00,3.3991822557385434,11.521046453127637,665.0,596.3
2026-03-31 22:15:00,3.387672426804395,11.504276370954214,664.9,596.3
2026-03-31 22:30:00,3.4390426920053137,11.579124014096331,664.9,595.9
2026-03-31 22:45:00,3.494513496799501,11.659946236559126,664.6,595.2
2026-03-31 23:00:00,3.432855511773867,11.570109151973115,664.4,595.5
2026-03-31 23:15:00,3.534511759186525,11.718224613315398,664.5,594.8
2026-03-31 23:30:00,3.4390426920053137,11.579124014096331,664.9,595.9
2026-04-01 06:45:00,3.4133489416787657,11.541687636302632,664.9,596.1
2026-04-01 07:00:00,3.2354474621031715,11.282481139983226,663.8,596.5
2026-04-01 07:15:00,3.4602234929204645,11.609984922097505,666.2,596.9
2026-04-01 07:30:00,3.361060898533479,11.465502769850588,664.0,595.7
2026-04-01 07:45:00,3.376553089211319,11.488075243533746,663.8,595.4
2026-04-01 08:00:00,3.465805153409649,11.61811752820341,662.9,593.9
2026-04-01 08:15:00,3.5070521313027436,11.67821531181341,660.8,591.7
2026-04-01 08:30:00,3.344022863685537,11.440677966101688,657.5,590.0
2026-04-01 08:45:00,3.413368426685788,11.541716026400415,659.1,590.9
2026-04-01 09:00:00,3.4598284774112806,11.609409375528855,659.5,590.9
2026-04-01 09:15:00,3.47116947672491,11.625933469110649,657.7,589.2
2026-04-01 09:30:00,3.458168908316141,11.606991345664364,657.7,589.3
2026-04-01 09:45:00,3.493471825887035,11.658428498380768,655.1,586.7
2026-04-01 10:00:00,3.600679483341011,11.814632490239353,658.7,589.1
2026-04-01 10:15:00,3.4209578708650903,11.5527740189445,659.5,591.2
2026-04-01 10:30:00,3.134633714733622,11.13559322033899,655.7,590.0
2026-04-01 10:45:00,2.984020570540162,10.9161464484562,657.4,592.7
2026-04-01 11:00:00,2.856696448335077,10.730632310561129,653.2,589.9
2026-04-01 11:15:00,2.7893623587531065,10.632525012718318,652.4,589.7
2026-04-01 11:30:00,2.7814321225481766,10.620970478452673,652.0,589.4
2026-04-01 11:45:00,2.796794814275867,10.643354269224226,651.8,589.1
2026-04-01 12:00:00,2.9601427572736934,10.881355932203409,654.2,590.0
2026-04-01 12:15:00,3.0426221989124493,11.001530351980948,652.8,588.1
2026-04-01 12:30:00,2.9047733381773564,10.8006814310051,650.4,587.0
2026-04-01 12:45:00,2.9619616716999384,10.884006131834443,651.0,587.1
2026-04-01 13:00:00,2.9619616716999384,10.884006131834443,651.0,587.1
2026-04-01 13:15:00,3.0412212844621176,10.99948918780862,651.9,587.3
2026-04-01 13:30:00,3.0244048345794914,10.974987238386923,652.2,587.7
2026-04-01 13:45:00,3.098357181323666,11.082737487231874,652.5,587.4
2026-04-01 14:00:00,3.0242615430960567,10.974778459441058,651.2,586.8
2026-04-01 14:15:00,3.0100029786216833,10.95400340715502,651.3,587.0
2026-04-01 14:30:00,2.9183842375396765,10.820512820512818,648.3,585.0
2026-04-01 14:45:00,2.806836285716007,10.657984921178889,645.8,583.6
2026-04-01 15:00:00,2.8316145421643664,10.694087403598962,645.9,583.5
2026-04-01 15:15:00,2.8828262252813315,10.768703989042972,647.0,584.1
2026-04-01 15:30:00,2.841691336074346,10.70876952119444,645.1,582.7
2026-04-01 15:45:00,2.8706951978734208,10.75102880658434,645.9,583.2
2026-04-01 16:00:00,3.0301467606406467,10.983353355071213,646.7,582.7
2026-04-01 16:15:00,3.0211019339559515,10.970174837161473,647.4,583.4
2026-04-01 16:30:00,3.100817544853007,11.086322292774998,647.3,582.7
2026-04-01 16:45:00,2.992237039630526,10.928118030536972,646.6,582.9
2026-04-01 17:00:00,2.8647647144755277,10.742387957577826,647.4,584.6
2026-04-01 17:15:00,2.8220209790993094,10.68010936431989,647.7,585.2
2026-04-01 17:30:00,2.9670545858937034,10.891426623487298,650.6,586.7
2026-04-01 17:45:00,2.978752746782451,10.908471109596052,650.7,586.7
2026-04-01 18:00:00,3.0527079005479036,11.01622544833476,650.0,585.5
2026-04-01 18:15:00,2.9668229391434404,10.8910891089109,649.6,585.8
2026-04-01 18:30:00,2.870076653042108,10.750127572716451,651.1,587.9
2026-04-01 18:45:00,2.988094558148865,10.922082340932304,652.0,587.8
2026-04-01 19:00:00,2.9360453966010263,10.846245530393327,651.0,587.3
2026-04-01 19:15:00,2.8813889736341824,10.766609880749575,650.2,587.0
2026-04-01 19:30:00,2.835438298256243,10.69965870307168,648.7,586.0
2026-04-01 19:45:00,2.7694262626625066,10.603477667916806,648.8,586.6
2026-04-01 20:00:00,2.731264466392795,10.547875064004096,647.7,585.9
2026-04-01 20:15:00,2.717083988776164,10.527213786043331,647.8,586.1
2026-04-01 20:30:00,2.7232530070572336,10.536202185792344,647.3,585.6
2026-04-01 20:45:00,2.760895982161588,10.591048855483432,647.4,585.4
2026-04-01 21:00:00,2.7454546284742474,10.568550452450063,647.6,585.7
2026-04-01 21:15:00,2.7806090300113198,10.619771213932028,647.9,585.7
2026-04-01 21:30:00,2.8283711462783896,10.68936170212764,650.3,587.5
2026-04-01 21:45:00,2.806251674283135,10.657133129043238,650.0,587.4
2026-04-01 22:00:00,2.7980350290528357,10.64516129032258,651.7,589.0
2026-04-01 22:15:00,2.9079436954497933,10.805300713557608,652.2,588.6
2026-04-01 22:30:00,2.836303059485177,10.70091867982308,650.7,587.8
2026-04-01 22:45:00,2.812950521229231,10.6668935011909,650.5,587.8
2026-04-01 23:00:00,2.825874484250731,10.68572400884804,650.5,587.7
2026-04-01 23:15:00,2.8025179724473515,10.651693040667,650.3,587.7
2026-04-01 23:30:00,2.919300531464259,10.82184788157221,651.3,587.7
2026-04-02 06:45:00,3.05330303356317,11.01709257065493,656.0,590.9
2026-04-02 07:00:00,3.0767209027967826,11.051212938005396,659.2,593.6
2026-04-02 07:15:00,3.182173618072177,11.204859939250756,659.0,592.6
2026-04-02 07:30:00,3.0804994955657565,11.056718433490875,657.9,592.4
2026-04-02 07:45:00,3.1590728684960308,11.171201622443782,657.8,591.7
2026-04-02 08:00:00,3.0289328962950512,10.981584727149851,656.9,591.9
2026-04-02 08:15:00,3.231112329655095,11.276164753544917,659.2,592.4
2026-04-02 08:30:00,3.2385914450945172,11.28706199460916,660.6,593.6
2026-04-02 08:45:00,3.235625190313839,11.282740094022811,662.8,595.6
2026-04-02 09:00:00,3.198589289851485,11.228777945873269,661.7,594.9
2026-04-02 09:15:00,3.190934878247254,11.217625294315493,661.3,594.6
2026-04-02 09:30:00,3.170352626334603,11.187636485805474,661.9,595.3
2026-04-02 09:45:00,3.089648482282931,11.070048714933666,661.2,595.3
2026-04-02 10:00:00,3.1537839430670758,11.16349553796936,660.2,593.9
2026-04-02 10:15:00,3.044579051170043,11.004381530165164,658.7,593.4
2026-04-02 10:30:00,2.975797505325281,10.904165255672194,655.0,590.6
2026-04-02 10:45:00,2.872458958046568,10.753598645215924,654.0,590.5
2026-04-02 11:00:00,3.2285003881931607,11.272359095511298,659.4,592.6
2026-04-02 11:15:00,3.21068812506615,11.246406223575178,657.8,591.3
2026-04-02 11:30:00,3.1268419060547887,11.124240378122895,658.3,592.4
2026-04-02 11:45:00,3.156482179835629,11.1674269302247,658.0,591.9
2026-04-02 12:00:00,2.8533190738483056,10.725711399225467,657.6,593.9
2026-04-02 12:15:00,2.8211182062028533,10.678794003705573,657.1,593.7
2026-04-02 12:30:00,2.874820376208962,10.757039285112114,656.9,593.1
2026-04-02 12:45:00,2.7888956362034905,10.631844987363117,656.6,593.5
2026-04-02 13:00:00,2.9455086646075603,10.860033726812812,657.4,593.0
2026-04-02 13:15:00,2.7847041511663817,10.625737898465172,655.9,592.9
2026-04-02 13:30:00,2.9354667934231693,10.845402492421696,658.2,593.8
2026-04-02 13:45:00,2.9741396093122003,10.90174966352626,659.2,594.4
2026-04-02 14:00:00,2.9588243681101964,10.87943500924835,659.4,594.7
2026-04-02 14:15:00,2.9638500417364035,10.886757529867076,659.0,594.3
2026-04-02 14:30:00,2.9485374163200686,10.864446686848297,659.2,594.6
2026-04-02 14:45:00,2.927279269439038,10.83347308401812,660.9,596.3
2026-04-02 15:00:00,2.826501438749667,10.68663749579266,657.7,594.2
2026-04-02 15:15:00,2.8756978962305646,10.758317851714216,655.8,592.1
2026-04-02 15:30:00,2.862861543975839,10.739614994934122,655.8,592.2
2026-04-02 15:45:00,2.761010847037305,10.591216216216214,654.7,592.0
2026-04-02 16:00:00,2.5751444963283507,10.320404721753796,654.2,593.0
2026-04-02 16:15:00,2.526476446905953,10.249494268374914,654.0,593.2
2026-04-02 16:30:00,2.6126005076717838,10.374978980998817,656.4,594.7
2026-04-02 16:45:00,2.6209918704845476,10.38720538720539,655.7,594.0
2026-04-02 17:00:00,2.4945973398069667,10.20304568527919,651.3,591.0
2026-04-02 17:15:00,2.4226877449162214,10.098271772280576,649.8,590.2
2026-04-02 17:30:00,2.6616803556452155,10.446489434219508,648.1,586.8
2026-04-02 17:45:00,2.7164676658033047,10.526315789473673,648.9,587.1
2026-04-02 18:00:00,2.5959357092139737,10.35069799114745,648.2,587.4
2026-04-02 18:15:00,2.715853438810633,10.525420846794752,650.0,588.1
2026-04-02 18:30:00,2.7226057608651786,10.535259133389976,650.5,588.5
2026-04-02 18:45:00,2.858402370011959,10.73311787719,651.0,587.9
2026-04-02 19:00:00,2.686396109865232,10.482500849473308,650.3,588.6
2026-04-02 19:15:00,2.685174016042942,10.480720231017491,650.4,588.7
2026-04-02 19:30:00,2.725063920301824,10.538840727519982,650.3,588.3
2026-04-02 19:45:00,2.737961955676944,10.557633458007466,650.3,588.2
2026-04-02 20:00:00,2.79630359961969,10.64263855831349,650.8,588.2
2026-04-02 20:15:00,2.8092159416968685,10.661452133990812,650.8,588.1
2026-04-02 20:30:00,2.768552968641665,10.602205258693797,652.0,589.5
2026-04-02 20:45:00,2.7452677744315825,10.568278201865988,651.8,589.5
2026-04-02 21:00:00,2.7391208778244156,10.559322033898288,652.3,590.0
2026-04-02 21:15:00,2.7372453927687674,10.556589409575356,653.5,591.1
2026-04-02 21:30:00,2.6987544768663314,10.500507270882654,653.5,591.4
2026-04-02 21:45:00,2.6791899791887976,10.472001353408888,653.0,591.1
2026-04-02 22:00:00,2.7201374276833383,10.53166271588215,652.8,590.6
2026-04-02 22:15:00,2.797284530311063,10.644067796610155,652.8,590.0
2026-04-02 22:30:00,2.7886274314002386,10.631454206873192,653.5,590.7
2026-04-02 22:45:00,2.717690505662455,10.52809749492214,653.0,590.8
2026-04-02 23:00:00,2.6663651533878183,10.453315290933697,653.0,591.2
2026-04-02 23:15:00,2.6932376404405667,10.492469114909465,652.9,590.9
2026-04-02 23:30:00,2.776295679408675,10.613486564137231,654.5,591.7
2026-04-03 06:45:00,2.7317093069168497,10.54852320675106,655.0,592.5
2026-04-03 07:00:00,2.727417622184301,10.542270124621078,656.4,593.8
2026-04-03 07:15:00,2.6975966955874218,10.498820357263238,655.7,593.4
2026-04-03 07:30:00,2.6445877778806954,10.421585160202351,654.8,593.0
2026-04-03 07:45:00,2.616194385900098,10.380215343203236,656.1,594.4
2026-04-03 08:00:00,2.7231660741618757,10.53607552258935,655.7,593.2
2026-04-03 08:15:00,2.7134270353791545,10.521885521885531,656.5,594.0
2026-04-03 08:30:00,2.785209058639543,10.626473560121251,656.9,593.8
2026-04-03 08:45:00,2.819883920512698,10.67699562142137,657.2,593.8
2026-04-03 09:00:00,2.7182991356075563,10.528984282575626,654.0,591.7
2026-04-03 09:15:00,2.574319605690088,10.319202837358564,653.2,592.1
2026-04-03 09:30:00,2.5734922035444536,10.317997293640047,652.2,591.2
2026-04-03 09:45:00,2.5779098675155514,10.324433930381891,652.9,591.8
2026-04-03 10:00:00,2.5559088129644296,10.292377894203142,652.6,591.7
2026-04-03 10:15:00,2.6786428601079386,10.471204188481664,654.1,592.1
2026-04-03 10:30:00,2.654250267579976,10.43566362715298,654.0,592.2
2026-04-03 10:45:00,2.603565086275709,10.361814166808214,649.7,588.7
2026-04-03 11:00:00,2.5593324322195774,10.29736618521666,649.1,588.5
2026-04-03 11:15:00,2.7312166373333806,10.547805375978214,649.8,587.8
2026-04-03 11:30:00,2.817935894564767,10.6741573033708,650.1,587.4
2026-04-03 11:45:00,2.8425557185022905,10.710028946024195,650.2,587.3
2026-04-03 12:00:00,2.77030823426656,10.604762720575645,645.6,583.7
2026-04-03 12:15:00,2.7603463818028753,10.59024807527802,646.4,584.5
2026-04-03 12:30:00,2.8542839146470045,10.727117194183066,647.2,584.5
2026-04-03 12:45:00,2.824075061153402,10.68310220852593,646.5,584.1
2026-04-03 13:00:00,2.6874311273453557,10.484008893449626,646.0,584.7
2026-04-03 13:15:00,2.6671028698496757,10.454390160573968,646.6,585.4
2026-04-03 13:30:00,2.528503130339823,10.252447192169,642.0,582.3
2026-04-03 13:45:00,2.5728436049658705,10.317052270779792,643.7,583.5
2026-04-03 14:00:00,2.4960266379443556,10.205128205128222,644.7,585.0
2026-04-03 14:15:00,2.465598491799476,10.160793705097504,644.0,584.6
2026-04-03 14:30:00,2.512559223879001,10.229216558330467,644.4,584.6
2026-04-03 14:45:00,2.5324266083089695,10.258163788681829,644.9,584.9
2026-04-03 15:00:00,2.459639109887142,10.152110750299093,644.5,585.1
2026-04-03 15:15:00,2.4351286775325267,10.116398493666544,643.3,584.2
2026-04-03 15:30:00,2.525502549692544,10.248075278015389,644.4,584.5
2026-04-03 15:45:00,2.5700493761323555,10.312981015905589,645.0,584.7
2026-04-03 16:00:00,2.67132203442081,10.46053757918166,645.2,584.1
2026-04-03 16:15:00,2.6806108116621807,10.474071538593188,645.5,584.3
2026-04-03 16:30:00,2.794323616356225,10.639753677728358,646.8,584.6
2026-04-03 16:45:00,2.8203111262031184,10.677618069815198,646.8,584.4
2026-04-03 17:00:00,2.8542839146470045,10.727117194183066,647.2,584.5
2026-04-03 17:15:00,2.9183842375396765,10.820512820512818,648.3,585.0
2026-04-03 17:30:00,2.81985222683716,10.67694944301627,645.8,583.5
2026-04-03 17:45:00,2.840430223933303,10.706932052162,645.2,582.8
2026-04-03 18:00:00,2.765866215463589,10.598290598290603,647.0,585.0
2026-04-03 18:15:00,2.760895982161588,10.591048855483432,647.4,585.4
2026-04-03 18:30:00,2.65344142011762,10.434485118029423,645.6,584.6
2026-04-03 18:45:00,2.8333115525735555,10.696559986308408,646.8,584.3
2026-04-03 19:00:00,2.713999426005632,10.5227195080287,647.0,585.4
2026-04-03 19:15:00,2.6985820930914564,10.500256103807404,647.2,585.7
2026-04-03 19:30:00,2.6844079311927698,10.47960402799113,647.3,585.9
2026-04-03 19:45:00,2.733736494628542,10.551476865289388,647.5,585.7
2026-04-03 20:00:00,2.778121001592821,10.616146100017064,648.1,585.9
2026-04-03 20:15:00,2.8040452977027166,10.65391838825336,648.1,585.7
2026-04-03 20:30:00,2.8087429283349925,10.660762942779268,649.8,587.2
2026-04-03 20:45:00,2.7742050031145298,10.610440401292289,650.5,588.1
2026-04-03 21:00:00,2.6285584658409697,10.398230088495586,648.7,587.6
2026-04-03 21:15:00,2.725693620878863,10.539758215562768,649.2,587.3
2026-04-03 21:30:00,2.782883233719885,10.623084780388137,649.8,587.4
2026-04-03 21:45:00,2.745360899357376,10.568413886997964,649.7,587.6
2026-04-03 22:00:00,2.7950619926467906,10.640829508754043,650.9,588.3
2026-04-03 22:15:00,2.7846352708311484,10.625637538252295,650.7,588.2
2026-04-03 22:30:00,2.815442359467207,10.670524166099373,650.3,587.6
2026-04-03 22:45:00,2.761990128652271,10.5926430517711,649.4,587.2
2026-04-03 23:00:00,2.7878515154614507,10.630323679727429,649.4,587.0
2026-04-03 23:15:00,2.7503019287315946,10.575613079019064,649.3,587.2
2026-04-03 23:30:00,2.5476700516020236,10.280373831775693,649.0,588.5
2026-04-04 09:45:00,2.5219561565084745,10.242908102598935,649.0,588.7
2026-04-04 10:00:00,2.576562350965057,10.322470568162425,646.6,586.1
2026-04-04 10:15:00,2.5681110169482215,10.310156782549427,647.3,586.8
2026-04-04 10:30:00,2.5648522144808013,10.30540863333902,646.5,586.1
2026-04-04 10:45:00,2.5814007546345072,10.329520232200796,646.2,585.7
2026-04-04 11:00:00,2.5192106586274767,10.23890784982935,646.0,586.0
2026-04-04 11:15:00,2.5216098668489324,10.242403550699898,645.8,585.8
2026-04-04 11:30:00,2.4876556838689217,10.192931534915472,645.4,585.7
2026-04-04 11:45:00,2.464219416177541,10.158784360594163,645.2,585.7
2026-04-04 12:00:00,2.495786389025347,10.204778156996586,645.8,586.0
2026-04-04 12:15:00,2.5086959241926645,10.223587642942489,645.8,585.9
2026-04-04 12:30:00,2.4711711226067274,10.168913154751746,645.7,586.1
2026-04-04 12:45:00,2.5519375040797905,10.286591606960084,646.5,586.2
2026-04-04 13:00:00,2.630241297150787,10.400682011935205,647.5,586.5
2026-04-04 13:15:00,2.579807184285349,10.327198364008192,647.4,586.8
2026-04-04 13:30:00,2.579807184285349,10.327198364008192,647.4,586.8
2026-04-04 13:45:00,2.578599503691318,10.325438745953308,647.5,586.9
2026-04-04 14:00:00,2.577392234572808,10.323679727427605,647.6,587.0
2026-04-04 14:15:00,2.5540078700296194,10.28960817717206,647.4,587.0
2026-04-04 14:30:00,2.524921946868062,10.247229326513208,646.6,586.5
2026-04-04 14:45:00,2.5402293652305477,10.269532582736264,646.4,586.2
2026-04-04 15:00:00,2.6560886181309717,10.438342145659218,647.5,586.3
2026-04-04 15:15:00,2.4931615304766055,10.20095367847411,647.1,587.2
2026-04-04 15:30:00,2.5878755674765057,10.338954181570426,647.8,587.1
2026-04-04 15:45:00,2.573772893968381,10.318406265962876,647.9,587.3
2026-04-04 16:00:00,2.5983553297627395,10.354223433242504,648.0,587.2
2026-04-04 16:15:00,2.5818374924343948,10.330156569094616,648.3,587.6
2026-04-04 16:30:00,2.5279320374830716,10.251615096905798,648.5,588.2
2026-04-04 16:45:00,2.6580167120184015,10.441151422244932,648.4,587.1
2026-04-04 17:00:00,2.6346363305044465,10.407085675353445,648.2,587.1
2026-04-04 17:15:00,2.6217317296041083,10.3882833787466,648.2,587.2
2026-04-04 17:30:00,2.574978929921371,10.320163487738409,647.8,587.2
2026-04-04 17:45:00,2.5854591037307357,10.335433339009036,648.0,587.3
2026-04-04 18:00:00,2.6813970935323725,10.475217169136442,648.6,587.1
2026-04-04 18:15:00,2.6112559489904767,10.373019928461936,648.0,587.1
2026-04-04 18:30:00,2.7965623208788815,10.643015521064324,648.7,586.3
2026-04-04 18:45:00,2.733091368118891,10.550536901312425,648.6,586.7
2026-04-05 09:45:00,2.7072354228047506,10.512864201737958,648.6,586.9
2026-04-05 10:00:00,2.603987622118591,10.362429811128116,648.6,587.7
2026-04-05 10:15:00,2.653137674105873,10.434042553191492,648.8,587.5
2026-04-05 10:30:00,2.702321201354167,10.505704069470468,649.0,587.3
2026-04-05 10:45:00,2.7176984218319027,10.52810902896082,648.8,587.0
2026-04-05 11:00:00,2.7460259524224018,10.569382884418689,648.6,586.6
2026-04-05 11:15:00,2.7121563473706884,10.520034100596764,648.2,586.5
2026-04-05 11:30:00,2.6334199295247678,10.405313351498611,648.3,587.2
2026-04-05 11:45:00,2.610043529683416,10.37125340599454,648.1,587.2
2026-04-05 12:00:00,2.6943140572887154,10.494037478705277,648.6,587.0
2026-04-05 12:15:00,2.659237510473933,10.44293015332196,648.3,587.0
2026-04-05 12:30:00,2.6358531459307613,10.40885860306644,648.1,587.0
2026-04-05 12:45:00,2.6943140572887154,10.494037478705277,648.6,587.0
2026-04-05 13:00:00,2.6826218750171202,10.477001703577503,648.5,587.0
2026-04-05 13:15:00,2.6758250217020714,10.467098533924313,648.0,586.6
2026-04-05 13:30:00,2.524921946868062,10.247229326513208,646.6,586.5
2026-04-05 13:45:00,2.541431941512275,10.27128476369219,646.3,586.1
2026-04-05 14:00:00,2.5132197968366508,10.23017902813299,646.5,586.5
2026-04-05 14:15:00,2.4114398378888997,10.081883316274286,645.3,586.2
2026-04-05 14:30:00,2.492202631591766,10.19955654101996,646.1,586.3
2026-04-05 14:45:00,2.4687903478004554,10.165444311785787,645.9,586.3
2026-04-05 15:00:00,2.451149343576976,10.13974096796182,646.3,586.8
2026-04-05 15:15:00,2.5366240968994878,10.264279624893447,646.7,586.5
2026-04-05 15:30:00,2.512022850021306,10.228435049437444,646.6,586.6
2026-04-05 15:45:00,2.6092640505483504,10.370117687190872,647.1,586.3
2026-04-05 16:00:00,2.4592834691497085,10.15159257366718,646.7,587.1
2026-04-05 16:15:00,2.4206724049896486,10.09533537623426,646.7,587.4
2026-04-05 16:30:00,2.4733519335076206,10.172090645765897,646.6,586.9
2026-04-05 16:45:00,2.4218521670579314,10.09705431636303,646.6,587.3
2026-04-05 17:00:00,2.3844463501079924,10.042553191489368,646.5,587.5
2026-04-05 17:15:00,2.454539738977005,10.144680851063836,647.1,587.5
2026-04-05 17:30:00,2.428813783593228,10.107197549770298,647.1,587.7
2026-04-05 17:45:00,2.55761895478778,10.294869609681268,647.1,586.7
2026-04-05 18:00:00,2.6007765991159797,10.357751277683125,647.8,587.0
2026-04-05 18:15:00,2.523436275676194,10.24506466984343,647.8,587.6
2026-04-05 18:30:00,2.457922064751785,10.149608976538582,647.9,588.2
2026-04-05 18:45:00,2.6205177330177567,10.386514558147454,648.3,587.3
2026-04-06 06:45:00,2.6789487818294715,10.471649923378168,648.8,587.3
2026-04-06 07:00:00,2.4489378498210885,10.13651877133106,645.4,586.0
2026-04-06 07:15:00,2.392732398553169,10.05462615227042,644.7,585.8
2026-04-06 07:30:00,2.3739993938749486,10.027331738981893,644.1,585.4
2026-04-06 07:45:00,2.455049400059443,10.145423438836598,643.8,584.5
2026-04-06 08:00:00,2.4444966980895466,10.130047912388784,643.6,584.4
2026-04-06 08:15:00,2.3423376059831287,9.98119979490686,643.5,585.1
2026-04-06 08:30:00,2.329394684138455,9.962341663813756,642.4,584.2
2026-04-06 08:45:00,2.424567145083517,10.1010101010101,643.1,584.1
2026-04-06 09:00:00,2.3905579806411636,10.051457975986278,641.6,583.0
2026-04-06 09:15:00,2.383611330117728,10.041336548398206,638.9,580.6
2026-04-06 09:30:00,2.2744679871355045,9.882312218760813,634.9,577.8
2026-04-06 09:45:00,2.24739043461381,9.842859609739252,636.1,579.1
2026-04-06 10:00:00,2.2842410025150692,9.896551724137924,637.4,580.0
2026-04-06 10:15:00,2.27825799064076,9.88783433994822,636.8,579.5
2026-04-06 10:30:00,2.373036737687644,10.025929127052713,636.5,578.5
2026-04-06 10:45:00,2.46210893567004,10.15570934256056,636.7,578.0
2026-04-06 11:00:00,2.586588332988656,10.337078651685385,638.3,578.5
2026-04-06 11:15:00,2.5497763750975997,10.283442792948506,638.1,578.6
2026-04-06 11:30:00,2.529400397864042,10.253754531330928,638.7,579.3
2026-04-06 11:45:00,2.6115469910840123,10.373443983402495,638.4,578.4
2026-04-06 12:00:00,2.640472354343284,10.415588894637008,640.3,579.9
2026-04-06 12:15:00,2.600485959680965,10.357327809425176,639.3,579.3
2026-04-06 12:30:00,2.5482232954643256,10.281179920648588,639.3,579.7
2026-04-06 12:45:00,2.5057052105917283,10.219230105299504,638.5,579.3
2026-04-06 13:00:00,2.5057052105917283,10.219230105299504,638.5,579.3
2026-04-06 13:15:00,2.612231804831739,10.374441772586728,642.6,582.2
2026-04-06 13:30:00,2.546676098708497,10.278925619834723,640.5,580.8
2026-04-06 13:45:00,2.456762055457027,10.14791881664947,640.4,581.4
2026-04-06 14:00:00,2.4673670903077243,10.16337059329322,640.6,581.5
2026-04-06 14:15:00,2.4765589509771204,10.17676334305817,642.0,582.7
2026-04-06 14:30:00,2.5756493504560765,10.321140305684365,642.4,582.3
2026-04-06 14:45:00,2.593124920464002,10.346602608098854,643.1,582.8
2026-04-06 15:00:00,2.5116259627994646,10.22785677574094,643.4,583.7
2026-04-06 15:15:00,2.4422669903147862,10.12679917751884,642.7,583.6
2026-04-06 15:30:00,2.6739196021075893,10.464322294298412,647.1,585.8
2026-04-06 15:45:00,2.7528928696471953,10.5793881387797,647.0,585.1
2026-04-06 16:00:00,2.7238825182369233,10.537119397878891,646.2,584.6
2026-04-06 16:15:00,2.8484198669784697,10.718573143543145,645.6,583.1
2026-04-06 16:30:00,2.6941697093594263,10.493827160493808,644.4,583.2
2026-04-06 16:45:00,2.6453721791441778,10.422728050658916,645.2,584.3
2026-04-06 17:00:00,2.5321241917926782,10.257723160948974,646.0,585.9
2026-04-06 17:15:00,2.499128150344076,10.209647179137548,646.6,586.7
2026-04-06 17:30:00,2.421965780217819,10.09721985331742,645.5,586.3
2026-04-06 17:45:00,2.376279531269797,10.030653950953685,646.1,587.2
2026-04-06 18:00:00,2.3447160143942023,9.984665189981268,645.5,586.9
2026-04-06 18:15:00,2.39031731822734,10.051107325383304,646.0,587.0
2026-04-06 18:30:00,2.530027978375828,10.254668930390489,649.4,589.0
2026-04-06 18:45:00,2.464848524280701,10.159700985389051,648.4,588.6
2026-04-06 19:00:00,2.4917370124852587,10.19887812340643,648.3,588.3
2026-04-06 19:15:00,2.505787807316622,10.219350450603647,648.2,588.1
2026-04-06 19:30:00,2.4591065558734972,10.151334807005608,647.8,588.1
2026-04-06 19:45:00,2.4893581485143192,10.195412064570952,648.5,588.5
2026-04-06 20:00:00,2.5673879522555114,10.30910326086958,649.5,588.8
2026-04-06 20:15:00,2.554532022877256,10.29037187977586,649.5,588.9
2026-04-06 20:30:00,2.6344263033484667,10.406779661016952,651.4,590.0
2026-04-06 20:45:00,2.7219825802215,10.53435114503818,651.6,589.5
2026-04-06 21:00:00,2.564139371620518,10.304370005101182,648.7,588.1
2026-04-06 21:15:00,2.6433995025660253,10.419853816080238,649.6,588.3
2026-04-06 21:30:00,2.66307531138267,10.448521916411837,650.1,588.6
2026-04-06 21:45:00,2.709716908347828,10.516479782534828,650.5,588.6
2026-04-06 22:00:00,2.747163357032984,10.571040108769548,650.6,588.4
2026-04-06 22:15:00,2.709716908347828,10.516479782534828,650.5,588.6
2026-04-06 22:30:00,2.704183125949847,10.508416935895236,649.9,588.1
2026-04-06 22:45:00,2.6783985387385028,10.47084820669726,649.9,588.3
2026-04-06 23:00:00,2.6876186190125555,10.484282073067131,650.2,588.5
2026-04-06 23:15:00,2.768721386060647,10.602450646698426,649.9,587.6
2026-04-06 23:30:00,2.68206510443277,10.476190476190483,649.6,588.0
2026-04-07 06:45:00,2.68206510443277,10.476190476190483,649.6,588.0
2026-04-07 07:00:00,2.7886274314002386,10.631454206873192,653.5,590.7
2026-04-07 07:15:00,2.7648517360930174,10.596812478806372,652.3,589.8
2026-04-07 07:30:00,2.7648517360930174,10.596812478806372,652.3,589.8
2026-04-07 07:45:00,2.8329924704454887,10.69609507640068,652.0,589.0
2026-04-07 08:00:00,2.7078918195739248,10.51382058673902,651.7,589.7
2026-04-07 08:15:00,2.731758340303425,10.548594649508969,652.9,590.6
2026-04-07 08:30:00,2.698174609031333,10.499662390276844,654.6,592.4
2026-04-07 08:45:00,2.59070673924509,10.343079263140089,652.9,591.7
2026-04-07 09:00:00,2.6351625770336975,10.40785242849891,652.4,590.9
2026-04-07 09:15:00,2.6223408608351617,10.389170896785105,652.4,591.0
2026-04-07 09:30:00,2.5995281118564835,10.35593220338984,651.1,590.0
2026-04-07 09:45:00,2.577463588795854,10.323783692151212,650.8,589.9
2026-04-07 10:00:00,2.6740571575287495,10.464522715671263,649.2,587.7
2026-04-07 10:15:00,2.6341612487851824,10.406393470498209,649.3,588.1
2026-04-07 10:30:00,2.7811264177825583,10.620525059665864,648.9,586.6
2026-04-07 10:45:00,2.827122602818848,10.687542545949611,650.4,587.6
2026-04-07 11:00:00,2.9025784445831047,10.797483421186872,651.6,588.1
2026-04-07 11:15:00,2.963234249535324,10.885860306643956,650.9,587.0
2026-04-07 11:30:00,2.8007888185235883,10.649173624126762,649.4,586.9
2026-04-07 11:45:00,2.9408475114658317,10.853242320819124,649.6,586.0
2026-04-07 12:00:00,2.9145777513994706,10.814966683751926,648.6,585.3
2026-04-07 12:15:00,2.876356995972871,10.759278175008523,650.6,587.4
2026-04-07 12:30:00,2.7220004126540878,10.534377127297478,649.5,587.6
2026-04-07 12:45:00,2.733680656005731,10.55139550714772,649.6,587.6
2026-04-07 13:00:00,2.7878515154614507,10.630323679727429,649.4,587.0
2026-04-07 13:15:00,2.8779819011395293,10.761645698741916,651.5,588.2
2026-04-07 13:30:00,3.0162563793857866,10.963114754098346,649.8,585.6
2026-04-07 13:45:00,2.9866186140785125,10.9199318568995,651.1,587.0
2026-04-07 14:00:00,2.908884306280337,10.806671204901283,651.1,587.6
2026-04-07 14:15:00,2.85464524356242,10.72764365861949,651.3,588.2
2026-04-07 14:30:00,2.8751885739446914,10.757575757575744,657.9,594.0
2026-04-07 14:45:00,3.017337506882272,10.964689981415775,656.8,591.9
2026-04-07 15:00:00,2.953057866720943,10.871033085752856,656.8,592.4
2026-04-07 15:15:00,2.9854858415753487,10.918281381634356,658.3,593.5
2026-04-07 15:30:00,3.0537907314419686,11.01780315754115,661.0,595.4
2026-04-07 15:45:00,2.986085190130512,10.9191546460919,661.3,596.2
2026-04-07 16:00:00,2.907990650077596,10.805369127516771,660.4,596.0
2026-04-07 16:15:00,2.976871526824371,10.905730129390022,660.0,595.1
2026-04-07 16:30:00,2.9907325300629473,10.925925925925917,658.9,594.0
2026-04-07 16:45:00,2.9382470038228554,10.849453322119418,659.0,594.5
2026-04-07 17:00:00,2.872080520625171,10.753047253297709,663.3,598.9
2026-04-07 17:15:00,2.825802227483455,10.68561872909699,661.9,598.0
2026-04-07 17:30:00,2.876286502939477,10.7591754650578,660.9,596.7
2026-04-07 17:45:00,2.9337970693331843,10.84296966649907,661.4,596.7
2026-04-07 18:00:00,2.9718438581433717,10.898404701931153,660.4,595.5
2026-04-07 18:15:00,2.9269912337468633,10.833053409472626,659.9,595.4
2026-04-07 18:30:00,2.8360068866919006,10.700487149336467,659.0,595.3
2026-04-07 18:45:00,2.8360068866919006,10.700487149336467,659.0,595.3
2026-04-07 19:00:00,2.854118337327062,10.726875944267244,659.6,595.7
2026-04-07 19:15:00,2.8244777232559475,10.68368889635478,658.9,595.3
2026-04-07 19:30:00,2.85743425873628,10.73170731707316,658.3,594.5
2026-04-07 19:45:00,2.845889580866789,10.714886459209438,658.2,594.5
2026-04-07 20:00:00,2.890823734908839,10.780356542213257,658.7,594.6
2026-04-07 20:15:00,2.998495730749139,10.937237085646975,659.3,594.3
2026-04-07 20:30:00,2.9485374163200686,10.864446686848297,659.2,594.6
2026-04-07 20:45:00,3.0024617274238206,10.943015632879472,660.0,594.9
2026-04-07 21:00:00,2.972881037431386,10.899915895710668,659.3,594.5
2026-04-07 21:15:00,3.0011994531466044,10.941176470588232,660.1,595.0
2026-04-07 21:30:00,3.037194465287546,10.993622020812357,661.3,595.8
2026-04-07 21:45:00,3.1255066755562955,11.12229491696024,662.4,596.1
2026-04-07 22:00:00,3.10117764571887,11.086846967915331,661.3,595.3
2026-04-07 22:15:00,3.083167694957555,11.06060606060606,659.7,594.0
2026-04-07 22:30:00,3.166780922662054,11.182432432432442,658.2,592.0
2026-04-07 22:45:00,3.1719701391222697,11.189993238674775,657.8,591.6
2026-04-07 23:00:00,3.2019448427208057,11.233667062616682,655.5,589.3
2026-04-07 23:15:00,3.1437121005400335,11.14882063465128,655.0,589.3
2026-04-07 23:30:00,3.376248404795558,11.487631311419854,658.0,590.2
2026-04-08 06:45:00,0.33818388674538,7.061102306744149,608.0,567.9
2026-04-08 07:00:00,2.722204461373306,10.534674430915825,626.4,566.7
2026-04-08 07:15:00,2.611597404376366,10.373517436714463,623.5,564.9
2026-04-08 07:30:00,2.668854279020706,10.456942003514946,628.5,569.0
2026-04-08 07:45:00,2.5673838579673136,10.309097295398685,628.1,569.4
2026-04-08 08:00:00,2.7774128008850547,10.615114235500878,629.4,569.0
2026-04-08 08:15:00,2.7488789459122622,10.573539760731876,628.5,568.4
2026-04-08 08:30:00,2.771933143763066,10.607130250617724,626.7,566.6
2026-04-08 08:45:00,2.8407210515965717,10.70735579467279,627.6,566.9
2026-04-08 09:00:00,2.9646679632176736,10.887949260042284,629.4,567.6
2026-04-08 09:15:00,3.0158480410594266,10.962519795882477,630.6,568.3
2026-04-08 09:30:00,2.9130278505692035,10.812708443040188,631.3,569.7
2026-04-08 09:45:00,2.8407444277843275,10.70738985430928,630.7,569.7
2026-04-08 10:00:00,2.855328257741061,10.728638825790693,633.7,572.3
2026-04-08 10:15:00,2.8981218400385735,10.7909900471451,634.5,572.7
2026-04-08 10:30:00,2.9003672918839682,10.794261721483544,633.3,571.6
2026-04-08 10:45:00,2.7215074550518765,10.533658876874783,633.8,573.4
2026-04-08 11:00:00,2.7196219348776194,10.530911631156116,632.9,572.6
2026-04-08 11:15:00,2.741062374045707,10.562150837988838,633.3,572.8
2026-04-08 11:30:00,2.6835540535581344,10.478359908883816,630.5,570.7
2026-04-08 11:45:00,2.7659073881449037,10.598350587822411,630.3,569.9
2026-04-08 12:00:00,2.567011938110096,10.30855539971951,629.2,570.4
2026-04-08 12:15:00,2.5487935950141236,10.282010860045542,629.6,570.9
2026-04-08 12:30:00,2.60934826739651,10.37024039305141,629.0,569.9
2026-04-08 12:45:00,2.5840178045267024,10.333333333333329,628.9,570.0
2026-04-08 13:00:00,2.5321488401541616,10.25775907417148,628.8,570.3
2026-04-08 13:15:00,2.571976908047015,10.315789473684212,628.8,570.0
2026-04-08 13:30:00,2.5201142776547463,10.24022444327548,628.7,570.3
2026-04-08 13:45:00,2.5620539267855458,10.301331464611074,629.6,570.8
2026-04-08 14:00:00,2.48745867146102,10.192644483362525,629.2,571.0
2026-04-08 14:15:00,2.434515977146904,10.115505775288767,629.2,571.4
2026-04-08 14:30:00,2.396065224487516,10.059482155353392,629.1,571.6
2026-04-08 14:45:00,2.3876772140560996,10.047260633642583,628.7,571.3
2026-04-08 15:00:00,2.427359625984462,10.10507880910685,628.7,571.0
2026-04-08 15:15:00,2.4465273719551384,10.133006650332522,629.3,571.4
2026-04-08 15:30:00,2.488684022467067,10.194429847609054,629.1,570.9
2026-04-08 15:45:00,2.574847417123396,10.319971870604782,627.5,568.8
2026-04-08 16:00:00,2.448233019607831,10.135491817701926,625.9,568.3
2026-04-08 16:15:00,2.3829981395941564,10.040443115878306,625.8,568.7
2026-04-08 16:30:00,2.4953083427069442,10.204081632653072,626.4,568.4
2026-04-08 16:45:00,2.4373782489825895,10.119676170362556,625.7,568.2
2026-04-08 17:00:00,2.6909527871601506,10.489140031785292,625.7,566.3
2026-04-08 17:15:00,2.64775948582057,10.426206410707994,627.0,567.8
2026-04-08 17:30:00,2.7126545740258035,10.520760028149212,628.2,568.4
2026-04-08 17:45:00,2.850655825515359,10.72183098591548,628.9,568.0
2026-04-08 18:00:00,2.8915310948671262,10.781387181738356,630.9,569.5
2026-04-08 18:15:00,2.8859713227494015,10.773286467486807,630.3,569.0
2026-04-08 18:30:00,2.852372299065655,10.724331926863574,629.8,568.8
2026-04-08 18:45:00,2.8377230908096993,10.702987697715294,629.9,569.0
2026-04-08 19:00:00,2.868329104254306,10.747581354441516,629.6,568.5
2026-04-08 19:15:00,2.897685171350507,10.790353810948773,629.4,568.1
2026-04-08 19:30:00,2.8644385982805316,10.74191279887482,629.9,568.8
2026-04-08 19:45:00,2.8510784965483205,10.722446827210398,629.9,568.9
2026-04-08 20:00:00,2.9473221775354355,10.86267605633804,629.7,568.0
2026-04-08 20:15:00,2.932911824979631,10.841679845369878,630.8,569.1
2026-04-08 20:30:00,2.906186340355986,10.802740207272098,630.8,569.3
2026-04-08 20:45:00,2.842469685056184,10.709903593339188,631.6,570.5
2026-04-08 21:00:00,2.793068531946451,10.63792499123728,631.3,570.6
2026-04-08 21:15:00,2.770835031777422,10.60553027651383,632.0,571.4
2026-04-08 21:30:00,2.72785485336729,10.542907180385283,631.2,571.0
2026-04-08 21:45:00,2.70002814321595,10.502363031682126,631.3,571.3
2026-04-08 22:00:00,2.648954516982682,10.427947598253272,632.2,572.5
2026-04-08 22:15:00,2.5036108138087627,10.216178521617849,632.2,573.6
2026-04-08 22:30:00,2.424567145083517,10.1010101010101,632.2,574.2
2026-04-08 22:45:00,2.435310741212225,10.116663764582976,632.4,574.3
2026-04-08 23:00:00,2.3146859271691906,9.940910670837688,632.6,575.4
2026-04-08 23:15:00,2.24546597805459,9.840055632823352,631.8,575.2
2026-04-08 23:30:00,2.404187675348962,10.071316750739246,632.8,574.9
2026-04-09 06:45:00,2.420832796545203,10.095569070373587,633.6,575.5
2026-04-09 07:00:00,2.521193023412457,10.24179620034542,638.3,579.0
2026-04-09 07:15:00,2.5160626692598584,10.23432115782219,639.8,580.4
2026-04-09 07:30:00,2.68206510443277,10.476190476190483,638.0,577.5
2026-04-09 07:45:00,2.637001503344236,10.41053178589988,637.4,577.3
2026-04-09 08:00:00,2.6164740618197193,10.380622837370248,638.0,578.0
2026-04-09 08:15:00,2.557102859454459,10.294117647058831,637.5,578.0
2026-04-09 08:30:00,2.527566328823227,10.251082251082266,636.7,577.5
2026-04-09 08:45:00,2.5373261853182085,10.265302583665669,635.9,576.7
2026-04-09 09:00:00,2.7296901946201184,10.545581314275744,634.2,573.7
2026-04-09 09:15:00,2.8266746158004823,10.686889818688972,634.9,573.6
2026-04-09 09:30:00,2.8544559614104514,10.727367870225011,634.8,573.3
2026-04-09 09:45:00,2.8228404574953156,10.68130336295523,635.2,573.9
2026-04-09 10:00:00,2.766847985802011,10.59972105997209,634.4,573.6
2026-04-09 10:15:00,2.651884485587652,10.432216629057468,636.2,576.1
2026-04-09 10:30:00,2.542788875349097,10.273261847111726,637.6,578.2
2026-04-09 10:45:00,2.5251305882828508,10.247533321793313,636.9,577.7
2026-04-09 11:00:00,2.350494359937175,9.99308437067774,636.2,578.4
2026-04-09 11:15:00,2.3659072882388172,10.015541357278536,637.1,579.1
2026-04-09 11:30:00,2.2971474498237305,9.915356711003632,636.3,578.9
2026-04-09 11:45:00,2.319679574555443,9.948186528497406,636.6,579.0
2026-04-09 12:00:00,2.1384544817903404,9.6841374522735,632.0,576.2
2026-04-09 12:15:00,2.2108379492591315,9.789601808381132,631.4,575.1
2026-04-09 12:30:00,2.1753483985594104,9.737892726957131,632.2,576.1
2026-04-09 12:45:00,2.1492104396648033,9.699809127190706,632.2,576.3
2026-04-09 13:00:00,2.199445633630793,9.773002945763288,633.5,577.1
2026-04-09 13:15:00,2.1779772356142995,9.741723002253424,633.1,576.9
2026-04-09 13:30:00,2.3231080513115616,9.953181897000164,634.1,576.7
2026-04-09 13:45:00,2.4065039940488724,10.07469167969428,633.7,575.7
2026-04-09 14:00:00,2.157306507182465,9.711605281445436,631.5,575.6
2026-04-09 14:15:00,2.100426657499876,9.628730048577385,631.9,576.4
2026-04-09 14:30:00,2.0744961093664975,9.590948651000875,629.6,574.5
2026-04-09 14:45:00,2.0329635595474254,9.530434782608689,629.8,575.0
2026-04-09 15:00:00,2.0926445247076395,9.617391304347825,630.3,575.0
2026-04-09 15:15:00,2.176197875931933,9.739130434782606,631.0,575.0
2026-04-09 15:30:00,2.2328958358429474,9.821740650122312,628.4,572.2
2026-04-09 15:45:00,2.2448904373693916,9.839217056973082,628.5,572.2
2026-04-09 16:00:00,2.168255700687071,9.727558505064614,628.3,572.6
2026-04-09 16:15:00,2.2496144392297626,9.84610003497728,628.1,571.8
2026-04-09 16:30:00,2.2626395892689404,9.86507797441738,627.0,570.7
2026-04-09 16:45:00,2.3733179733267713,10.026338893766471,626.6,569.5
2026-04-09 17:00:00,2.2468727030953426,9.842105263157896,626.1,570.0
2026-04-09 17:15:00,2.3023906342563456,9.922996149807496,628.1,571.4
2026-04-09 17:30:00,2.253161780259272,9.851268591426066,627.8,571.5
2026-04-09 17:45:00,2.152425671239686,9.704493792621085,627.4,571.9
2026-04-09 18:00:00,2.236431925749166,9.826892813428923,628.1,571.9
2026-04-09 18:15:00,2.297525472238708,9.915907498248067,627.4,570.8
2026-04-09 18:30:00,2.246682249548209,9.841827768014056,625.0,569.0
2026-04-09 18:45:00,2.2043324382238216,9.780123131046617,624.1,568.5
2026-04-09 19:00:00,2.0771448514895603,9.59480792843359,624.8,570.1
2026-04-09 19:15:00,2.062287219436083,9.573160021078507,623.8,569.3
2026-04-09 19:30:00,2.0398799365691516,9.540512101017184,624.6,570.2
2026-04-09 19:45:00,2.080611970692894,9.599859599859606,624.5,569.8
2026-04-09 20:00:00,2.0588267081431866,9.56811797752808,624.1,569.6
2026-04-09 20:15:00,2.104261747743054,9.634317862165975,623.6,568.8
2026-04-09 20:30:00,2.1058629628047303,9.636650868878348,624.6,569.7
2026-04-09 20:45:00,2.093815725673921,9.619097770756536,624.5,569.7
2026-04-09 21:00:00,2.03643666742354,9.535495179666963,624.9,570.5
2026-04-09 21:15:00,2.1023819453390384,9.631578947368414,624.9,570.0
2026-04-09 21:30:00,2.1023819453390384,9.631578947368414,624.9,570.0
2026-04-09 21:45:00,2.063953282740394,9.57558751315326,624.8,570.2
2026-04-09 22:00:00,2.0855036581338875,9.60698689956332,627.5,572.5
2026-04-09 22:15:00,2.087807895030677,9.6103442250568,627.3,572.3
2026-04-09 22:30:00,2.1044220972342793,9.63455149501662,627.0,571.9
2026-04-09 22:45:00,2.070720095281458,9.585446912716456,626.5,571.7
2026-04-09 23:00:00,2.2218442523668496,9.805638241989143,627.1,571.1
2026-04-09 23:15:00,2.0787851622203477,9.597197898423817,625.8,571.0
2026-04-09 23:30:00,2.0421774629405878,9.54385964912281,624.4,570.0
2026-04-10 07:00:00,2.039285793070094,9.539646420444605,625.8,571.3
2026-04-10 07:15:00,2.0421774629405878,9.54385964912281,624.4,570.0
2026-04-10 07:30:00,2.2119289608813437,9.791191437094238,625.7,569.9
2026-04-10 07:45:00,2.18049448624197,9.74539069359086,625.0,569.5
2026-04-10 08:00:00,2.223971970169667,9.808738375153524,625.8,569.9
2026-04-10 08:15:00,2.293842970910084,9.91054201017365,626.6,570.1
2026-04-10 08:30:00,2.13384364259244,9.677419354838722,625.6,570.4
2026-04-10 08:45:00,2.213108321917307,9.79290979290981,625.6,569.8
2026-04-10 09:00:00,2.2031519242139357,9.778403095321853,624.2,568.6
2026-04-10 09:15:00,2.166940293928539,9.725641927541329,623.9,568.6
2026-04-10 09:30:00,2.2417377395016116,9.834623504574246,624.3,568.4
2026-04-10 09:45:00,2.277962111388085,9.887403237156931,624.6,568.4
2026-04-10 10:00:00,2.2635046413562434,9.86633837495603,624.7,568.6
2026-04-10 10:15:00,2.200792141462088,9.774964838255972,624.4,568.8
2026-04-10 10:30:00,2.186957083268991,9.754806844240616,622.2,566.9
2026-04-10 10:45:00,2.2099855122924796,9.788359788359791,622.5,567.0
2026-04-10 11:00:00,2.2109159775943086,9.7897154974377,621.3,565.9
2026-04-10 11:15:00,2.1244391627841446,9.663716814159296,619.6,565.0
2026-04-10 11:30:00,2.1057098740166293,9.636427815037065,621.2,566.6
2026-04-10 11:45:00,2.0963848403951566,9.622841029256255,622.0,567.4
2026-04-10 12:00:00,2.023825402985585,9.517120280948198,623.7,569.5
2026-04-10 12:15:00,2.049616474019559,9.55469845722301,624.9,570.4
2026-04-10 12:30:00,2.1478462719626394,9.697821503865068,624.4,569.2
2026-04-10 12:45:00,2.049079726043796,9.553916403231463,623.8,569.4
2026-04-10 13:00:00,1.9342009512851195,9.386535419230093,622.3,568.9
2026-04-10 13:15:00,2.014064412526391,9.502898296153184,623.4,569.3
2026-04-10 13:30:00,1.8996102115057947,9.336135925731304,624.2,570.9
2026-04-10 13:45:00,1.9071373230409268,9.347103098197106,624.7,571.3
2026-04-10 14:00:00,1.9116321260151994,9.353652128218592,624.3,570.9
2026-04-10 14:15:00,1.965841605616682,9.432636571227835,623.0,569.3
2026-04-10 14:30:00,2.050312285809088,9.55571227080394,621.4,567.2
2026-04-10 14:45:00,2.1057098740166293,9.636427815037065,621.2,566.6
2026-04-10 15:00:00,2.0816809886808727,9.601417183348104,618.7,564.5
2026-04-10 15:15:00,1.9653765298820087,9.431958945319408,618.4,565.1
2026-04-10 15:30:00,1.9954214207123175,9.475735033652132,618.1,564.6
2026-04-10 15:45:00,1.9452373928729123,9.402615765288092,619.0,565.8
2026-04-10 16:00:00,1.8495487109689854,9.26319518243004,616.9,564.6
2026-04-10 16:15:00,1.8749913750613583,9.300265721877764,617.0,564.5
2026-04-10 16:30:00,1.9038512343516825,9.342315192341765,616.8,564.1
2026-04-10 16:45:00,1.828793621348775,9.23295454545454,615.2,563.2
2026-04-10 17:00:00,1.8077853377569517,9.202344999111745,614.7,562.9
2026-04-10 17:15:00,1.8579348119460042,9.275413922022423,613.8,561.7
2026-04-10 17:30:00,1.8146877672975394,9.21240199572344,612.9,561.2
2026-04-10 17:45:00,1.8564036315396255,9.273182957393477,610.4,558.6
2026-04-10 18:00:00,1.8416263212884905,9.25165208072871,611.7,559.9
2026-04-10 18:15:00,1.787081824522637,9.17217951010192,610.6,559.3
2026-04-10 18:30:00,1.7980942054878608,9.18822479928636,612.0,560.5
2026-04-10 18:45:00,1.8058332770200782,9.199500802282046,612.5,560.9
2026-04-10 19:00:00,1.8525102744784439,9.267510247727673,613.1,561.1
2026-04-10 19:15:00,1.8636065911993531,9.283677833214533,613.3,561.2
2026-04-10 19:30:00,1.8746989541284678,9.299839657936948,613.5,561.3
2026-04-10 19:45:00,1.8013337911843257,9.192944949225025,612.9,561.3
2026-04-10 20:00:00,1.8860906535326045,9.316437622702134,612.5,560.3
2026-04-10 20:15:00,1.9216911476309484,9.368308351177724,612.9,560.4
2026-04-10 20:30:00,1.8638664260522577,9.2840564184967,612.1,560.1
2026-04-10 20:45:00,1.9097943400496225,9.350974432326131,611.6,559.3
2026-04-10 21:00:00,1.9040620565894049,9.342622365130415,612.1,559.8
2026-04-10 21:15:00,1.8082363569974158,9.20300214438885,611.1,559.6
2026-04-10 21:30:00,1.857295048873217,9.274481772694788,611.5,559.6
2026-04-10 21:45:00,1.8193703222207758,9.219224584598871,611.3,559.7
2026-04-10 22:00:00,1.887538841794503,9.318547665891618,611.2,559.1
2026-04-10 22:15:00,1.7669569719762068,9.142857142857142,611.2,560.0
2026-04-10 22:30:00,1.7635971501696905,9.137961806175277,611.5,560.3
2026-04-10 22:45:00,1.7869723379812972,9.17201998572448,611.8,560.4
2026-04-10 23:00:00,1.7357553339040759,9.097395647520525,611.6,560.6
2026-04-10 23:15:00,1.8384362770051887,9.247004113754231,610.8,559.1
2026-04-10 23:30:00,1.7279620801178075,9.086040699750075,611.1,560.2
2026-04-11 09:45:00,1.7023503984882344,9.048723897911849,611.0,560.3
2026-04-11 10:00:00,1.7703972281132592,9.14786967418546,609.7,558.6
2026-04-11 10:15:00,1.8072571152959855,9.201575366988893,610.0,558.6
2026-04-11 10:30:00,1.8609643437241767,9.279828018631298,610.0,558.2
2026-04-11 10:45:00,1.9270528499870432,9.37612047328793,610.1,557.8
2026-04-11 11:00:00,1.859823553008495,9.278165860648402,610.1,558.3
2026-04-11 11:15:00,1.863247151812268,9.283154121863802,609.8,558.0
2026-04-11 11:30:00,1.8329655391466328,9.239033124440477,610.1,558.5
2026-04-11 11:45:00,1.8855552107733586,9.315657470440698,610.2,558.2
2026-04-11 12:00:00,1.859823553008495,9.278165860648402,610.1,558.3
2026-04-11 12:15:00,1.8732597772487756,9.29774274453601,610.1,558.2
2026-04-11 12:30:00,1.724598009523514,9.081139172487918,609.0,558.3
2026-04-11 12:45:00,1.7637244503523566,9.13814728543272,609.1,558.1
2026-04-11 13:00:00,1.736891240749427,9.099050689593424,609.1,558.3
2026-04-11 13:15:00,1.7737709344271353,9.1527852409099,609.4,558.3
2026-04-11 13:30:00,1.8274830341515897,9.2310449901416,609.4,557.9
2026-04-11 13:45:00,1.8286188450616216,9.23269989243456,609.3,557.8
2026-04-11 14:00:00,1.7894481088722278,9.17562724014338,609.2,558.0
2026-04-11 14:15:00,1.8297550632913329,9.234355388201545,609.2,557.7
2026-04-11 14:30:00,1.8163145944459511,9.2147723198279,609.2,557.8
2026-04-11 14:45:00,1.867817680774829,9.289813486370146,609.4,557.6
2026-04-11 15:00:00,1.9305156964831742,9.381165919282507,609.8,557.5
2026-04-11 15:15:00,1.9305156964831742,9.381165919282507,609.8,557.5
2026-04-11 15:30:00,1.9551374399573478,9.4170403587444,610.0,557.5
2026-04-11 15:45:00,1.968610048065753,9.436670254754231,610.0,557.4
2026-04-11 16:00:00,1.9797591834315202,9.45291479820629,610.2,557.5
2026-04-11 16:15:00,1.928206718208649,9.37780168549398,610.0,557.7
2026-04-11 16:30:00,1.867817680774829,9.289813486370146,609.4,557.6
2026-04-11 16:45:00,1.8151809889939936,9.213120630937444,609.3,557.9
2026-04-11 17:00:00,1.9058939530090164,9.345291479820638,609.6,557.5
2026-04-11 17:15:00,1.8835651729052294,9.312757940068206,609.2,557.3
2026-04-11 17:30:00,1.9967371815567991,9.477652127086689,609.9,557.1
2026-04-11 17:45:00,1.8789808907499983,9.306078536847773,609.6,557.7
2026-04-11 18:00:00,1.957456911574781,9.420419881571874,609.8,557.3
2026-04-11 18:15:00,1.9170523363948033,9.36154949784791,609.8,557.6
2026-04-11 18:30:00,1.9516613512183796,9.411975618501245,610.3,557.8
2026-04-11 18:45:00,2.0735239373035674,9.58953217422478,611.4,557.9
2026-04-12 09:45:00,1.525477431446034,8.791015967713633,620.0,569.9
2026-04-12 10:00:00,2.2197170000332274,9.802538787023952,622.8,567.2
2026-04-12 10:15:00,2.2031519242139357,9.778403095321853,624.2,568.6
2026-04-12 10:30:00,2.294930481487927,9.912126537785593,625.4,569.0
2026-04-12 10:45:00,2.1887258422472113,9.757383966244726,624.3,568.8
2026-04-12 11:00:00,2.2504298083744825,9.847288046340164,625.8,569.7
2026-04-12 11:15:00,2.151713914439647,9.70345674679769,625.2,569.9
2026-04-12 11:30:00,2.2480579887463628,9.843832251272168,626.0,569.9
2026-04-12 11:45:00,2.2218442523668496,9.805638241989143,627.1,571.1
2026-04-12 12:00:00,2.3300035921336413,9.963228856592533,628.0,571.1
2026-04-12 12:15:00,2.1775964854687513,9.741168240643594,627.5,571.8
2026-04-12 12:30:00,2.028416438392374,9.523809523809534,627.9,573.3
2026-04-12 12:45:00,1.9879692924198353,9.464877113473923,628.0,573.7
2026-04-12 13:00:00,1.837570112541163,9.245742092457432,628.6,575.4
2026-04-12 13:15:00,1.763760701405297,9.138200104040203,629.4,576.7
2026-04-12 13:30:00,1.9857054696233936,9.461578672242554,628.2,573.9
2026-04-12 13:45:00,1.9599715518959901,9.424083769633508,627.0,573.0
2026-04-12 14:00:00,1.9150702510953699,9.35866155454863,627.5,573.8
2026-04-12 14:15:00,1.859703493547626,9.277990931287071,626.6,573.4
2026-04-12 14:30:00,1.8694485358250077,9.292189679218964,626.9,573.6
2026-04-12 14:45:00,1.842196614559632,9.25248301097752,627.0,573.9
2026-04-12 15:00:00,1.8878039836702172,9.318933983626554,627.6,574.1
2026-04-12 15:15:00,1.8574832098253042,9.274755927475574,626.8,573.6
2026-04-12 15:30:00,1.8705605704819939,9.29380993897122,626.8,573.5
2026-04-12 15:45:00,1.8386731266789262,9.247349209108302,628.5,575.3
2026-04-12 16:00:00,1.8667064819500807,9.288194444444445,629.5,576.0
2026-04-12 16:15:00,1.8016519401996935,9.193408499566358,629.5,576.5
2026-04-12 16:30:00,1.7626733520774067,9.136615811373105,629.5,576.8
2026-04-12 16:45:00,1.7626733520774067,9.136615811373105,629.5,576.8
2026-04-12 17:00:00,1.7626733520774067,9.136615811373105,629.5,576.8
2026-04-12 17:15:00,1.7626733520774067,9.136615811373105,629.5,576.8
2026-04-12 17:30:00,1.7626733520774067,9.136615811373105,629.5,576.8
2026-04-12 17:45:00,1.7626733520774067,9.136615811373105,629.5,576.8
2026-04-12 18:00:00,1.7626733520774067,9.136615811373105,629.5,576.8
2026-04-12 18:15:00,1.7626733520774067,9.136615811373105,629.5,576.8
2026-04-12 18:30:00,1.7626733520774067,9.136615811373105,629.5,576.8
2026-04-12 18:45:00,1.7626733520774067,9.136615811373105,629.5,576.8
2026-04-13 06:45:00,1.9577065741784443,9.42078364565586,642.3,587.0
2026-04-13 07:00:00,1.688302900928198,9.028256374913845,632.8,580.4
2026-04-13 07:15:00,1.678709341990241,9.014278341648051,633.7,581.3
2026-04-13 07:30:00,1.9499831126157632,9.409530386740329,633.7,579.2
2026-04-13 07:45:00,2.0725360264428767,9.588092765662882,633.2,577.8
2026-04-13 08:00:00,2.0114825351270684,9.49913644214162,634.0,579.0
2026-04-13 08:15:00,2.15142697809954,9.703038674033127,635.4,579.2
2026-04-13 08:30:00,2.1147346205986484,9.649577075781137,635.2,579.3
2026-04-13 08:45:00,2.1849587619272066,9.75189524465887,637.0,580.4
2026-04-13 09:00:00,2.0041277306152048,9.488420324922233,633.5,578.6
2026-04-13 09:15:00,1.910341614535463,9.351771823681943,632.6,578.5
2026-04-13 09:30:00,1.9247974970501949,9.37283437283436,631.3,577.2
2026-04-13 09:45:00,1.8576240027251187,9.274961065928355,631.5,577.9
2026-04-13 10:00:00,1.9557257092410503,9.417897480451789,629.7,575.5
2026-04-13 10:15:00,2.0164885430266772,9.506430309350034,630.1,575.4
2026-04-13 10:30:00,1.9908700398208494,9.46910356832027,628.9,574.5
2026-04-13 10:45:00,1.9755377623818002,9.44676409185805,629.1,574.8
2026-04-13 11:00:00,1.9124850109256295,9.35489480090419,628.9,575.1
2026-04-13 11:15:00,1.8691841202339279,9.291804419697236,628.1,574.7
2026-04-13 11:30:00,1.883350807547895,9.312445604873808,628.0,574.5
2026-04-13 11:45:00,1.9094781037219477,9.350513668814209,628.0,574.3
2026-04-13 12:00:00,2.019892068725681,9.511389323595877,629.8,575.1
2026-04-13 12:15:00,2.0625495280028288,9.573542210617925,629.5,574.5
2026-04-13 12:30:00,2.111062982319697,9.644227415416818,628.7,573.4
2026-04-13 12:45:00,2.1361607240034197,9.680795395081107,628.8,573.3
2026-04-13 13:00:00,2.243122745347494,9.836641489548567,625.3,569.3
2026-04-13 13:15:00,2.238382571243671,9.829734948218348,625.7,569.7
2026-04-13 13:30:00,2.1427992070716138,9.690467815687654,623.7,568.6
2026-04-13 13:45:00,2.0542183594202745,9.561403508771926,624.5,570.0
2026-04-13 14:00:00,1.874737284934583,9.299895506792044,627.6,574.2
2026-04-13 14:15:00,1.8736258784385305,9.298276162284536,627.7,574.3
2026-04-13 14:30:00,1.8468473644922536,9.259259259259256,625.4,572.4
2026-04-13 14:45:00,1.981490163996198,9.455436876203828,625.1,571.1
2026-04-13 15:00:00,2.0032453012439655,9.487134605286208,625.5,571.3
2026-04-13 15:15:00,2.067917014637591,9.581362760553525,625.6,570.9
2026-04-13 15:30:00,2.000966625645268,9.48381452318461,625.7,571.5
2026-04-13 15:45:00,2.0146626526787443,9.50376994564266,624.5,570.3
2026-04-13 16:00:00,1.905227042180345,9.344319775596087,623.7,570.4
2026-04-13 16:15:00,1.8590833339394073,9.277087344652555,624.3,571.3
2026-04-13 16:30:00,1.8399191969106816,9.249164761737273,621.3,568.7
2026-04-13 16:45:00,1.7576948371948145,9.129362002114917,619.2,567.4
2026-04-13 17:00:00,1.6674566069339265,8.997882851093863,617.8,566.8
2026-04-13 17:15:00,1.6322133030740649,8.946532556908405,617.4,566.7
2026-04-13 17:30:00,1.606670348406958,8.90931589181545,616.1,565.7
2026-04-13 17:45:00,1.6023497403374152,8.903020667726548,616.5,566.1
2026-04-13 18:00:00,1.6240140550417117,8.934586066300287,614.5,564.1
2026-04-13 18:15:00,1.578881110446368,8.8688263409453,615.0,564.9
2026-04-13 18:30:00,1.5921148520664399,8.888108203056388,619.9,569.3
2026-04-13 18:45:00,1.5953311183620875,8.892794376098422,619.6,569.0
2026-04-13 19:00:00,1.4721074610458942,8.713254708678054,617.6,568.1
2026-04-13 19:15:00,1.464231399886464,8.70177910868415,617.1,567.7
2026-04-13 19:30:00,1.4468435397329924,8.676444601519705,615.0,565.9
2026-04-13 19:45:00,1.3868723772786482,8.589065255731931,615.7,567.0
2026-04-13 20:00:00,1.3165218516156973,8.48656294200849,613.6,565.6
2026-04-13 20:15:00,1.340790985255803,8.521923620933514,613.8,565.6
2026-04-13 20:30:00,1.3834445245560427,8.584070796460175,613.5,565.0
2026-04-13 20:45:00,1.3983310039957644,8.605760735112211,614.6,565.9
2026-04-13 21:00:00,1.368176940233759,8.561825579338421,613.7,565.3
2026-04-13 21:15:00,1.3456808106987623,8.529048207663802,614.6,566.3
2026-04-13 21:30:00,1.467419087428648,8.706423641833293,614.3,565.1
2026-04-13 21:45:00,1.3379587984187409,8.517797060386023,612.8,564.7
2026-04-13 22:00:00,1.3855307549903808,8.587110481586402,613.3,564.8
2026-04-13 22:15:00,1.4240866408842365,8.64328728303223,613.4,564.6
2026-04-13 22:30:00,1.4605548183200865,8.696422245837777,613.7,564.6
2026-04-13 22:45:00,1.4980867855199103,8.751107174490702,613.9,564.5
2026-04-13 23:00:00,1.6050989027203437,8.907026259758677,613.8,563.6
2026-04-13 23:15:00,1.7168501194939145,9.069850320741256,612.1,561.2
2026-04-13 23:30:00,1.683564428639746,9.021352313167274,612.7,562.0
2026-04-14 06:45:00,1.952234965748869,9.412811387900357,614.9,562.0
2026-04-14 07:00:00,1.6358084569212357,8.95177077771847,612.2,561.9
2026-04-14 07:15:00,1.6691538311236132,9.000355745286349,612.8,562.2
2026-04-14 07:30:00,1.7047246069666184,9.052183173588936,614.4,563.4
2026-04-14 07:45:00,1.7279816477899548,9.086069210292823,614.7,563.5
2026-04-14 08:00:00,1.867350732702563,9.289133132423322,616.5,564.1
2026-04-14 08:15:00,1.8073395758937028,9.201695513952648,618.3,566.2
2026-04-14 08:30:00,1.808455175575381,9.203320968026851,618.2,566.1
2026-04-14 08:45:00,1.6828422539632524,9.02030008826127,617.6,566.5
2026-04-14 09:00:00,1.7778163108369547,9.1586794462194,615.0,563.4
2026-04-14 09:15:00,1.7977032696409783,9.187655196878342,615.6,563.8
2026-04-14 09:30:00,1.6859462596424768,9.02482269503546,614.9,564.0
2026-04-14 09:45:00,1.6185835872086867,8.926673751328362,615.0,564.6
2026-04-14 10:00:00,1.7424015471687078,9.107079331198854,613.4,562.2
2026-04-14 10:15:00,1.672566853771802,9.005328596802853,613.7,563.0
2026-04-14 10:30:00,1.6307396463539696,8.944385405596877,615.1,564.6
2026-04-14 10:45:00,1.6407176014172702,8.958923512747873,615.4,564.8
2026-04-14 11:00:00,1.585353148014111,8.878256246677307,614.4,564.3
2026-04-14 11:15:00,1.6225029429331157,8.932384341637011,612.2,562.0
2026-04-14 11:30:00,1.8889932599395818,9.320666786162391,609.9,557.9
2026-04-14 11:45:00,1.9065856497462685,9.34629929767694,607.2,555.3
2026-04-14 12:00:00,2.569836891338604,10.312671420735043,603.3,546.9
2026-04-14 12:15:00,2.4216558677520617,10.09676830381594,603.0,547.7
2026-04-14 12:30:00,2.4229213400109693,10.09861212563914,602.9,547.6
2026-04-14 12:45:00,2.395333132089741,10.058415480102225,602.9,547.8
2026-04-14 13:00:00,2.2817364423851485,9.892902523143942,605.4,550.9
2026-04-14 13:15:00,2.3527459291757737,9.996364958197024,605.2,550.2
2026-04-14 13:30:00,2.302094296945211,9.922564379614627,610.4,555.3
2026-04-14 13:45:00,2.2590952510305606,9.85991379310347,611.7,556.8
2026-04-14 14:00:00,2.2146193743510394,9.795111430625456,610.9,556.4
2026-04-14 14:15:00,2.192357446865272,9.762675296655864,610.5,556.2
2026-04-14 14:30:00,2.173357462230414,9.73499188750675,608.7,554.7
2026-04-14 14:45:00,2.206308163960321,9.78300180831826,607.1,553.0
2026-04-14 15:00:00,2.0960149964810744,9.622302158273378,609.5,556.0
2026-04-14 15:15:00,2.205635181391964,9.782021257431085,609.4,555.1
2026-04-14 15:30:00,2.212899785976358,9.792605951307486,608.8,554.5
2026-04-14 15:45:00,2.1026946958969597,9.632034632034635,607.8,554.4
2026-04-14 16:00:00,2.152213534233366,9.704184704184726,608.2,554.4
2026-04-14 16:15:00,2.145391334563259,9.694244604316538,609.9,556.0
2026-04-14 16:30:00,2.05199258504846,9.558160504959412,607.5,554.5
2026-04-14 16:45:00,2.052630022877057,9.55908926635345,606.3,553.4
2026-04-14 17:00:00,2.039657680838752,9.54018826937002,605.1,552.4
2026-04-14 17:15:00,2.0325534552660516,9.529837251356255,605.7,553.0
2026-04-14 17:30:00,2.03256922534307,9.529860228716649,603.4,550.9
2026-04-14 17:45:00,2.0034680160244056,9.487459105779706,602.4,550.2
2026-04-14 18:00:00,2.246616420597938,9.841731853738375,603.8,549.7
2026-04-14 18:15:00,2.1696111947162153,9.729533490651663,604.5,550.9
2026-04-14 18:30:00,2.1478637249313177,9.697846933236832,606.3,552.7
2026-04-14 18:45:00,2.161488235224682,9.71769815418022,606.3,552.6
2026-04-14 19:00:00,2.302944134670213,9.923802612481849,605.9,551.2
2026-04-14 19:15:00,2.2270127590195483,9.813168873571554,605.4,551.3
2026-04-14 19:30:00,2.2419108312199274,9.834875703139168,605.3,551.1
2026-04-14 19:45:00,2.255591972959946,9.85480943738657,605.3,551.0
2026-04-14 20:00:00,2.244361359828847,9.838446178979863,605.1,550.9
2026-04-14 20:15:00,2.244361359828847,9.838446178979863,605.1,550.9
2026-04-14 20:30:00,2.2380257944173176,9.829215116279077,604.5,550.4
2026-04-14 20:45:00,2.236800345549662,9.82742960944596,604.6,550.5
2026-04-14 21:00:00,2.2106450439811756,9.7893207410098,604.5,550.6
2026-04-14 21:15:00,2.27543482962856,9.883720930232553,604.8,550.4
2026-04-14 21:30:00,2.202114115836455,9.776890984944696,605.2,551.3
2026-04-14 21:45:00,2.2755795629288627,9.88393180993834,605.9,551.4
2026-04-14 22:00:00,2.188450116149817,9.756982227058408,605.2,551.4
2026-04-14 22:15:00,2.263132499103274,9.865796155241192,605.8,551.4
2026-04-14 22:30:00,2.1462816835373837,9.69554186299384,605.3,551.8
2026-04-14 22:45:00,2.1972490193435252,9.769802428856256,605.6,551.7
2026-04-14 23:00:00,2.173579530469852,9.735315445975324,605.3,551.6
2026-04-14 23:15:00,2.044402411203145,9.547101449275374,604.7,552.0
2026-04-14 23:30:00,1.9721491103080608,9.441826748822034,603.9,551.8
2026-04-15 06:45:00,1.7843324428456402,9.168173598553352,603.7,553.0
2026-04-15 07:00:00,2.2552289536577548,9.85428051001822,603.1,549.0
2026-04-15 07:15:00,2.1704881291741622,9.730811204074218,603.3,549.8
2026-04-15 07:30:00,2.1777844420123076,9.741442097596508,602.7,549.2
2026-04-15 07:45:00,2.246616420597938,9.841731853738375,603.8,549.7
2026-04-15 08:00:00,2.1133290103798132,9.647529069767447,603.5,550.4
2026-04-15 08:15:00,2.2742025852958334,9.881925522252487,604.9,550.5
2026-04-15 08:30:00,2.3515059749351006,9.99455831670597,606.4,551.3
2026-04-15 08:45:00,2.1911775604143724,9.760956175298796,606.1,552.2
2026-04-15 09:00:00,2.056294376054709,9.564428312159713,603.7,551.0
2026-04-15 09:15:00,2.1446944730120006,9.693229261208923,604.3,550.9
2026-04-15 09:30:00,2.0835991961463334,9.604212055192464,603.7,550.8
2026-04-15 09:45:00,2.0337567052717844,9.53159041394336,603.3,550.8
2026-04-15 10:00:00,2.063979477894037,9.575625680087075,604.2,551.4
2026-04-15 10:15:00,2.0838103931415457,9.604519774011289,601.4,548.7
2026-04-15 10:30:00,1.965565605119259,9.432234432234443,597.5,546.0
2026-04-15 10:45:00,1.9243208243606773,9.37213984989933,597.5,546.3
2026-04-15 11:00:00,1.8764051207085497,9.302325581395344,596.9,546.1
2026-04-15 11:15:00,1.741633497166038,9.10596026490067,593.1,543.6
2026-04-15 11:30:00,1.5378521012126791,8.809046142622655,596.6,548.3
2026-04-15 11:45:00,1.5308416049881288,8.798831690397968,596.0,547.8
2026-04-15 12:00:00,1.4556866492058995,8.689329212870378,597.9,550.1
2026-04-15 12:15:00,1.444292221376267,8.672727272727276,597.7,550.0
2026-04-15 12:30:00,1.38656777562294,8.588621444201316,595.5,548.4
2026-04-15 12:45:00,1.3154966442222844,8.48506919155132,595.8,549.2
2026-04-15 13:00:00,1.3487217283448973,8.533478893740899,596.5,549.6
2026-04-15 13:15:00,1.3555602476107216,8.543442771630705,598.4,551.3
2026-04-15 13:30:00,1.2735232778837609,8.42391304347827,598.5,552.0
2026-04-15 13:45:00,1.3367497941314592,8.51603551368001,598.9,551.9
2026-04-15 14:00:00,1.3269829871992025,8.501805054151635,601.1,554.0
2026-04-15 14:15:00,1.2681676738447296,8.416109806754534,600.3,553.7
2026-04-15 14:30:00,1.2670040733561199,8.414414414414416,601.7,555.0
2026-04-15 14:45:00,1.2720801197600495,8.421810329314372,602.5,555.7
2026-04-15 15:00:00,1.2062131621915704,8.325840676137375,602.4,556.1
2026-04-15 15:15:00,1.221646044538986,8.348326736236068,602.2,555.8
2026-04-15 15:30:00,1.284589011392384,8.44003606853021,601.3,554.5
2026-04-15 15:45:00,1.23513055506303,8.367973974335818,599.6,553.3
2026-04-15 16:00:00,1.2269059751399922,8.355990574587624,597.8,551.7
2026-04-15 16:15:00,1.196855069516266,8.312205722564281,598.1,552.2
2026-04-15 16:30:00,1.573502656077124,8.860989810771457,598.3,549.6
2026-04-15 16:45:00,1.5235513388033013,8.788209606986896,597.9,549.6
2026-04-15 17:00:00,1.3993374607250069,8.607227165425812,598.1,550.7
2026-04-15 17:15:00,1.3552470429589099,8.542986425339372,599.7,552.5
2026-04-15 17:30:00,1.2464948321062357,8.384531984098299,599.8,553.4
2026-04-15 17:45:00,1.2289474710623305,8.358965080513837,598.9,552.7
2026-04-15 18:00:00,1.2330553244299232,8.364950316169818,599.8,553.5
2026-04-15 18:15:00,1.1968865126741814,8.312251535959515,599.4,553.4
2026-04-15 18:30:00,1.27338842393137,8.423716558206774,599.8,553.2
2026-04-15 18:45:00,1.2247984797818499,8.352919905984436,599.3,553.1
2026-04-15 19:00:00,1.2742971493199715,8.425040591737343,601.0,554.3
2026-04-15 19:15:00,1.3238249212371502,8.497203680317522,601.4,554.3
2026-04-15 19:30:00,1.3145943391966317,8.48375451263539,601.0,554.0
2026-04-15 19:45:00,1.2856338633464643,8.441558441558449,601.2,554.4
2026-04-15 20:00:00,1.3549351958855014,8.542532057070606,601.0,553.7
2026-04-15 20:15:00,1.3135435063936625,8.48222342537448,601.1,554.1
2026-04-15 20:30:00,1.3145943391966317,8.48375451263539,601.0,554.0
2026-04-15 20:45:00,1.3043040212457884,8.468761285662719,600.7,553.8
2026-04-15 21:00:00,1.3053537547193517,8.470290771175716,600.6,553.7
2026-04-15 21:15:00,1.2702548420094737,8.41915085817526,600.1,553.5
2026-04-15 21:30:00,1.2660820129327284,8.413070951435287,600.5,553.9
2026-04-15 21:45:00,1.2547315330303523,8.396533044420362,600.3,553.8
2026-04-15 22:00:00,1.2805630341362755,8.434170128228269,600.4,553.7
2026-04-15 22:15:00,1.2299452889226574,8.360418923799218,600.1,553.8
2026-04-15 22:30:00,1.2608744441782695,8.405483405483416,601.0,554.4
2026-04-15 22:45:00,1.358853873359092,8.548241659152378,601.9,554.5
2026-04-15 23:00:00,1.3074543595889951,8.473351400180661,600.4,553.5
2026-04-15 23:15:00,1.3116601267787336,8.47947929849937,600.0,553.1
2026-04-15 23:30:00,1.2413652582767738,8.377058078523604,599.0,552.7
2026-04-16 06:45:00,1.4351592251926546,8.659420289855069,599.8,552.0
2026-04-16 07:00:00,1.3446538771685483,8.527551942186108,600.7,553.5
2026-04-16 07:15:00,1.3963867323890902,8.602927887222123,600.9,553.3
2026-04-16 07:30:00,1.38999085917617,8.593608954684973,601.5,553.9
2026-04-16 07:45:00,1.363089155146051,8.554412560909586,601.5,554.1
2026-04-16 08:00:00,1.315645551430104,8.48528615273516,600.9,553.9
2026-04-16 08:15:00,1.3559942647832406,8.544075144508657,600.9,553.6
2026-04-16 08:30:00,1.329090265353482,8.504875406283862,600.9,553.8
2026-04-16 08:45:00,1.2805630341362755,8.434170128228269,600.4,553.7
2026-04-16 09:00:00,1.2736587194350604,8.424110384894723,597.2,550.8
2026-04-16 09:15:00,1.3173864009056602,8.487822609959995,596.9,550.2
2026-04-16 09:30:00,1.3070260015077837,8.472727272727276,596.6,550.0
2026-04-16 09:45:00,1.338361421458566,8.518383691299602,596.2,549.4
2026-04-16 10:00:00,1.4583947750055675,8.693275013668655,596.4,548.7
2026-04-16 10:15:00,1.413315673297916,8.62759373862394,596.8,549.4
2026-04-16 10:30:00,1.4195041829554924,8.63661053775122,600.0,552.3
2026-04-16 10:45:00,1.3793909674871894,8.57816467174466,598.7,551.4
2026-04-16 11:00:00,1.3790260698506052,8.577633007600438,600.0,552.6
2026-04-16 11:15:00,1.2670040733561199,8.414414414414416,601.7,555.0
2026-04-16 11:30:00,1.169096377342675,8.27176067759956,600.8,554.9
2026-04-16 11:45:00,1.1248848049887952,8.207343412527003,601.2,555.6
2026-04-16 12:00:00,1.2618059866816198,8.406840684068406,602.2,555.5
2026-04-16 12:15:00,1.2051857829423493,8.324343761236964,602.5,556.2
2026-04-16 12:30:00,1.1835764194140896,8.292858427774785,602.0,555.9
2026-04-16 12:45:00,1.1507401713451293,8.245015268546796,602.6,556.7
2026-04-16 13:00:00,1.1539151742852352,8.249641319942613,603.6,557.6
2026-04-16 13:15:00,1.2596251360823318,8.403663135212792,603.7,556.9
2026-04-16 13:30:00,1.1752416054855992,8.280714414576963,600.2,554.3
2026-04-16 13:45:00,1.1577488749391458,8.25522710886808,600.6,554.8
2026-04-16 14:00:00,1.106014068384122,8.179848320693406,599.1,553.8
2026-04-16 14:15:00,1.0915986751503555,8.158844765342966,599.2,554.0
2026-04-16 14:30:00,1.0178450884167478,8.051384114347737,597.2,552.7
2026-04-16 14:45:00,0.9890311522189209,8.00940155487253,597.4,553.1
2026-04-16 15:00:00,0.9691649356070327,7.9804560260586355,596.7,552.6
2026-04-16 15:15:00,0.9800896113520589,7.996373526745248,595.6,551.5
2026-04-16 15:30:00,0.9525202764061588,7.956204379562037,591.6,548.0
2026-04-16 15:45:00,1.0040771975842122,8.031323984702254,593.2,549.1
2026-04-16 16:00:00,0.9630478081349801,7.971543232396927,591.9,548.2
2026-04-16 16:15:00,0.9961196320497951,8.01972963098283,591.3,547.4
2026-04-16 16:30:00,1.0266560306676094,8.064221857325293,592.3,548.1
2026-04-16 16:45:00,1.0439628484733119,8.089438283948368,594.6,550.1
2026-04-16 17:00:00,0.9760825375683178,7.99053512923189,593.3,549.4
2026-04-16 17:15:00,0.994056933233002,8.016724231957827,594.2,550.1
2026-04-16 17:30:00,0.8665859921067514,7.830996175560001,592.1,549.1
2026-04-16 17:45:00,0.8242328969696828,7.769286754002902,592.3,549.6
2026-04-16 18:00:00,0.8185293101412342,7.760976498451444,591.5,548.9
2026-04-16 18:15:00,0.9205373434086359,7.909604519774005,592.1,548.7
2026-04-16 18:30:00,0.9063752658613625,7.888970051132205,590.8,547.6
2026-04-16 18:45:00,0.8128111574215809,7.752645020065674,590.7,548.2
2026-04-16 19:00:00,0.9409903403893999,7.939405000912569,591.4,547.9
2026-04-16 19:15:00,0.9515240000882635,7.954752782338992,591.7,548.1
2026-04-16 19:30:00,0.8761435351158415,7.844921732799426,592.5,549.4
2026-04-16 19:45:00,0.909676178763396,7.893779556202274,593.2,549.8
2026-04-16 20:00:00,0.9165827940985519,7.903842651611725,592.5,549.1
2026-04-16 20:15:00,0.8732050884592095,7.840640349281402,592.8,549.7
2026-04-16 20:30:00,0.7272923229178355,7.628042135851798,592.6,550.6
2026-04-16 20:45:00,0.6553147521436011,7.523169180447042,591.7,550.3
2026-04-16 21:00:00,0.7099435925597044,7.602764641687898,591.6,549.8
2026-04-16 21:15:00,0.6774317272518466,7.555394115510361,592.2,550.6
2026-04-16 21:30:00,0.6734361674208593,7.549572494087675,591.2,549.7
2026-04-16 21:45:00,0.6397253892950817,7.500455124704186,590.5,549.3
2026-04-16 22:00:00,0.6100772994578587,7.45725718443071,590.8,549.8
2026-04-16 22:15:00,0.651280779597761,7.517291590826369,590.7,549.4
2026-04-16 22:30:00,0.6262960289846342,7.480888241718242,590.5,549.4
2026-04-16 22:45:00,0.6665987841395612,7.539610271353125,590.5,549.1
2026-04-16 23:00:00,0.6550398695807097,7.522768670309654,590.3,549.0
2026-04-16 23:15:00,0.6444154363170386,7.507288629737618,590.0,548.8
2026-04-16 23:30:00,0.5370128226451643,7.350800582241623,590.0,549.6
2026-04-17 06:45:00,0.4281287489218725,7.192154013803132,590.2,550.6
2026-04-17 07:00:00,0.6082161549045865,7.454545454545447,591.0,550.0
2026-04-17 07:15:00,0.6225605860955913,7.475445616587861,590.9,549.8
2026-04-17 07:30:00,0.6212726640691651,7.473569084943499,589.6,548.6
2026-04-17 07:45:00,0.650341862218022,7.515923566878979,590.8,549.5
2026-04-17 08:00:00,0.5168983197487597,7.321493294671999,592.2,551.8
2026-04-17 08:15:00,0.487732479682157,7.278998003267389,591.0,550.9
2026-04-17 08:30:00,0.51872028078636,7.324147933284975,592.0,551.6
2026-04-17 08:45:00,0.5846260702788144,7.420174165457172,592.1,551.2
2026-04-17 09:00:00,0.369346350923399,7.106506724827311,589.3,550.2
2026-04-17 09:15:00,0.49227081789227173,7.285610465116288,590.5,550.4
2026-04-17 09:30:00,0.33032770557449526,7.049655672345079,590.7,551.8
2026-04-17 09:45:00,0.38451316346944925,7.128605115182318,590.6,551.3
2026-04-17 10:00:00,0.3442706406862491,7.069970845481066,587.6,548.8
2026-04-17 10:15:00,0.3853553768739761,7.12983223924144,587.5,548.4
2026-04-17 10:30:00,0.39251339066227653,7.140261627906996,589.7,550.4
2026-04-17 10:45:00,0.44855793146837464,7.221919796770093,590.9,551.1
2026-04-17 11:00:00,0.44855793146837464,7.221919796770093,590.9,551.1
2026-04-17 11:15:00,0.5500242839426738,7.369758576874208,591.5,550.9
2026-04-17 11:30:00,0.45021528654578125,7.2243346007604625,592.2,552.3
2026-04-17 11:45:00,0.3898550295897723,7.136388335446475,591.5,552.1
2026-04-17 12:00:00,0.36940967179235507,7.106598984771551,590.8,551.6
2026-04-17 12:15:00,0.2823118165458677,6.979695431472077,590.1,551.6
2026-04-17 12:30:00,0.31264785447025967,7.023895727733542,591.2,552.4
2026-04-17 12:45:00,0.34012990013189104,7.06393769244702,591.1,552.1
2026-04-17 13:00:00,0.3117753263115985,7.022624434389124,591.3,552.5
2026-04-17 13:15:00,0.26845677088120823,6.959508315256691,591.7,553.2
2026-04-17 13:30:00,0.2843285541492647,6.982633863965271,591.4,552.8
2026-04-17 13:45:00,0.2843285541492647,6.982633863965271,591.4,552.8
2026-04-17 14:00:00,0.31024411915785693,7.020393430788663,593.0,554.1
2026-04-17 14:15:00,0.38544573900381307,7.129963898916958,593.5,554.0
2026-04-17 14:30:00,0.5184052795015731,7.3236889692585905,593.5,553.0
2026-04-17 14:45:00,0.42083229582097614,7.181522915914829,594.0,554.2
2026-04-17 15:00:00,0.29205199381363134,6.99388709097446,595.1,556.2
2026-04-17 15:15:00,0.2716694836841744,6.964189310779179,594.4,555.7
2026-04-17 15:30:00,0.12863193033780973,6.7557803468208055,591.0,553.6
2026-04-17 15:45:00,0.3523484498289266,7.081740396868752,588.2,549.3
2026-04-17 16:00:00,-0.045777149079746844,6.501662356852611,576.6,541.4
2026-04-17 16:15:00,0.31809220859753456,7.0318282753515815,578.4,540.4
2026-04-17 16:30:00,-0.16662698896189676,6.325581395348845,571.5,537.5
2026-04-17 16:45:00,-0.21609862821452305,6.253500093335829,569.2,535.7
2026-04-17 17:00:00,-0.31998146335059213,6.102140443109283,565.1,532.6
2026-04-17 17:15:00,-0.3921415902729764,5.997001499250376,565.6,533.6
2026-04-17 17:30:00,-0.5338273455787342,5.790562135739807,562.7,531.9
2026-04-17 17:45:00,-0.47386113104116856,5.877934272300456,563.8,532.5
2026-04-17 18:00:00,-0.6100697890078232,5.679475164011238,563.8,533.5
2026-04-17 18:15:00,-0.5972051011101195,5.698219306466723,563.9,533.5
2026-04-17 18:30:00,-0.4594878944299384,5.89887640449438,565.5,534.0
2026-04-17 18:45:00,-0.6636903287297903,5.601348819782714,563.7,533.8
2026-04-17 19:00:00,-0.5161313423502887,5.816345614363172,565.8,534.7
2026-04-17 19:15:00,-0.6176235652878472,5.668469140406507,566.7,536.3
2026-04-17 19:30:00,-0.5704202967990953,5.737245374696309,565.8,535.1
2026-04-17 19:45:00,-0.6260780043384415,5.6561508306888,566.0,535.7
2026-04-17 20:00:00,-0.6695293979488788,5.592841163310958,566.4,536.4
2026-04-17 20:15:00,-0.6241414394335274,5.658972449739386,567.6,537.2
2026-04-17 20:30:00,-0.4580118206632663,5.901027077497667,567.1,535.5
2026-04-17 20:45:00,-0.4444363316203811,5.920806873365714,567.1,535.4
2026-04-17 21:00:00,-0.44367719956538626,5.921912946011587,567.0,535.3
2026-04-17 21:15:00,-0.3733908209216423,6.024321796071108,566.7,534.5
2026-04-17 21:30:00,-0.43607025024394064,5.93299644394536,566.0,534.3
2026-04-17 21:45:00,-0.4293318629966958,5.942814427209853,566.9,535.1
2026-04-17 22:00:00,-0.3621015463504907,6.040770525528316,567.0,534.7
2026-04-17 22:15:00,-0.40060899535042493,5.984664297737052,566.7,534.7
2026-04-17 22:30:00,-0.349265730017164,6.05947260145876,567.1,534.7
2026-04-17 22:45:00,-0.3916224849242488,5.997757847533625,567.3,535.2
2026-04-17 23:00:00,-0.31967751542928813,6.102583302134024,566.8,534.2
2026-04-17 23:15:00,-0.38777317901712877,6.003366373667451,566.8,534.7
2026-04-17 23:30:00,-0.36597483547198967,6.035127055306422,567.5,535.2
2026-04-18 09:45:00,-0.2639057636824665,6.183844011142048,571.8,538.5
2026-04-18 10:00:00,-0.5465080116275819,5.772086117297692,569.9,538.8
2026-04-18 10:15:00,-0.45959517858946203,5.898720089037268,570.9,539.1
2026-04-18 10:30:00,-0.6335176834768843,5.645311049210777,568.9,538.5
2026-04-18 10:45:00,-0.4948105915519544,5.847410432522748,570.2,538.7
2026-04-18 11:00:00,-0.4326211258978008,5.938021896455736,570.9,538.9
2026-04-18 11:15:00,-0.35349285279705467,6.053313587560161,572.9,540.2
2026-04-18 11:30:00,-0.4476902665748655,5.916065816232208,572.9,540.9
2026-04-18 11:45:00,-0.5930561977028254,5.704264352962896,572.6,541.7
2026-04-18 12:00:00,-0.4166023988847888,5.9613615455381685,575.9,543.5
2026-04-18 12:15:00,-0.6041685560272162,5.688073394495419,576.0,545.0
2026-04-18 12:30:00,-0.4039744117763684,5.979760809567614,576.0,543.5
2026-04-18 12:45:00,-0.5814886933969746,5.721118469462838,574.7,543.6
2026-04-18 13:00:00,-0.5421525703090119,5.778432094221575,574.8,543.4
2026-04-18 13:15:00,-0.5020499956896471,5.836862456269554,574.8,543.1
2026-04-18 13:30:00,-0.4856630809086929,5.860738563292323,576.2,544.3
2026-04-18 13:45:00,-0.5375597299480389,5.785123966942152,576.0,544.5
2026-04-18 14:00:00,-0.3052703676345338,6.123574843692548,577.1,543.8
2026-04-18 14:15:00,-0.4203629391633905,5.9558823529411775,576.4,544.0
2026-04-18 14:30:00,-0.410759287289244,5.9698750918442345,576.9,544.4
2026-04-18 14:45:00,-0.4560237609140895,5.903923725705917,577.6,545.4
2026-04-18 15:00:00,-0.35611306741954196,6.049495875343713,578.5,545.5
2026-04-18 15:15:00,-0.30193100769295234,6.128440366972465,578.4,545.0
2026-04-18 15:30:00,-0.43971006257683454,5.927693154707292,577.2,544.9
2026-04-18 15:45:00,-0.4056877800309017,5.977264393105974,578.0,545.4
2026-04-18 16:00:00,-0.36109259696743573,6.042240587695136,577.4,544.5
2026-04-18 16:15:00,-0.41151177781904535,5.968778696051413,577.0,544.5
2026-04-18 16:30:00,-0.388571883447536,6.002202643171817,577.5,544.8
2026-04-18 16:45:00,-0.491631326338279,5.852042694147963,575.2,543.4
2026-04-18 17:00:00,-0.4641171246671165,5.892131510897669,573.3,541.4
2026-04-18 17:15:00,-0.45742559291582946,5.9018812246403485,574.2,542.2
2026-04-18 17:30:00,-0.5192455671617743,5.811808118081174,573.5,542.0
2026-04-18 17:45:00,-0.4968799843356085,5.844395280235992,574.1,542.4
2026-04-18 18:00:00,-0.3546274068028977,6.051660516605151,574.8,542.0
2026-04-18 18:15:00,-0.4030069732218179,5.98117038951449,574.1,541.7
2026-04-18 18:30:00,-0.40452203624038063,5.978962908285657,574.3,541.9
2026-04-18 18:45:00,-0.5637839262880113,5.746914717259166,574.1,542.9
2026-04-19 09:45:00,-0.5692797179012925,5.738907224055745,576.7,545.4
2026-04-19 10:00:00,-0.44120276489181287,5.925518253531448,577.4,545.1
2026-04-19 10:15:00,-0.3267995289815291,6.09220636663006,579.9,546.6
2026-04-19 10:30:00,-0.32190171981352345,6.099342585829071,581.0,547.6
2026-04-19 10:45:00,-0.35950203570152517,6.044558071585104,580.7,547.6
2026-04-19 11:00:00,-0.4708284611738623,5.882352941176472,579.6,547.4
2026-04-19 11:15:00,-0.4597695447362219,5.898466033601157,579.9,547.6
2026-04-19 11:30:00,-0.3424043174104608,6.06946983546619,580.2,547.0
2026-04-19 11:45:00,-0.4686146565161329,5.885578504843703,579.3,547.1
2026-04-19 12:00:00,-0.49297055492617026,5.850091407678248,579.0,547.0
2026-04-19 12:15:00,-0.5195232631138008,5.811403508771917,579.0,547.2
2026-04-19 12:30:00,-0.5696936651125171,5.738304093567237,578.6,547.2
2026-04-19 12:45:00,-0.5306121143050938,5.7952468007312685,578.7,547.0
2026-04-19 13:00:00,-0.5306121143050938,5.7952468007312685,578.7,547.0
2026-04-19 13:15:00,-0.5940635871215767,5.702796563699497,578.3,547.1
2026-04-19 13:30:00,-0.5195232631138008,5.811403508771917,579.0,547.2
2026-04-19 13:45:00,-0.54388401487939,5.775909340157193,578.7,547.1
2026-04-19 14:00:00,-0.5549838023213306,5.759736697750961,578.4,546.9
2026-04-19 14:15:00,-0.6414161412092665,5.633802816901401,577.5,546.7
2026-04-19 14:30:00,-0.6066084801821195,5.684518369585079,578.2,547.1
2026-04-19 14:45:00,-0.5564289079399328,5.757631146042774,578.6,547.1
2026-04-19 15:00:00,-0.5696936651125171,5.738304093567237,578.6,547.2
2026-04-19 15:15:00,-0.5306121143050938,5.7952468007312685,578.7,547.0
2026-04-19 15:30:00,-0.5040537499883563,5.833942940746173,578.7,546.8
2026-04-19 15:45:00,-0.5528141610371965,5.762897914379805,578.1,546.6
2026-04-19 16:00:00,-0.4848800445143835,5.861879465103503,577.9,545.9
2026-04-19 16:15:00,-0.5728873296471296,5.733650851804373,577.2,545.9
2026-04-19 16:30:00,-0.4293600938578477,5.942773294203962,577.6,545.2
2026-04-19 16:45:00,-0.5462909239932658,5.772402418911482,577.2,545.7
2026-04-19 17:00:00,-0.6734670840845647,5.587103865176779,576.4,545.9
2026-04-19 17:15:00,-0.508559692583564,5.827377680043977,577.5,545.7
2026-04-19 17:30:00,-0.5861782257692263,5.714285714285716,577.2,546.0
2026-04-19 17:45:00,-0.5750487263291487,5.730501647748065,577.5,546.2
2026-04-19 18:00:00,-0.5233273924961113,5.805860805860807,577.7,546.0
2026-04-19 18:15:00,-0.6148837481570879,5.672461116193972,577.5,546.5
2026-04-19 18:30:00,-0.4182717752516987,5.95892922625596,577.9,545.4
2026-04-19 18:45:00,-0.5025886872470566,5.836077570435405,578.5,546.6
2026-04-20 06:45:00,-0.646837011166963,5.62590448625182,583.9,552.8
2026-04-20 07:00:00,-0.846641385018867,5.334784975503526,580.5,551.1
2026-04-20 07:15:00,-0.7449621609838256,5.482933914306476,581.0,550.8
2026-04-20 07:30:00,-0.8139720613610529,5.382384922073213,581.5,551.8
2026-04-20 07:45:00,-0.8492969997691768,5.3309156844968175,580.9,551.5
2026-04-20 08:00:00,-0.7807108845256435,5.430847212165091,582.4,552.4
2026-04-20 08:15:00,-0.764898254226372,5.453886573654643,582.0,551.9
2026-04-20 08:30:00,-0.819320013819481,5.374592833876202,582.3,552.6
2026-04-20 08:45:00,-0.9271045655761767,5.217548293915875,582.8,553.9
2026-04-20 09:00:00,-0.9855511593727958,5.13239027928909,579.7,551.4
2026-04-20 09:15:00,-0.9567927472006224,5.174291938997833,579.3,550.8
2026-04-20 09:30:00,-0.9462721016717199,5.189620758483038,579.7,551.1
2026-04-20 09:45:00,-0.8234901618475918,5.368516833484982,579.0,549.5
2026-04-20 10:00:00,-0.6148837481570879,5.672461116193972,577.5,546.5
2026-04-20 10:15:00,-0.5470167904824474,5.771344814950541,577.3,545.8
2026-04-20 10:30:00,-0.523891879717169,5.805038335158841,579.6,547.8
2026-04-20 10:45:00,-0.5475036151415643,5.770635500365229,579.2,547.6
2026-04-20 11:00:00,-0.4959826154470013,5.845702767088135,577.6,545.7
2026-04-20 11:15:00,-0.43459016729567357,5.935152958417289,578.3,545.9
2026-04-20 11:30:00,-0.5026877740231831,5.835933198752086,576.7,544.9
2026-04-20 11:45:00,-0.410759287289244,5.9698750918442345,576.9,544.4
2026-04-20 12:00:00,-0.41226399200268693,5.967682702901223,577.1,544.6
2026-04-20 12:15:00,-0.359568813162518,6.044460775307758,577.2,544.3
2026-04-20 12:30:00,-0.32897541181403284,6.08903605592348,576.7,543.6
2026-04-20 12:45:00,-0.42171178721713193,5.9539170506912376,574.8,542.5
2026-04-20 13:00:00,-0.39286076117608765,5.995953650910413,576.3,543.7
2026-04-20 13:15:00,-0.4196113842299771,5.956977385548812,576.3,543.9
2026-04-20 13:30:00,-0.43223008434657767,5.938591652877379,576.2,543.9
2026-04-20 13:45:00,-0.3994386639661893,5.986369497144972,575.4,542.9
2026-04-20 14:00:00,-0.25500107144354967,6.196818349981492,574.1,540.6
2026-04-20 14:15:00,-0.2383562916458977,6.221070172190335,573.7,540.1
2026-04-20 14:30:00,-0.3584554646970921,6.046082949308751,575.3,542.5
2026-04-20 14:45:00,-0.4253321102758207,5.948642157768336,573.5,541.3
2026-04-20 15:00:00,-0.2969830850372558,6.135649602661242,574.3,541.1
2026-04-20 15:15:00,-0.3127683959296117,6.112650046168056,574.6,541.5
2026-04-20 15:30:00,-0.35155987148884704,6.056129985228953,574.4,541.6
2026-04-20 15:45:00,-0.37919149188375856,6.015870086731878,574.5,541.9
2026-04-20 16:00:00,-0.4312330108917714,5.940044411547008,572.5,540.4
2026-04-20 16:15:00,-0.44384856449851434,5.921663263411903,570.6,538.7
2026-04-20 16:30:00,-0.3542617917881974,6.05219322598558,573.0,540.3
2026-04-20 16:45:00,-0.273962590309224,6.16919098633173,574.8,541.4
2026-04-20 17:00:00,-0.25947396046871485,6.190301249081576,578.1,544.4
2026-04-20 17:15:00,-0.25947396046871485,6.190301249081576,578.1,544.4
2026-04-20 17:30:00,-0.40963579021888114,5.97151205259312,580.3,547.6
2026-04-20 17:45:00,-0.38908204828568893,6.0014593214155365,581.1,548.2
2026-04-20 18:00:00,-0.24981157645646154,6.204379562043805,582.0,548.0
2026-04-20 18:15:00,-0.2914447076753053,6.143719144267701,580.5,546.9
2026-04-20 18:30:00,-0.2996717416914873,6.131732168850057,583.3,549.6
2026-04-20 18:45:00,-0.30297814726595024,6.126914660831506,582.0,548.4
2026-04-20 19:00:00,-0.09388153265419011,6.431573177416428,582.5,547.3
2026-04-20 19:15:00,-0.13230197812225372,6.375593715747163,582.3,547.4
2026-04-20 19:30:00,-0.06798964512535474,6.469298245614041,582.6,547.2
2026-04-20 19:45:00,-0.06961188866824423,6.466934599926932,582.8,547.4
2026-04-20 20:00:00,-0.05544704462567568,6.487573099415211,582.7,547.2
2026-04-20 20:15:00,-0.03117998877127855,6.522930750959266,583.0,547.3
2026-04-20 20:30:00,-0.006301560146711409,6.559179186515229,581.6,545.8
2026-04-20 20:45:00,-0.02134247132048884,6.537264237319151,581.8,546.1
2026-04-20 21:00:00,-0.0087746064726021,6.555575901849475,581.9,546.1
2026-04-20 21:15:00,-0.00609937121811368,6.559473780376401,583.2,547.3
2026-04-20 21:30:00,-0.042088292457584234,6.507037104734059,582.7,547.1
2026-04-20 21:45:00,-0.06474159788549165,6.47403072421362,582.2,546.8
2026-04-20 22:00:00,0.01056905676069892,6.583760058522303,582.8,546.8
2026-04-20 22:15:00,0.05072555221157256,6.642268984446464,582.8,546.5
2026-04-20 22:30:00,-0.0287246559194108,6.526508226691052,582.7,547.0
2026-04-20 22:45:00,-0.04127184237905707,6.508226691042052,582.6,547.0
2026-04-20 23:00:00,-0.08053224562504903,6.451023391812849,582.5,547.2
2026-04-20 23:15:00,-0.027905613029279974,6.5277015907844405,582.6,546.9
2026-04-20 23:30:00,0.06495778751869163,6.663005674537814,582.7,546.3
2026-04-21 06:45:00,-0.25601895057534646,6.195335276967939,582.8,548.8
2026-04-21 07:00:00,-0.24522224331831677,6.211066324661063,579.7,545.8
2026-04-21 07:15:00,-0.18859192706759006,6.293577981651377,579.3,545.0
2026-04-21 07:30:00,-0.13259913121942135,6.375160756935516,579.0,544.3
2026-04-21 07:45:00,-0.26959522698880634,6.175554333883082,579.4,545.7
2026-04-21 08:00:00,-0.17440836125917836,6.314243759177707,579.2,544.8
2026-04-21 08:15:00,-0.23033088248083167,6.232763375620509,577.8,543.9
2026-04-21 08:30:00,-0.2050934822476001,6.26953484096342,578.0,543.9
2026-04-21 08:45:00,-0.07564674695754406,6.458141674333029,578.6,543.5
2026-04-21 09:00:00,-0.20434385649810496,6.270627062706269,579.6,545.4
2026-04-21 09:15:00,-0.055784915667188247,6.48708081363385,581.1,545.7
2026-04-21 09:30:00,-0.15958898464709054,6.335835927485811,580.7,546.1
2026-04-21 09:45:00,-0.22164339278515918,6.245421245421245,580.1,546.0
2026-04-21 10:00:00,-0.2569055467497776,6.194043486205025,581.2,547.3
2026-04-21 10:15:00,-0.2655700102753687,6.181419166057078,580.6,546.8
2026-04-21 10:30:00,-0.22713177540901874,6.237424547283688,580.8,546.7
2026-04-21 10:45:00,-0.21535369824485256,6.25458547322082,579.3,545.2
2026-04-21 11:00:00,-0.15001258992359132,6.3497889521012985,579.5,544.9
2026-04-21 11:15:00,-0.12401694427369231,6.387665198237902,579.6,544.8
2026-04-21 11:30:00,-0.04597271664492887,6.501377410468323,579.9,544.5
2026-04-21 11:45:00,-0.194132764169418,6.28550485614805,580.0,545.7
2026-04-21 12:00:00,-0.06347513729554576,6.475875986057589,580.4,545.1
2026-04-21 12:15:00,-0.06754826328959333,6.469941348973607,580.9,545.6
2026-04-21 12:30:00,-0.013111453616037374,6.549257017061083,580.8,545.1
2026-04-21 12:45:00,-0.02134247132048884,6.537264237319151,581.8,546.1
2026-04-21 13:00:00,-0.0019827190136560134,6.5654718361375375,582.7,546.8
2026-04-21 13:15:00,0.014704732468897119,6.58978583196046,582.3,546.3
2026-04-21 13:30:00,-0.061488795086002995,6.478770131771583,581.8,546.4
2026-04-21 13:45:00,-0.07242617097036565,6.462834126693506,581.5,546.2
2026-04-21 14:00:00,-0.04290444412601187,6.505847953216359,582.8,547.2
2026-04-21 14:15:00,0.005785250070972317,6.57678994352342,585.0,548.9
2026-04-21 14:30:00,0.12930207084255835,6.756756756756754,584.6,547.6
2026-04-21 14:45:00,0.16008258715546142,6.801604668125472,585.7,548.4
2026-04-21 15:00:00,0.3263057697068745,7.043795620437954,586.6,548.0
2026-04-21 15:15:00,0.374570554217373,7.1141185076810665,585.7,546.8
2026-04-21 15:30:00,0.34059964738444204,7.064622124863096,586.5,547.8
2026-04-21 15:45:00,0.338830059840873,7.062043795620454,586.7,548.0
2026-04-21 16:00:00,0.4336137779930374,7.200145825738247,588.1,548.6
2026-04-21 16:15:00,0.4827464107134482,7.271733187534157,588.6,548.7
2026-04-21 16:30:00,0.4283016863657713,7.192405987586725,587.2,547.8
2026-04-21 16:45:00,0.465888274500618,7.247170500182554,587.5,547.8
2026-04-21 17:00:00,0.29799513351458873,7.002546380501995,588.3,549.8
2026-04-21 17:15:00,0.298239726213579,7.002902757619722,589.8,551.2
2026-04-21 17:30:00,0.33749691672015825,7.060101375814631,591.4,552.4
2026-04-21 17:45:00,0.3978433545402345,7.148027506333698,592.1,552.6
2026-04-21 18:00:00,0.36499246486082404,7.100163013946736,591.3,552.1
2026-04-21 18:15:00,0.38188372267035214,7.124773960217001,592.4,553.0
2026-04-21 18:30:00,0.2779734883095356,6.973374388697695,590.6,552.1
2026-04-21 18:45:00,0.3028360530384686,7.009599710197412,590.8,552.1
2026-04-21 19:00:00,0.365875266072235,7.101449275362337,591.2,552.0
2026-04-21 19:15:00,0.40673732404087487,7.160986221899934,591.1,551.6
2026-04-21 19:30:00,0.4129349443761775,7.170016295491588,591.9,552.3
2026-04-21 19:45:00,0.3322395201862731,7.052441229656425,592.0,553.0
2026-04-21 20:00:00,0.3341430555575785,7.055214723926362,593.3,554.2
2026-04-21 20:15:00,0.24917061097553309,6.931407942238255,592.4,554.0
2026-04-21 20:30:00,0.2877987922203458,6.987690079652431,591.0,552.4
2026-04-21 20:45:00,0.3294510253919102,7.048378329407501,590.8,551.9
2026-04-21 21:00:00,0.37919417446547193,7.120855227396272,591.2,551.9
2026-04-21 21:15:00,0.3048064551049268,7.012470630760892,592.1,553.3
2026-04-21 21:30:00,0.2384955246143591,6.915854098952701,592.1,553.8
2026-04-21 21:45:00,0.15112894984585093,6.788559015206364,589.9,552.4
2026-04-21 22:00:00,0.13870441872089342,6.770456191165808,589.8,552.4
2026-04-21 22:15:00,0.1254410911960104,6.751131221719442,589.8,552.5
2026-04-21 22:30:00,0.24573825828218016,6.926406926406914,592.8,554.4
2026-04-21 22:45:00,0.3271632886710013,7.04504504504504,594.1,555.0
2026-04-21 23:00:00,0.2474538152941961,6.928906531937917,592.6,554.2
2026-04-21 23:15:00,0.2094500531004434,6.873534187263219,592.4,554.3
2026-04-21 23:30:00,0.3013295711048311,7.007404731804212,592.5,553.7
2026-04-22 06:45:00,0.3614644556757742,7.0950226244344,591.7,552.5
2026-04-22 07:00:00,0.1790689930097645,6.829268292682911,591.3,553.5
2026-04-22 07:15:00,0.08900629422109625,6.69804489500363,589.4,552.4
2026-04-22 07:30:00,0.1378633735370618,6.769230769230772,589.9,552.5
2026-04-22 07:45:00,0.20423931876331078,6.865942028985494,589.9,552.0
2026-04-22 08:00:00,0.19521396129936572,6.852791878172582,589.4,551.6
2026-04-22 08:15:00,0.15135673667533053,6.788890905790512,588.3,550.9
2026-04-22 08:30:00,0.12139793674414495,6.745240253853146,588.7,551.5
2026-04-22 08:45:00,0.15873235737926042,6.799637352674526,589.0,551.5
2026-04-22 09:00:00,0.2877987922203458,6.987690079652431,591.0,552.4
2026-04-22 09:15:00,0.20082707434566271,6.860970311368564,590.3,552.4
2026-04-22 09:30:00,0.19521396129936572,6.852791878172582,589.4,551.6
2026-04-22 09:45:00,0.3071969180448661,7.015953589557644,590.3,551.6
2026-04-22 10:00:00,0.28144352181348625,6.9784303063259,590.2,551.7
2026-04-22 10:15:00,0.2586351885054483,6.945198046663048,591.3,552.9
2026-04-22 10:30:00,0.25311092358058734,6.937149067197956,590.4,552.1
2026-04-22 10:45:00,0.3117753263115985,7.022624434389124,591.3,552.5
2026-04-22 11:00:00,0.2615592589781192,6.949458483754523,592.5,554.0
2026-04-22 11:15:00,0.29785770696976377,7.002346146904892,592.9,554.1
2026-04-22 11:30:00,0.21456204906407444,6.880982481488163,591.8,553.7
2026-04-22 11:45:00,0.15258524760637807,6.790680874119537,591.3,553.7
2026-04-22 12:00:00,0.1319845710842677,6.760665220535067,590.6,553.2
2026-04-22 12:15:00,0.15848481149198904,6.799276672694399,590.6,553.0
2026-04-22 12:30:00,0.16835892044441209,6.813663473703246,591.0,553.3
2026-04-22 12:45:00,0.2128568198634765,6.878497923812965,592.0,553.9
2026-04-22 13:00:00,0.1170697970438854,6.738934056007229,590.8,553.5
2026-04-22 13:15:00,0.10967564442680329,6.728160607704847,590.1,552.9
2026-04-22 13:30:00,0.19741976805309994,6.856005788712039,590.7,552.8
2026-04-22 13:45:00,0.15258524760637807,6.790680874119537,591.3,553.7
2026-04-22 14:00:00,0.13450223510655715,6.764333514197851,590.3,552.9
2026-04-22 14:15:00,0.22653323352815896,6.898424769147216,590.4,552.3
2026-04-22 14:30:00,0.24450274938859465,6.924606761887531,591.4,553.1
2026-04-22 14:45:00,0.19656871180600272,6.85476578043045,590.8,552.9
2026-04-22 15:00:00,0.06334089093698471,6.660649819494591,590.9,554.0
2026-04-22 15:15:00,0.019636741927200083,6.596971881759206,591.4,554.8
2026-04-22 15:30:00,-0.0024793720119344097,6.564748201438841,592.5,556.0
2026-04-22 15:45:00,-0.09998745264336249,6.422676713311826,593.2,557.4
2026-04-22 16:00:00,-0.125399883609809,6.385650224215245,593.1,557.5
2026-04-22 16:15:00,-0.05905734963573384,6.482312803016699,593.0,556.9
2026-04-22 16:30:00,-0.07456590183809574,6.459716490220702,593.3,557.3
2026-04-22 16:45:00,-0.004909135188265628,6.561207981305062,592.8,556.3
2026-04-22 17:00:00,0.12746944662047838,6.754086581641805,594.3,556.7
2026-04-22 17:15:00,0.11265082383051436,6.732495511669656,594.5,557.0
2026-04-22 17:30:00,0.23412109106667317,6.909480449919636,598.8,560.1
2026-04-22 17:45:00,0.2962474733853147,7.000000000000006,599.2,560.0
2026-04-22 18:00:00,0.43537360281163917,7.202709930468876,601.3,560.9
2026-04-22 18:15:00,0.40041507915315977,7.151774567504887,600.8,560.7
2026-04-22 18:30:00,0.4617866568312126,7.24119435008046,599.8,559.3
2026-04-22 18:45:00,0.3091507438295374,7.018800358102073,597.7,558.5
2026-04-22 19:00:00,0.4240910567808774,7.186271004647837,599.6,559.4
2026-04-22 19:15:00,0.40830653462128824,7.163272597356207,599.9,559.8
2026-04-22 19:30:00,0.5204456952577077,7.326661901358111,600.6,559.6
2026-04-22 19:45:00,0.5676903197490425,7.395498392282973,601.2,559.8
2026-04-22 20:00:00,0.49412857276699973,7.288317256162924,600.6,559.8
2026-04-22 20:15:00,0.4749488468907633,7.260371959942757,599.8,559.2
2026-04-22 20:30:00,0.4662335581186519,7.247673586256265,599.3,558.8
2026-04-22 20:45:00,0.4881157452994815,7.27955642997673,599.8,559.1
2026-04-22 21:00:00,0.4548394635859588,7.231072131734373,599.1,558.7
2026-04-22 21:15:00,0.4811943497524243,7.269471799462845,599.1,558.5
2026-04-22 21:30:00,0.44610196202913516,7.218341393516048,598.6,558.3
2026-04-22 21:45:00,0.34427959435235767,7.069983891175946,598.2,558.7
2026-04-22 22:00:00,0.4293868634510273,7.193987115246969,599.0,558.8
2026-04-22 22:15:00,0.41622340540490665,7.17480765789944,599.0,558.9
2026-04-22 22:30:00,0.3416754710162091,7.066189624329167,598.5,559.0
2026-04-22 22:45:00,0.3995661335013752,7.150537634408605,597.9,558.0
2026-04-22 23:00:00,0.22693968587353047,6.899016979445949,598.1,559.5
2026-04-22 23:15:00,0.24090412888264706,6.919363490076891,598.0,559.3
2026-04-22 23:30:00,0.10911079961742944,6.727337615988582,598.1,560.4
2026-04-23 06:45:00,0.2400551881692282,6.918126564175919,598.1,559.4
2026-04-23 07:00:00,0.16425133945560458,6.807678634909342,600.9,562.6
2026-04-23 07:15:00,0.17699136037899807,6.826241134751765,602.5,564.0
2026-04-23 07:30:00,0.2025237386244677,6.863442389758179,601.0,562.4
2026-04-23 07:45:00,0.18281337903278982,6.834723948162624,601.8,563.3
2026-04-23 08:00:00,0.3006190090498955,7.006369426751569,604.8,565.2
2026-04-23 08:15:00,0.22106632822766348,6.890459363957602,605.0,566.0
2026-04-23 08:30:00,0.0852458057259334,6.692565777856285,604.2,566.3
2026-04-23 08:45:00,0.08200365571516226,6.687841891653434,604.6,566.7
2026-04-23 09:00:00,0.03749080426895905,6.622985656100577,602.1,564.7
2026-04-23 09:15:00,0.06503793593184738,6.6631224525961485,601.9,564.3
2026-04-23 09:30:00,0.0934401637889269,6.704505143667983,601.6,563.8
2026-04-23 09:45:00,-0.0143079364569349,6.547513714386843,602.1,565.1
2026-04-23 10:00:00,0.022127973966473466,6.600601663422401,602.4,565.1
2026-04-23 10:15:00,-0.02936639914222549,6.525573192239853,604.0,567.0
2026-04-23 10:30:00,0.06260801661305984,6.659582004959264,602.2,564.6
2026-04-23 10:45:00,0.03427327744093784,6.618297646434246,602.5,565.1
2026-04-23 11:00:00,0.09337125420945928,6.704404740845593,603.2,565.3
2026-04-23 11:15:00,0.13225685672828205,6.761061946902669,603.2,565.0
2026-04-23 11:30:00,0.1330782989443698,6.762258806868471,603.1,564.9
2026-04-23 11:45:00,0.07476407575832746,6.6772936592277565,602.3,564.6
2026-04-23 12:00:00,0.21349833374826904,6.879432624113457,602.8,564.0
2026-04-23 12:15:00,0.19799171004927005,6.856839121190661,603.1,564.4
2026-04-23 12:30:00,0.2273465506773032,6.899609790705941,602.7,563.8
2026-04-23 12:45:00,0.3029463572298166,7.009760425909484,603.0,563.5
2026-04-23 13:00:00,0.34133846645348637,7.065698601027082,604.6,564.7
2026-04-23 13:15:00,0.3673730168955492,7.103631532329491,604.6,564.5
2026-04-23 13:30:00,0.4003545569691262,7.151686385308143,606.8,566.3
2026-04-23 13:45:00,0.3865063734753577,7.131509267431602,606.9,566.5
2026-04-23 14:00:00,0.2783136805352556,6.973870056497167,605.9,566.4
2026-04-23 14:15:00,0.30317274735637506,7.010090281465753,604.5,564.9
2026-04-23 14:30:00,0.4865295424610747,7.277245296414625,604.4,563.4
2026-04-23 14:45:00,0.4900781035726077,7.282415630550632,604.0,563.0
2026-04-23 15:00:00,0.3585746800254281,7.090812155677972,602.6,562.7
2026-04-23 15:15:00,0.369904897692854,7.10732054015637,602.8,562.8
2026-04-23 15:30:00,0.33704847292158524,7.059447983014855,605.1,565.2
2026-04-23 15:45:00,0.27041454810524074,6.962360841138016,605.3,565.9
2026-04-23 16:00:00,0.32918455996610896,7.047990083230027,604.5,564.7
2026-04-23 16:15:00,0.30402459632403395,7.011331444759206,604.4,564.8
2026-04-23 16:30:00,0.20597591969237639,6.868472295981598,603.7,564.9
2026-04-23 16:45:00,0.2797210871405344,6.975920679886705,604.2,564.8
2026-04-23 17:00:00,0.25120433914578383,6.934371130373251,604.5,565.3
2026-04-23 17:15:00,0.2641895451782211,6.9532908704883045,604.5,565.2
2026-04-23 17:30:00,0.1767008539596281,6.825817860300631,604.1,565.5
2026-04-23 17:45:00,0.26841502752920654,6.95944749424473,604.0,564.7
2026-04-23 18:00:00,0.2571049629375094,6.942968473255395,603.8,564.6
2026-04-23 18:15:00,0.3274719542723823,7.045494777836803,604.7,564.9
2026-04-23 18:30:00,0.23363267867116325,6.908768821966338,603.5,564.5
2026-04-23 18:45:00,0.19166020811385012,6.847613979066858,602.3,563.7
2026-04-23 19:00:00,0.1819807763346891,6.833510827121048,601.9,563.4
2026-04-23 19:15:00,0.22861541557034126,6.901458555674123,601.0,562.2
2026-04-23 19:30:00,0.23744697749425175,6.914326341983634,601.5,562.6
2026-04-23 19:45:00,0.2277730386118777,6.9002311933132,601.1,562.3
2026-04-23 20:00:00,0.20216449062389483,6.862918957261943,602.6,563.9
2026-04-23 20:15:00,0.25676393713052087,6.942471590909083,602.3,563.2
2026-04-23 20:30:00,0.1783582999443974,6.828232796745093,603.9,565.3
2026-04-23 20:45:00,0.24204741318879755,6.921029281277735,602.5,563.5
2026-04-23 21:00:00,0.1983395194375542,6.857345887368993,601.5,562.9
2026-04-23 21:15:00,0.16010259006697447,6.801633812821861,601.4,563.1
2026-04-23 21:30:00,0.13572570854177798,6.766116142781042,601.2,563.1
2026-04-23 21:45:00,0.09834234104651786,6.711647727272729,601.0,563.2
2026-04-23 22:00:00,0.2277730386118777,6.9002311933132,601.1,562.3
2026-04-23 22:15:00,0.2547256631048044,6.939501779359425,601.0,562.0
2026-04-23 22:30:00,0.3061447172960622,7.014420509168584,601.1,561.7
2026-04-23 22:45:00,0.2939258976531539,6.996617411429584,601.0,561.7
2026-04-23 23:00:00,0.2391345725154224,6.916785206258891,601.3,562.4
2026-04-23 23:15:00,0.35848558661626845,7.0906823445572975,601.1,561.3
2026-04-23 23:30:00,0.14626103928438777,6.781466358956156,601.5,563.3
2026-04-24 06:45:00,0.10796195055685738,6.725663716814156,603.0,565.0
2026-04-24 07:00:00,0.3057291995186256,7.013815090329434,604.2,564.6
2026-04-24 07:15:00,0.24242473006637968,6.921579040538162,604.0,564.9
2026-04-24 07:30:00,0.15407628687727876,6.792853352202388,603.7,565.3
2026-04-24 07:45:00,0.1402907160634703,6.772767462422635,603.8,565.5
2026-04-24 08:00:00,0.0618136432672754,6.658424584952294,603.9,566.2
2026-04-24 08:15:00,0.12324014627672192,6.747924394983196,604.3,566.1
2026-04-24 08:30:00,0.06585278403559697,6.664309704790505,603.4,565.7
2026-04-24 08:45:00,0.08041855675446873,6.685532366466229,603.2,565.4
2026-04-24 09:00:00,0.1841686080658427,6.836698547644349,603.2,564.6
2026-04-24 09:15:00,0.20764549509228886,6.870904905259412,603.5,564.7
2026-04-24 09:30:00,0.22063678550167606,6.889833510449872,603.5,564.6
2026-04-24 09:45:00,0.3074350107948696,7.016300496102068,604.0,564.4
2026-04-24 10:00:00,0.310850262733017,7.021276595744674,603.6,564.0
2026-04-24 10:15:00,0.3638453012708509,7.098491570541254,603.5,563.5
2026-04-24 10:30:00,0.3178852586638932,7.031526744597927,604.3,564.6
2026-04-24 10:45:00,0.243265823365247,6.9228045325778975,603.9,564.8
2026-04-24 11:00:00,0.08123024767589235,6.68671501857423,603.1,565.3
2026-04-24 11:15:00,0.06585278403559697,6.664309704790505,603.4,565.7
2026-04-24 11:30:00,0.0884925390906372,6.697296342109915,603.8,565.9
2026-04-24 11:45:00,0.04561276194815917,6.634819532908698,602.7,565.2
2026-04-24 12:00:00,0.07233028165437444,6.67374756594088,602.6,564.9
2026-04-24 12:15:00,0.14522790240238104,6.779961055054007,603.2,564.9
2026-04-24 12:30:00,0.1604363724553646,6.80212014134276,604.5,566.0
2026-04-24 12:45:00,0.24952112975192847,6.9319186560566015,604.7,565.5
2026-04-24 13:00:00,0.285353328951302,6.9841269841269815,606.6,567.0
2026-04-24 13:15:00,0.24903951417127493,6.931216931216921,606.3,567.0
2026-04-24 13:30:00,0.3942947732913833,7.142857142857162,603.0,562.8
2026-04-24 13:45:00,0.4012732288007113,7.153024911032047,602.2,562.0
2026-04-24 14:00:00,0.41353345147485143,7.170888333927916,600.8,560.6
2026-04-24 14:15:00,0.3301023706622779,7.049327354260071,596.8,557.5
2026-04-24 14:30:00,0.41274784102777334,7.169743681663388,597.9,557.9
2026-04-24 14:45:00,0.3240351531508741,7.040487280544605,597.5,558.2
2026-04-24 15:00:00,0.3890082546048472,7.135154565061108,596.1,556.4
2026-04-24 15:15:00,0.354624493703409,7.085056644488397,595.5,556.1
2026-04-24 15:30:00,0.3512376152397832,7.080121885642599,597.4,557.9
2026-04-24 15:45:00,0.3934151097357838,7.141575453077342,597.1,557.3
2026-04-24 16:00:00,0.17202129743381878,6.818999640158352,593.7,555.8
2026-04-24 16:15:00,0.13330555771409347,6.762589928057561,593.6,556.0
2026-04-24 16:30:00,0.08883227493078083,6.697791344945236,594.2,556.9
2026-04-24 16:45:00,0.14816199774887984,6.784236098614338,593.4,555.7
2026-04-24 17:00:00,0.10778719848945337,6.725409099082902,593.5,556.1
2026-04-24 17:15:00,0.06336313267487144,6.660682226211856,594.1,557.0
2026-04-24 17:30:00,0.15739722212994073,6.79769203029208,592.3,554.6
2026-04-24 17:45:00,0.12208893976668021,6.746247060951349,590.2,552.9
2026-04-24 18:00:00,0.16387567302592088,6.807131280388989,593.1,555.3
2026-04-24 18:15:00,0.16892915695779817,6.814494321254716,592.5,554.7
2026-04-24 18:30:00,0.22610240256051167,6.897797038642128,592.0,553.8
2026-04-24 18:45:00,0.16666915381660088,6.811201445347792,591.2,553.5
2026-04-24 19:00:00,0.20689820296965653,6.869816083663904,592.7,554.6
2026-04-24 19:15:00,0.15067706736707193,6.787900612171427,593.1,555.4
2026-04-24 19:30:00,0.13414048769785453,6.763806440007203,593.5,555.9
2026-04-24 19:45:00,0.20567447322036522,6.868033081625291,594.4,556.2
2026-04-24 20:00:00,0.24904603487783203,6.931226432034476,595.5,556.9
2026-04-24 20:15:00,0.19890428335290472,6.858168761220829,595.2,557.0
2026-04-24 20:30:00,0.12746944662047838,6.754086581641805,594.3,556.7
2026-04-24 20:45:00,0.1184651411630585,6.740967104080542,593.8,556.3
2026-04-24 21:00:00,0.07650813955024428,6.679834799784534,594.1,556.9
2026-04-24 21:15:00,0.11099227356281056,6.730078966259878,594.7,557.2
2026-04-24 21:30:00,0.08718197785774237,6.695386824627536,594.4,557.1
2026-04-24 21:45:00,0.05022284488291524,6.641536528450898,594.1,557.1
2026-04-24 22:00:00,0.05267882175085583,6.645114942528729,593.8,556.8
2026-04-24 22:15:00,0.10032890104160362,6.714542190305206,594.4,557.0
2026-04-24 22:30:00,0.04940477362181715,6.640344580043078,594.2,557.2
2026-04-24 22:45:00,0.05022284488291524,6.641536528450898,594.1,557.1
2026-04-24 23:00:00,0.00013477366901327756,6.568557071069625,593.8,557.2
2026-04-24 23:15:00,0.048586995944509756,6.63915305939351,594.3,557.3
2026-04-24 23:30:00,0.06993173164409565,6.670252824098966,594.9,557.7
2026-04-25 09:45:00,0.18826865818704308,6.842672413793105,594.9,556.8
2026-04-25 10:00:00,-0.025055704116439786,6.531853972798851,595.3,558.8
2026-04-25 10:15:00,0.19974949335567063,6.859400251391645,595.1,556.9
2026-04-25 10:30:00,0.2367218994972955,6.913269886873774,595.4,556.9
2026-04-25 10:45:00,0.24733822074863965,6.928738108059607,595.7,557.1
2026-04-25 11:00:00,0.11182139984095031,6.731287022078614,594.6,557.1
2026-04-25 11:15:00,0.13812881645295746,6.76961752558809,594.6,556.9
2026-04-25 11:30:00,0.1891122613629219,6.843901562780652,594.8,556.7
2026-04-25 11:45:00,0.13080256879818938,6.758943016358088,593.9,556.3
2026-04-25 12:00:00,0.11348054569186915,6.733704435266663,594.4,556.9
2026-04-25 12:15:00,0.1891122613629219,6.843901562780652,594.8,556.7
2026-04-25 12:30:00,0.0929632081595275,6.703810208483119,593.7,556.4
2026-04-25 12:45:00,0.16865553582326206,6.814095649047092,594.1,556.2
2026-04-25 13:00:00,0.2269485014430776,6.899029823931002,595.0,556.6
2026-04-25 13:15:00,0.2269485014430776,6.899029823931002,595.0,556.6
2026-04-25 13:30:00,0.23757405325475167,6.914511494252884,595.3,556.8
2026-04-25 13:45:00,0.38373312518659614,7.127468581687624,596.7,557.0
2026-04-25 14:00:00,0.3854902384578623,7.130028735632199,596.5,556.8
2026-04-25 14:15:00,0.32125648669826345,7.036438700412839,596.3,557.1
2026-04-25 14:30:00,0.3089367757066747,7.018488601687323,596.2,557.1
2026-04-25 14:45:00,0.32125648669826345,7.036438700412839,596.3,557.1
2026-04-25 15:00:00,0.28429735372345155,6.982588404236223,596.0,557.1
2026-04-25 15:15:00,0.28429735372345155,6.982588404236223,596.0,557.1
2026-04-25 15:30:00,0.2966170647150555,7.000538502961762,596.1,557.1
2026-04-25 15:45:00,0.2086857630618984,6.872420599318163,595.6,557.3
2026-04-25 16:00:00,0.24819197450854763,6.929982046678629,595.6,557.0
2026-04-25 16:15:00,0.27197764273183234,6.964638305510662,595.9,557.1
2026-04-25 16:30:00,0.1938393896957581,6.850789096126242,595.8,557.6
2026-04-25 16:45:00,0.20530275715542148,6.867491482876087,596.0,557.7
2026-04-25 17:00:00,0.19299630029074719,6.849560695714518,595.9,557.7
2026-04-25 17:15:00,0.20699365329144317,6.869955156950658,595.8,557.5
2026-04-25 17:30:00,0.18237190981728538,6.8340807174887885,595.6,557.5
2026-04-25 17:45:00,0.28515774287527984,6.983842010771979,595.9,557.0
2026-04-25 18:00:00,0.24563163239666636,6.926251570069986,595.9,557.3
2026-04-25 18:15:00,0.2579469221749223,6.94419522698726,596.0,557.3
2026-04-25 18:30:00,0.4163338175068941,7.174968530839765,596.0,556.1
2026-04-25 18:45:00,0.27914149834342156,6.975076205845432,596.6,557.7
2026-04-26 09:45:00,0.39517475264790247,7.144139292766094,596.9,557.1
2026-04-26 10:00:00,0.27914149834342156,6.975076205845432,596.6,557.7
2026-04-26 10:15:00,0.27914149834342156,6.975076205845432,596.6,557.7
2026-04-26 10:30:00,0.31865727964299906,7.032651596698969,596.6,557.4
2026-04-26 10:45:00,0.2562371402397892,6.941704035874441,596.2,557.5
2026-04-26 11:00:00,0.17900898303339505,6.829180856784367,596.0,557.9
2026-04-26 11:15:00,0.15524076132967446,6.794550017927592,595.7,557.8
2026-04-26 11:30:00,0.18878538438041534,6.843425295592964,596.4,558.2
2026-04-26 11:45:00,0.18878538438041534,6.843425295592964,596.4,558.2
2026-04-26 12:00:00,0.20192460056759942,6.862569432001431,596.4,558.1
2026-04-26 12:15:00,0.17565087505915783,6.824288017195057,596.4,558.3
2026-04-26 12:30:00,0.08877489177893881,6.697707736389691,595.8,558.4
2026-04-26 12:45:00,0.20361307334860634,6.865029575192705,596.2,557.9
2026-04-26 13:00:00,0.0928946669302089,6.703710342355262,595.3,557.9
2026-04-26 13:15:00,0.1306322600983075,6.758694872714233,595.5,557.8
2026-04-26 13:30:00,0.14543929460603344,6.780269058295962,595.3,557.5
2026-04-26 13:45:00,0.2061480536007553,6.868723098995688,595.9,557.6
2026-04-26 14:00:00,0.16586916419123696,6.810035842293916,596.0,558.0
2026-04-26 14:15:00,0.10271734970831906,6.718022214260122,595.7,558.2
2026-04-26 14:30:00,0.10271734970831906,6.718022214260122,595.7,558.2
2026-04-26 14:45:00,0.11335695121096809,6.733524355300857,596.0,558.4
2026-04-26 15:00:00,0.10106592149495344,6.715616045845274,595.9,558.4
2026-04-26 15:15:00,0.1396036502820681,6.771766391974188,596.0,558.2
2026-04-26 15:30:00,0.04368648629981681,6.632012905538631,594.9,557.9
2026-04-26 15:45:00,0.04450250578856891,6.633201864467542,594.8,557.8
2026-04-26 16:00:00,0.02151809502585822,6.599713055954082,594.4,557.6
2026-04-26 16:15:00,0.045318817914777536,6.634391249775873,594.7,557.7
2026-04-26 16:30:00,0.03464144897227763,6.618834080717484,594.4,557.5
2026-04-26 16:45:00,0.058444086740849825,6.653515064562421,594.7,557.6
2026-04-26 17:00:00,0.04695232070937177,6.636771300448441,594.5,557.5
2026-04-26 17:15:00,0.045318817914777536,6.634391249775873,594.7,557.7
2026-04-26 17:30:00,0.0707527506458318,6.671449067431845,594.8,557.6
2026-04-26 17:45:00,0.06911100701993586,6.669057009680901,595.0,557.8
2026-04-26 18:00:00,0.21122620614181545,6.876122082585279,595.3,557.0
2026-04-26 18:15:00,0.13646082182415825,6.767187219529691,594.8,557.1
2026-04-26 18:30:00,0.17341995479898537,6.82103751570633,595.1,557.1
2026-04-26 18:45:00,0.12164799386117199,6.745604592752064,595.0,557.4
2026-04-27 06:45:00,0.23246571711343983,6.907068532472183,595.9,557.4
2026-04-27 07:00:00,0.13080256879818938,6.758943016358088,593.9,556.3
2026-04-27 07:15:00,0.16949652229293846,6.81532098543427,594.0,556.1
2026-04-27 07:30:00,0.20482713460898996,6.866798490023385,594.5,556.3
2026-04-27 07:45:00,0.26222675078859775,6.950431034482762,595.5,556.8
2026-04-27 08:00:00,0.13396107422254858,6.763545030498763,595.1,557.4
2026-04-27 08:15:00,0.14126948321120877,6.774193548387086,595.8,558.0
2026-04-27 08:30:00,0.16922206188577893,6.814921090387371,595.6,557.6
2026-04-27 08:45:00,0.17341995479898537,6.82103751570633,595.1,557.1
2026-04-27 09:00:00,0.19791710657227418,6.8567304222302505,592.2,554.2
2026-04-27 09:15:00,0.1940173891737889,6.851048445408536,591.1,553.2
2026-04-27 09:30:00,0.19061992702697333,6.84609826589595,591.5,553.6
2026-04-27 09:45:00,0.2693203628162737,6.960766588320366,591.6,553.1
2026-04-27 10:00:00,0.10290780491059748,6.718299711815545,592.5,555.2
2026-04-27 10:15:00,0.1899561676660935,6.8451311534315495,594.7,556.6
2026-04-27 10:30:00,0.21974286166759296,6.888531043120416,597.4,558.9
2026-04-27 10:45:00,0.2468552245604413,6.928034371643377,597.3,558.6
2026-04-27 11:00:00,0.42482008459461873,7.187333214730463,602.5,562.1
2026-04-27 11:15:00,0.3995398142991823,7.150499286733236,600.9,560.8
2026-04-27 11:30:00,0.418806598267889,7.178571428571434,600.2,560.0
2026-04-27 11:45:00,0.31022420531190803,7.020364415862823,599.1,559.8
2026-04-27 12:00:00,0.22609354400291523,6.897784131522511,598.2,559.6
2026-04-27 12:15:00,0.21512115517100422,6.881797111784627,599.5,560.9
2026-04-27 12:30:00,0.2876836272259697,6.987522281639946,600.2,561.0
2026-04-27 12:45:00,0.3007748848090374,7.006596541272958,600.2,560.9
2026-04-27 13:00:00,0.21427923157436468,6.8805704099821785,599.6,561.0
2026-04-27 13:15:00,0.20288490807985446,6.863968621857719,599.4,560.9
2026-04-27 13:30:00,0.19097895653944189,6.846621380050055,597.7,559.4
2026-04-27 13:45:00,0.2358150333110494,6.911948562243264,598.6,559.9
2026-04-27 14:00:00,0.24637481538988396,6.927334404570607,598.9,560.1
2026-04-27 14:15:00,0.19316313773665264,6.849803781662489,599.0,560.6
2026-04-27 14:30:00,0.2962474733853147,7.000000000000006,599.2,560.0
2026-04-27 14:45:00,0.27630239062673784,6.970939561419143,600.0,560.9
2026-04-27 15:00:00,0.26576835019354417,6.955591225254154,599.7,560.7
2026-04-27 15:15:00,0.2504920667624766,6.933333333333325,601.5,562.5
2026-04-27 15:30:00,0.07882615189532877,6.683212196419053,601.8,564.1
2026-04-27 15:45:00,0.10479529759782552,6.721049831530412,601.8,563.9
2026-04-27 16:00:00,0.04151912846807433,6.6288550159517845,601.6,564.2
2026-04-27 16:15:00,0.06584848328347075,6.664303438496977,601.8,564.2
2026-04-27 16:30:00,0.11286914280267904,6.732813607370658,602.4,564.4
2026-04-27 16:45:00,0.12189281278544797,6.74596129948517,601.3,563.3
2026-04-27 17:00:00,0.07234322052919333,6.673766418175364,601.0,563.4
2026-04-27 17:15:00,-0.016916193684749073,6.543713424366016,600.8,563.9
2026-04-27 17:30:00,0.012382486121887028,6.586402266288971,602.0,564.8
2026-04-27 17:45:00,-0.026453239931414515,6.529817731374976,602.0,565.1
2026-04-27 18:00:00,-0.007737280052675479,6.557087310003529,602.9,565.8
2026-04-27 18:15:00,0.03346960732427277,6.617126680820951,602.6,565.2
2026-04-27 18:30:00,-0.06760385539813629,6.469860350008827,602.3,565.7
2026-04-27 18:45:00,-0.07267979602042995,6.462464589235117,601.3,564.8
2026-04-27 19:00:00,-0.08051894488218904,6.451042771297288,602.3,565.8
2026-04-27 19:15:00,-0.04995493955732673,6.495575221238936,601.7,565.0
2026-04-27 19:30:00,-0.11458024920957335,6.401414677276751,601.7,565.5
2026-04-27 19:45:00,-0.11613354246494423,6.399151493724586,601.9,565.7
2026-04-27 20:00:00,-0.11690977729695344,6.398020501944157,602.0,565.8
2026-04-27 20:15:00,-0.08677034096708874,6.441934345217093,603.1,566.6
2026-04-27 20:30:00,-0.13213368258010183,6.375838926174482,602.3,566.2
2026-04-27 20:45:00,-0.1904545413984236,6.290864110266825,601.5,565.9
2026-04-27 21:00:00,-0.21774337816177422,6.251103655306389,601.7,566.3
2026-04-27 21:15:00,-0.129813871726884,6.379218943276199,602.0,565.9
2026-04-27 21:30:00,-0.19121737102396588,6.289752650176683,601.6,566.0
2026-04-27 21:45:00,-0.17909137986950305,6.307420494699656,601.7,566.0
2026-04-27 22:00:00,-0.18367554383930465,6.300741263678078,602.3,566.6
2026-04-27 22:15:00,-0.14733609276222367,6.353688669255209,602.6,566.6
2026-04-27 22:30:00,-0.22228420741970426,6.244487563944245,602.3,566.9
2026-04-27 22:45:00,-0.13830784348229153,6.366843033509695,603.1,567.0
2026-04-27 23:00:00,-0.2690729341497614,6.1763153264121184,603.4,568.3
2026-04-27 23:15:00,-0.37078433318122905,6.0281195079086025,603.3,569.0
2026-04-27 23:30:00,-0.38863821121647946,6.002106002106,604.0,569.8
2026-04-28 06:45:00,-0.3985196535170596,5.987708516242329,603.6,569.5
2026-04-28 07:00:00,-0.3210643944479846,6.100562587904368,603.5,568.8
2026-04-28 07:15:00,-0.3057973505992648,6.122807017543863,604.9,570.0
2026-04-28 07:30:00,-0.18909441669283064,6.292845842854633,604.7,568.9
2026-04-28 07:45:00,-0.19364469848949276,6.286215978928866,605.3,569.5
2026-04-28 08:00:00,-0.23130104057299863,6.231349833245559,605.2,569.7
2026-04-28 08:15:00,-0.24716839176410416,6.208230742173759,603.9,568.6
2026-04-28 08:30:00,-0.20645149895609768,6.267556179775258,605.3,569.6
2026-04-28 08:45:00,-0.256141859992067,6.195156195156204,605.1,569.8
2026-04-28 09:00:00,-0.5073582282808046,5.829128240821291,608.2,574.7
2026-04-28 09:15:00,-0.5450347428885879,5.774232703311943,610.0,576.7
2026-04-28 09:30:00,-0.5198496100478729,5.810928013876837,610.0,576.5
2026-04-28 09:45:00,-0.39509073142391565,5.992704533611248,610.2,575.7
2026-04-28 10:00:00,-0.5535071365954078,5.761888233252321,609.4,576.2
2026-04-28 10:15:00,-0.552134024412948,5.763888888888902,609.2,576.0
2026-04-28 10:30:00,-0.7327149272375456,5.500778412039442,609.9,578.1
2026-04-28 10:45:00,-0.7221525202956899,5.516168078851824,610.2,578.3
2026-04-28 11:00:00,-0.711597416660297,5.531547104580814,610.5,578.5
2026-04-28 11:15:00,-0.7195320546776348,5.5199861567745145,609.8,577.9
2026-04-28 11:30:00,-0.6343870782161176,5.644044321329633,610.2,577.6
2026-04-28 11:45:00,-0.5688367577782307,5.739552627015754,609.8,576.7
2026-04-28 12:00:00,-0.490464168886821,5.853743269063738,609.4,575.7
2026-04-28 12:15:00,-0.4890679547936226,5.8557775847089655,609.2,575.5
2026-04-28 12:30:00,-0.6150906992887913,5.672159583694714,609.2,576.5
2026-04-28 12:45:00,-0.5926387726678429,5.7048725507196085,609.6,576.7
2026-04-28 13:00:00,-0.7644460437802518,5.454545454545445,609.0,577.5
2026-04-28 13:15:00,-0.8414673572673687,5.342323651452285,609.3,578.4
2026-04-28 13:30:00,-0.872435202767699,5.297202797202782,602.3,572.0
2026-04-28 13:45:00,-0.8572451266468835,5.319335083114596,601.9,571.5
2026-04-28 14:00:00,-0.6716615457787205,5.5897345754965855,600.7,568.9
2026-04-28 14:15:00,-0.8502046154180881,5.329593267882182,600.8,570.4
2026-04-28 14:30:00,-0.8641535740222569,5.309269318380938,601.0,570.7
2026-04-28 14:45:00,-0.7835126228404407,5.426765015806101,600.3,569.4
2026-04-28 15:00:00,-0.5486991596995742,5.768893564790467,603.2,570.3
2026-04-28 15:15:00,-0.5500871951289679,5.766871165644161,603.4,570.5
2026-04-28 15:30:00,-0.7675174653985724,5.450070323488054,599.8,568.8
2026-04-28 15:45:00,-0.8269718769146519,5.36344389555401,597.2,566.8
2026-04-28 16:00:00,-0.6803615926740645,5.577058409570723,600.1,568.4
2026-04-28 16:15:00,-0.7226669780613733,5.515418502202629,598.8,567.5
2026-04-28 16:30:00,-0.883720111067671,5.280760429501852,598.1,568.1
2026-04-28 16:45:00,-0.7388847744486301,5.49178880452057,597.4,566.3
2026-04-28 17:00:00,-0.7870707747758422,5.421580707621887,598.9,568.1
2026-04-28 17:15:00,-0.8317269606937888,5.356515630488223,599.9,569.4
2026-04-28 17:30:00,-0.8678877140837922,5.303828591499826,599.6,569.4
2026-04-28 17:45:00,-0.8779692029226617,5.289139633286322,597.2,567.2
2026-04-28 18:00:00,-0.8843579762755132,5.279831045406547,598.2,568.2
2026-04-28 18:15:00,-0.8168167341005278,5.378240169282322,597.6,567.1
2026-04-28 18:30:00,-0.7193288799626488,5.520282186948844,598.3,567.0
2026-04-28 18:45:00,-0.7159848893694902,5.525154457193282,597.8,566.5
2026-04-28 19:00:00,-0.6124486110780893,5.676009166225993,599.5,567.3
2026-04-28 19:15:00,-0.665582729214285,5.598591549295762,599.8,568.0
2026-04-28 19:30:00,-0.6028110951648441,5.690051245803152,598.1,565.9
2026-04-28 19:45:00,-0.8158979657721018,5.379578835604315,595.5,565.1
2026-04-28 20:00:00,-0.9245715617281879,5.221238938053108,594.5,565.0
2026-04-28 20:15:00,-0.9386143011435478,5.200778347779966,594.7,565.3
2026-04-28 20:30:00,-0.8862382646628242,5.277091422520286,596.5,566.6
2026-04-28 20:45:00,-0.8728419415962689,5.296610169491522,596.4,566.4
2026-04-28 21:00:00,-0.9372117686427803,5.202821869488528,596.5,567.0
2026-04-28 21:15:00,-0.9346908660989169,5.2064948817508006,596.1,566.6
2026-04-28 21:30:00,-0.9545269792597402,5.17759321434883,595.2,565.9
2026-04-28 21:45:00,-0.8913298576607772,5.269672855879737,595.3,565.5
2026-04-28 22:00:00,-0.8696300417195939,5.301289980561941,595.9,565.9
2026-04-28 22:15:00,-0.8575019077852829,5.31896094716382,596.0,565.9
2026-04-28 22:30:00,-0.7443581966065225,5.483813904121715,596.3,565.3
2026-04-28 22:45:00,-0.7712843178669352,5.444581933887216,596.5,565.7
2026-04-28 23:00:00,-0.6586902062376179,5.608634111818822,596.9,565.2
2026-04-28 23:15:00,-0.7794620553486935,5.432666784639872,595.8,565.1
2026-04-28 23:30:00,-0.6586902062376179,5.608634111818822,596.9,565.2
2026-04-29 06:45:00,-0.5688093506751526,5.739592559787421,596.9,564.5
2026-04-29 07:00:00,-0.6195087526494669,5.665722379603411,596.8,564.8
2026-04-29 07:15:00,-0.525279281728192,5.803016858917487,596.2,563.5
2026-04-29 07:30:00,-0.5823584265874876,5.719851248450492,597.0,564.7
2026-04-29 07:45:00,-0.5122653789102943,5.82197841090073,598.0,565.1
2026-04-29 08:00:00,-0.548701289333718,5.76889046186515,597.7,565.1
2026-04-29 08:15:00,-0.5237056098998791,5.805309734513275,597.8,565.0
2026-04-29 08:30:00,-0.5273985390571863,5.799929052855624,596.5,563.8
2026-04-29 08:45:00,-0.4643803376871577,5.8917480035492575,596.7,563.5
2026-04-29 09:00:00,-0.4178387679666944,5.959560127704866,597.4,563.8
2026-04-29 09:15:00,-0.514516903148514,5.818697888948021,596.5,563.7
2026-04-29 09:30:00,-0.40819650090409104,5.97360912981455,594.3,560.8
2026-04-29 09:45:00,-0.4377539961696794,5.93054318788957,594.8,561.5
2026-04-29 10:00:00,-0.5170591773473523,5.814993737699048,591.4,558.9
2026-04-29 10:15:00,-0.4592811125550935,5.899177690382551,592.4,559.4
2026-04-29 10:30:00,-0.3607218676964776,6.04278074866309,594.9,561.0
2026-04-29 10:45:00,-0.2629761860359787,6.185198426885963,594.0,559.4
2026-04-29 11:00:00,-0.532520499452471,5.792466240227445,595.4,562.8
2026-04-29 11:15:00,-0.5819978470203346,5.720376621069478,595.1,562.9
2026-04-29 11:30:00,-0.6897322443913113,5.5634051571882726,597.7,566.2
2026-04-29 11:45:00,-0.8295678560014833,5.359661495063461,597.6,567.2
2026-04-29 12:00:00,-0.9028055013340093,5.252952582407899,597.1,567.3
2026-04-29 12:15:00,-0.8932560824417185,5.266866302624629,597.6,567.7
2026-04-29 12:30:00,-0.7490129641291187,5.477031802120136,597.0,566.0
2026-04-29 12:45:00,-0.7463545077939842,5.480905233380473,596.6,565.6
2026-04-29 13:00:00,-0.7161183318802895,5.524960028424242,594.0,562.9
2026-04-29 13:15:00,-0.7256232745245127,5.511111111111111,593.5,562.5
2026-04-29 13:30:00,-0.7039538096877477,5.54268401354483,592.2,561.1
2026-04-29 13:45:00,-0.6998816065701937,5.5486173059768,591.6,560.5
2026-04-29 14:00:00,-0.6788075821867253,5.579322638146156,592.3,561.0
2026-04-29 14:15:00,-0.7290910755966613,5.506058446186746,592.1,561.2
2026-04-29 14:30:00,-0.5875784014194404,5.71224562656194,592.2,560.2
2026-04-29 14:45:00,-0.5826734071845631,5.719392314566574,591.5,559.5
2026-04-29 15:00:00,-0.7746836463127064,5.439629035134663,591.2,560.7
2026-04-29 15:15:00,-0.6964814381635478,5.553571428571424,591.1,560.0
2026-04-29 15:30:00,-0.6917109891224278,5.560522081172903,590.4,559.3
2026-04-29 15:45:00,-0.7700169130930954,5.446428571428563,590.5,560.0
2026-04-29 16:00:00,-0.5503586534539749,5.766475644699143,590.6,558.4
2026-04-29 16:15:00,-0.4693842680918294,5.884457163298151,592.0,559.1
2026-04-29 16:30:00,-0.3276228236522081,6.091006807595845,592.2,558.2
2026-04-29 16:45:00,-0.3032749493604323,6.126482213438744,590.7,556.6
2026-04-29 17:00:00,-0.3425124633882114,6.069312264320348,590.7,556.9
2026-04-29 17:15:00,-0.3226728002256895,6.098219104155422,589.8,555.9
2026-04-29 17:30:00,-0.42852312745596954,5.943992773261053,586.4,553.5
2026-04-29 17:45:00,-0.5506216346881618,5.766092475067985,583.3,551.5
2026-04-29 18:00:00,-0.38360410214341384,6.009440813362388,583.9,550.8
2026-04-29 18:15:00,-0.3200753535287354,6.102003642987253,582.5,549.0
2026-04-29 18:30:00,-0.4422163534739311,5.924041431946225,582.9,550.3
2026-04-29 18:45:00,-0.2200635357739334,6.247723132969019,583.3,549.0
2026-04-29 19:00:00,-0.5886667359191216,5.710659898477166,583.1,551.6
2026-04-29 19:15:00,-0.6757645911656388,5.583756345177648,582.4,551.6
2026-04-29 19:30:00,-0.8540786265231902,5.32394874571378,583.6,554.1
2026-04-29 19:45:00,-0.8567145086479926,5.320108205590612,584.0,554.5
2026-04-29 20:00:00,-0.9540109351759839,5.178345102299486,580.9,552.3
2026-04-29 20:15:00,-0.9516946082905563,5.181720043181004,584.6,555.8
2026-04-29 20:30:00,-1.0201378014932856,5.081996756172291,583.1,554.9
2026-04-29 20:45:00,-1.0281164342956477,5.070371706964982,582.3,554.2
2026-04-29 21:00:00,-0.9167305930063803,5.232663407568361,581.2,552.3
2026-04-29 21:15:00,-0.8749173384103783,5.293586269196027,582.8,553.5
2026-04-29 21:30:00,-0.7847550357055569,5.424954792043391,583.0,553.0
2026-04-29 21:45:00,-0.7565409550177549,5.466063348416306,582.7,552.5
2026-04-29 22:00:00,-0.7151551051528102,5.526363471643414,582.4,551.9
2026-04-29 22:15:00,-0.6729835275728583,5.587808417997087,582.0,551.2
2026-04-29 22:30:00,-0.5655029180268031,5.744410107253239,581.7,550.1
2026-04-29 22:45:00,-0.5134184979378795,5.8202982902873845,581.8,549.8
2026-04-29 23:00:00,-0.4869891814683439,5.858806404657924,581.8,549.6
2026-04-29 23:15:00,-0.48625741057833954,5.859872611464967,581.7,549.5
2026-04-29 23:30:00,-0.008565754080140077,6.555880204528841,583.5,547.6
2026-04-30 06:45:00,-0.12856457443010033,6.3810391978122105,583.5,548.5
2026-04-30 07:00:00,-0.36211088828377797,6.0407569141193385,582.8,549.6
2026-04-30 07:15:00,-0.32996885403578774,6.08758858804288,583.8,550.3
2026-04-30 07:30:00,-0.36135639158971966,6.041856232939047,582.7,549.5
2026-04-30 07:45:00,-0.30910355451248644,6.117989803350321,582.8,549.2
2026-04-30 08:00:00,-0.3068086191868254,6.121333576243404,582.5,548.9
2026-04-30 08:15:00,-0.3549127427998111,6.051244775576969,583.6,550.3
2026-04-30 08:30:00,-0.3651261314355633,6.03636363636364,583.2,550.0
2026-04-30 08:45:00,-0.2887193384587228,6.147690069116063,583.6,549.8
2026-04-30 09:00:00,-0.2889242811434279,6.147391462969698,581.9,548.2
2026-04-30 09:15:00,-0.3788220400061884,6.016408386508654,581.5,548.5
2026-04-30 09:30:00,-0.47743485678250597,5.872727272727274,582.3,550.0
2026-04-30 09:45:00,-0.5045760753840277,5.833181900781392,582.4,550.3
2026-04-30 10:00:00,-0.6944272875867206,5.556564372616646,581.3,550.7
2026-04-30 10:15:00,-0.7589928403159552,5.462490895848515,579.2,549.2
2026-04-30 10:30:00,-0.7492335971559432,5.476710334788937,579.7,549.6
2026-04-30 10:45:00,-0.7344284386856048,5.498281786941583,583.3,552.9
2026-04-30 11:00:00,-0.7483751013620522,5.477961182659175,581.5,551.3
2026-04-30 11:15:00,-0.6840836337796097,5.571635311143286,583.6,552.8
2026-04-30 11:30:00,-0.814252855133521,5.381975799169214,583.5,553.7
2026-04-30 11:45:00,-0.7378379451757835,5.493314058547161,583.8,553.4
2026-04-30 12:00:00,-0.8018574948419755,5.400036120642948,583.6,553.7
2026-04-30 12:15:00,-0.7732737445451604,5.441683294032296,581.3,551.3
2026-04-30 12:30:00,-0.5647860876079069,5.745454545454543,581.6,550.0
2026-04-30 12:45:00,-0.5060305691702629,5.831062670299736,582.6,550.5
2026-04-30 13:00:00,-0.6205994638831877,5.664133188563159,583.9,552.6
2026-04-30 13:15:00,-0.5613561245271944,5.750452079565993,584.8,553.0
2026-04-30 13:30:00,-0.4927660182876473,5.850389422206104,584.4,552.1
2026-04-30 13:45:00,-0.443040888829766,5.922840065205559,584.8,552.1
2026-04-30 14:00:00,-0.5352953954786593,5.788423153692612,583.0,551.1
2026-04-30 14:15:00,-0.6743745637333213,5.585781646717458,582.2,551.4
2026-04-30 14:30:00,-0.4451695794543742,5.919738514617734,583.3,550.7
2026-04-30 14:45:00,-0.3771433731776429,6.018854242204474,584.8,551.6
2026-04-30 15:00:00,-0.3484878017545409,6.060606060606055,584.5,551.1
2026-04-30 15:15:00,-0.36135639158971966,6.041856232939047,582.7,549.5
2026-04-30 15:30:00,-0.26775233104971335,6.178239475123015,582.6,548.7
2026-04-30 15:45:00,-0.2856473683942513,6.152165999271952,583.2,549.4
2026-04-30 16:00:00,-0.2067785810243387,6.267079613772997,583.3,548.9
2026-04-30 16:15:00,-0.17005762689650955,6.320582877959935,583.7,549.0
2026-04-30 16:30:00,-0.1689786098962784,6.322155030236387,580.2,545.7
2026-04-30 16:45:00,-0.2514613182962965,6.2019758507134926,580.5,546.6
2026-04-30 17:00:00,-0.1122259630557724,6.404844925674436,579.8,544.9
2026-04-30 17:15:00,-0.16833044912280243,6.323099415204658,581.8,547.2
2026-04-30 17:30:00,-0.14462406093027322,6.357640161231237,580.5,545.8
2026-04-30 17:45:00,-0.24131352520104052,6.216761415734484,579.2,545.3
2026-04-30 18:00:00,-0.22245145838886357,6.244243875483502,576.8,542.9
2026-04-30 18:15:00,-0.06184379389868193,6.478252890438618,580.2,544.9
2026-04-30 18:30:00,-0.041050380731671006,6.508549365692229,579.3,543.9
2026-04-30 18:45:00,0.03382675893085542,6.617647058823528,580.0,544.0
2026-04-30 19:00:00,0.048956205478039666,6.639691006069515,579.8,543.7
2026-04-30 19:15:00,0.07842074008885698,6.6826215022091295,579.5,543.2
2026-04-30 19:30:00,0.11292283095610006,6.732891832229582,580.2,543.6
2026-04-30 19:45:00,0.04728052008459381,6.63724949439235,580.0,543.9
2026-04-30 20:00:00,0.07420288928684259,6.676475997792886,580.0,543.7
2026-04-30 20:15:00,0.027046005927439026,6.607767347690063,579.2,543.3
2026-04-30 20:30:00,-0.01063625605633726,6.552863436123357,580.5,544.8
2026-04-30 20:45:00,-0.01558392818610512,6.545654565456549,581.1,545.4
2026-04-30 21:00:00,-0.005476607120924267,6.560381161810502,581.5,545.7
2026-04-30 21:15:00,0.01289977182192425,6.587155963302749,580.9,545.0
2026-04-30 21:30:00,0.007928030626354094,6.579912023460399,581.5,545.6
2026-04-30 21:45:00,-0.12589763382090882,6.384924990852547,581.5,546.6
2026-04-30 22:00:00,-0.11816004712407097,6.396198830409361,582.2,547.2
2026-04-30 22:15:00,-0.16991603179464113,6.320789185239328,582.0,547.4
2026-04-30 22:30:00,-0.19341565012214532,6.28654970760234,581.6,547.2
2026-04-30 22:45:00,-0.15578784862312337,6.341374269005828,581.9,547.2
2026-04-30 23:00:00,-0.3287705468909708,6.089334548769365,581.9,548.5
2026-04-30 23:15:00,-0.3428022052260326,6.0688901038818965,582.0,548.7
2026-04-30 23:30:00,-0.4987475124771985,5.841674249317563,581.6,549.5
2026-05-01 09:45:00,-0.5647860876079069,5.745454545454543,581.6,550.0
2026-05-01 10:00:00,-0.32572051976079974,6.093778507571601,581.5,548.1
2026-05-01 10:15:00,-0.37309399554017997,6.024754277393529,582.5,549.4
2026-05-01 10:30:00,-0.36361905828511853,6.038559476173155,583.0,549.8
2026-05-01 10:45:00,-0.39158053129919257,5.997818974918201,583.2,550.2
2026-05-01 11:00:00,-0.45468829785595044,5.905869525713259,582.8,550.3
2026-05-01 11:15:00,-0.4025623732178826,5.981818181818177,582.9,550.0
2026-05-01 11:30:00,-0.43048538398525665,5.941133720930236,583.1,550.4
2026-05-01 11:45:00,-0.3885856315605838,6.002182611858853,582.8,549.8
2026-05-01 12:00:00,-0.4656910875461833,5.889838211234322,582.5,550.1
2026-05-01 12:15:00,-0.5038484319549847,5.83424209378407,582.3,550.2
2026-05-01 12:30:00,-0.45247736226096485,5.909090909090908,582.5,550.0
2026-05-01 12:45:00,-0.4517398476474453,5.910165484633567,582.4,549.9
2026-05-01 13:00:00,-0.4656910875461833,5.889838211234322,582.5,550.1
2026-05-01 13:15:00,-0.43851877811149903,5.92942888323027,582.4,549.8
2026-05-01 13:30:00,-0.4656910875461833,5.889838211234322,582.5,550.1
2026-05-01 13:45:00,-0.4913742207710079,5.852417302798973,582.4,550.2
2026-05-01 14:00:00,-0.47376730867948064,5.87807097361237,581.8,549.5
2026-05-01 14:15:00,-0.5251773588093063,5.803165362925222,581.6,549.7
2026-05-01 14:30:00,-0.50020624367952,5.839548844824427,581.8,549.7
2026-05-01 14:45:00,-0.4891828972569473,5.855610110929277,582.1,549.9
2026-05-01 15:00:00,-0.5398285930863664,5.781818181818177,581.8,550.0
2026-05-01 15:15:00,-0.5391069634029704,5.78286961265686,581.7,549.9
2026-05-01 15:30:00,-0.48259455738030954,5.865209471766852,581.2,549.0
2026-05-01 15:45:00,-0.5105101239123471,5.824535857298874,581.4,549.4
2026-05-01 16:00:00,-0.5200989890383698,5.810564663023676,580.9,549.0
2026-05-01 16:15:00,-0.5068686955118141,5.829841501184196,580.9,548.9
2026-05-01 16:30:00,-0.5024902149064898,5.836221046872159,580.3,548.3
2026-05-01 16:45:00,-0.48850658601605684,5.856595511767937,580.2,548.1
2026-05-01 17:00:00,-0.5099032992535626,5.825420014609195,579.5,547.6
2026-05-01 17:15:00,-0.4678761820068777,5.88665447897625,579.2,547.0
2026-05-01 17:30:00,-0.4006348361226839,5.984626647144964,579.1,546.4
2026-05-01 17:45:00,-0.47673842166548575,5.873741994510517,578.6,546.5
2026-05-01 18:00:00,-0.3629519426741791,6.0395314787701215,579.4,546.4
2026-05-01 18:15:00,-0.3895813712192077,6.000731796560554,579.4,546.6
2026-05-01 18:30:00,-0.4161913195677956,5.9619604974396445,579.4,546.8
2026-05-01 18:45:00,-0.37551290715701907,6.021229868228395,579.3,546.4
2026-05-02 09:45:00,-0.32985713095082975,6.087751371115169,580.3,547.0
2026-05-02 10:00:00,-0.37853599224468504,6.0168251645940085,579.7,546.8
2026-05-02 10:15:00,-0.3918405532547399,5.997440117023234,579.7,546.9
2026-05-02 10:30:00,-0.39033470739093684,5.999634168648238,579.5,546.7
2026-05-02 10:45:00,-0.4937044426372033,5.849022116614888,579.1,547.1
2026-05-02 11:00:00,-0.5298848409264676,5.796306454562084,578.6,546.9
2026-05-02 11:15:00,-0.5542608530858371,5.760790051207021,578.3,546.8
2026-05-02 11:30:00,-0.5144144197995646,5.818847209515088,578.3,546.5
2026-05-02 11:45:00,-0.5144144197995646,5.818847209515088,578.3,546.5
2026-05-02 12:00:00,-0.4996553430253313,5.840351519589881,578.1,546.2
2026-05-02 12:15:00,-0.5581441737432973,5.75513196480939,577.0,545.6
2026-05-02 12:30:00,-0.5196750159337569,5.811182401466564,577.2,545.5
2026-05-02 12:45:00,-0.48266787982734927,5.865102639296183,577.6,545.6
2026-05-02 13:00:00,-0.48192995089202084,5.866177818515128,577.5,545.5
2026-05-02 13:15:00,-0.508559692583564,5.827377680043977,577.5,545.7
2026-05-02 13:30:00,-0.5167482904110602,5.815446707026228,576.8,545.1
2026-05-02 13:45:00,-0.4952472621466795,5.846774193548376,577.5,545.6
2026-05-02 14:00:00,-0.45750911518870585,5.9017595307917725,577.8,545.6
2026-05-02 14:15:00,-0.45528067518860904,5.905006418485237,577.5,545.3
2026-05-02 14:30:00,-0.508559692583564,5.827377680043977,577.5,545.7
2026-05-02 14:45:00,-0.4708284611738775,5.88235294117645,577.8,545.7
2026-05-02 15:00:00,-0.5218672448854403,5.807988274093079,577.5,545.8
2026-05-02 15:15:00,-0.4945116392392763,5.8478460128322585,577.4,545.5
2026-05-02 15:30:00,-0.5581441737432973,5.75513196480939,577.0,545.6
2026-05-02 15:45:00,-0.4804532810694923,5.868329359985336,577.3,545.3
2026-05-02 16:00:00,-0.4804532810694923,5.868329359985336,577.3,545.3
2026-05-02 16:15:00,-0.5854597989518185,5.71533247847591,577.1,545.9
2026-05-02 16:30:00,-0.5595915632809434,5.753023085379283,577.2,545.8
2026-05-02 16:45:00,-0.5847411088779657,5.716379626236723,577.0,545.8
2026-05-02 17:00:00,-0.5854597989518185,5.71533247847591,577.1,545.9
2026-05-02 17:15:00,-0.5581441737432973,5.75513196480939,577.0,545.6
2026-05-02 17:30:00,-0.5707235560626269,5.736803519061584,576.9,545.6
2026-05-02 17:45:00,-0.6070317035636985,5.68390172350568,576.4,545.4
2026-05-02 18:00:00,-0.5707235560626269,5.736803519061584,576.9,545.6
2026-05-02 18:15:00,-0.5973158816764769,5.698057896665443,576.9,545.8
2026-05-02 18:30:00,-0.531527732238901,5.793912724605788,577.0,545.4
2026-05-02 18:45:00,-0.47897552765143653,5.870482480278838,577.1,545.1
2026-05-03 09:45:00,-0.5721663360794546,5.734701355808003,577.1,545.8
2026-05-03 10:00:00,-0.531527732238901,5.793912724605788,577.0,545.4
2026-05-03 10:15:00,-0.567834820430977,5.74101247248715,576.5,545.2
2026-05-03 10:30:00,-0.5833029383819566,5.718475073313778,576.8,545.6
2026-05-03 10:45:00,-0.5944477083428863,5.702236890355716,576.5,545.4
2026-05-03 11:00:00,-0.531527732238901,5.793912724605788,577.0,545.4
2026-05-03 11:15:00,-0.5426575974176683,5.777696258253862,576.7,545.2
2026-05-03 11:30:00,-0.5685574016525989,5.73995965523566,576.6,545.3
2026-05-03 11:45:00,-0.5293392113309296,5.797101449275366,576.7,545.1
2026-05-03 12:00:00,-0.5174803744043901,5.814380044020528,576.9,545.2
2026-05-03 12:15:00,-0.5441117274596986,5.775577557755773,576.9,545.4
2026-05-03 12:30:00,-0.582583457670004,5.71952337305226,576.7,545.5
2026-05-03 12:45:00,-0.595882320701271,5.700146627565994,576.7,545.6
2026-05-03 13:00:00,-0.5965992325395298,5.699102070734829,576.8,545.7
2026-05-03 13:15:00,-0.5685574016525989,5.73995965523566,576.6,545.3
2026-05-03 13:30:00,-0.6070317035636985,5.68390172350568,576.4,545.4
2026-05-03 13:45:00,-0.5944477083428863,5.702236890355716,576.5,545.4
2026-05-03 14:00:00,-0.567834820430977,5.74101247248715,576.5,545.2
2026-05-03 14:15:00,-0.6056006549509172,5.685986793837117,576.2,545.2
2026-05-03 14:30:00,-0.6056006549509172,5.685986793837117,576.2,545.2
2026-05-03 14:45:00,-0.6440752192952639,5.629928479735935,576.0,545.3
2026-05-03 15:00:00,-0.618189266457564,5.667644900953772,576.1,545.2
2026-05-03 15:15:00,-0.6196156987844955,5.665566556655666,576.3,545.4
2026-05-03 15:30:00,-0.6070317035636985,5.68390172350568,576.4,545.4
2026-05-03 15:45:00,-0.5937300075334974,5.703282596735737,576.4,545.3
2026-05-03 16:00:00,-0.6070317035636985,5.68390172350568,576.4,545.4
2026-05-03 16:15:00,-0.567834820430977,5.74101247248715,576.5,545.2
2026-05-03 16:30:00,-0.5944477083428863,5.702236890355716,576.5,545.4
2026-05-03 16:45:00,-0.5944477083428863,5.702236890355716,576.5,545.4
2026-05-03 17:00:00,-0.6203285227117552,5.664527956003673,576.4,545.5
2026-05-03 17:15:00,-0.5804234319376238,5.722670579603806,576.4,545.2
2026-05-03 17:30:00,-0.6196156987844955,5.665566556655666,576.3,545.4
2026-05-03 17:45:00,-0.6727645184675134,5.588127519237807,576.3,545.8
2026-05-03 18:00:00,-0.5951651460172594,5.70119156736939,576.6,545.5
2026-05-03 18:15:00,-0.5951651460172594,5.70119156736939,576.6,545.5
2026-05-03 18:30:00,-0.5965992325395298,5.699102070734829,576.8,545.7
2026-05-03 18:45:00,-0.582583457670004,5.71952337305226,576.7,545.5
2026-05-04 06:45:00,-0.6371678488663294,5.639992675334171,576.9,546.1
2026-05-04 07:00:00,-0.5233273924961113,5.805860805860807,577.7,546.0
2026-05-04 07:15:00,-0.5904832663798281,5.708013172338067,577.8,546.6
2026-05-04 07:30:00,-0.677677078380547,5.580969807868264,577.0,546.5
2026-05-04 07:45:00,-0.5624831624451716,5.748809959721712,577.6,546.2
2026-05-04 08:00:00,-0.6267321968138351,5.65519765739384,577.3,546.4
2026-05-04 08:15:00,-0.5107572258414883,5.824175824175826,577.8,546.0
2026-05-04 08:30:00,-0.5595915632809434,5.753023085379283,577.2,545.8
2026-05-04 08:45:00,-0.48414292648992213,5.862953462806897,577.8,545.8
2026-05-04 09:00:00,-0.5247864707932705,5.803734895642609,577.9,546.2
2026-05-04 09:15:00,-0.47673842166548575,5.873741994510517,578.6,546.5
2026-05-04 09:30:00,-0.4796869181367585,5.869445968184306,579.0,546.9
2026-05-04 09:45:00,-0.4434397656932926,5.922258892555932,577.7,545.4
2026-05-04 10:00:00,-0.5047858795316209,5.832876211373184,578.8,546.9
2026-05-04 10:15:00,-0.4390624235314069,5.928636779505947,578.9,546.5
2026-05-04 10:30:00,-0.5142792572135343,5.819044144472807,580.1,548.2
2026-05-04 10:45:00,-0.4884519246624143,5.856675154601687,582.0,549.8
2026-05-04 11:00:00,-0.5484677258053573,5.769230769230771,577.5,546.0
2026-05-04 11:15:00,-0.4347026674775439,5.93498904309715,580.1,547.6
2026-05-04 11:30:00,-0.416771482351201,5.961115187087307,577.7,545.2
2026-05-04 11:45:00,-0.4194507995180572,5.957211361121351,574.5,542.2
2026-05-04 12:00:00,-0.4478348005848435,5.915855226896949,576.5,544.3
2026-05-04 12:15:00,-0.4864507344330505,5.859590934217795,574.5,542.7
2026-05-04 12:30:00,-0.48199957838702956,5.86607636967349,573.9,542.1
2026-05-04 12:45:00,-0.45000643698829546,5.912691103333945,575.0,542.9
2026-05-04 13:00:00,-0.5136835164682595,5.819912152269402,578.2,546.4
2026-05-04 13:15:00,-0.6580735877535059,5.609532538955087,576.1,545.5
2026-05-04 13:30:00,-0.6902196051444928,5.562695061501732,575.0,544.7
2026-05-04 13:45:00,-0.7442375461919434,5.483989694516023,573.2,543.4
2026-05-04 14:00:00,-0.7715610183081925,5.44417877505976,573.3,543.7
2026-05-04 14:15:00,-0.5633470304482733,5.747551284420638,572.2,541.1
2026-05-04 14:30:00,-0.6282507611766822,5.65298507462686,566.3,536.0
2026-05-04 14:45:00,-0.8040611144493583,5.3968253968254,564.4,535.5
2026-05-04 15:00:00,-0.9052486469094331,5.249392863814695,563.4,535.3
2026-05-04 15:15:00,-0.8971491396503872,5.2611940298507465,564.2,536.0
2026-05-04 15:30:00,-0.9260998992552896,5.219012115563837,564.5,536.5
2026-05-04 15:45:00,-0.979901411832671,5.140622089774638,564.5,536.9
2026-05-04 16:00:00,-0.8971491396503872,5.2611940298507465,564.2,536.0
2026-05-04 16:15:00,-0.83586616699159,5.350484712900827,565.1,536.4
2026-05-04 16:30:00,-0.7926321258887605,5.413477692738478,564.7,535.7
2026-05-04 16:45:00,-0.8203210315150496,5.373134328358198,564.8,536.0
2026-05-04 17:00:00,-0.6624696839984475,5.6031273268801085,567.3,537.2
2026-05-04 17:15:00,-0.5792309995965053,5.724407980607871,567.0,536.3
2026-05-04 17:30:00,-0.5781579967380442,5.725971370143168,568.7,537.9
2026-05-04 17:45:00,-0.5541092334193518,5.761010964504743,569.1,538.1
2026-05-04 18:00:00,-0.5774272581316419,5.7270360728895575,568.6,537.8
2026-05-04 18:15:00,-0.44393343834075444,5.921539600296066,572.4,540.4
2026-05-04 18:30:00,-0.4238230590425116,5.950840879689512,573.3,541.1
2026-05-04 18:45:00,-0.6107623570141025,5.678466076696176,573.2,542.4
2026-05-04 19:00:00,-0.5518706990986083,5.764272559852657,574.3,543.0
2026-05-04 19:15:00,-0.4179420838640018,5.959409594095932,574.3,542.0
2026-05-04 19:30:00,-0.43586432578426365,5.933296480560157,574.9,542.7
2026-05-04 19:45:00,-0.5117439387574592,5.822738161046592,574.3,542.7
2026-05-04 20:00:00,-0.5525991468104308,5.763211194991702,574.4,543.1
2026-05-04 20:15:00,-0.5482244322572115,5.769585253456211,573.8,542.5
2026-05-04 20:30:00,-0.6126432022644783,5.675725642447782,571.6,540.9
2026-05-04 20:45:00,-0.6112023193276505,5.677825041612716,571.4,540.7
2026-05-04 21:00:00,-0.6097603700574473,5.679925994449597,571.2,540.5
2026-05-04 21:15:00,-0.6075954441863303,5.683080340614577,570.9,540.2
2026-05-04 21:30:00,-0.5674131922943784,5.741626794258381,574.6,543.4
2026-05-04 21:45:00,-0.48119175135569864,5.867253392005867,577.4,545.4
2026-05-04 22:00:00,-0.3880738716398439,6.0029282576866905,579.2,546.4
2026-05-04 22:15:00,-0.25701814985224414,6.19387942092724,579.5,545.7
2026-05-04 22:30:00,-0.31759981348529265,6.105610561056118,578.7,545.4
2026-05-04 22:45:00,-0.3752154288353197,6.021663300899571,577.5,544.7
2026-05-04 23:00:00,-0.36109259696743573,6.042240587695136,577.4,544.5
2026-05-04 23:15:00,-0.40041576294005965,5.984945841747735,577.3,544.7
2026-05-04 23:30:00,-0.37172782077227473,6.026744825059538,578.8,545.9
2026-05-05 06:45:00,-0.24600312772549232,6.209928558344013,579.8,545.9
2026-05-05 07:00:00,-0.3599152259860122,6.043956043956045,579.0,546.0
2026-05-05 07:15:00,-0.4390624235314069,5.928636779505947,578.9,546.5
2026-05-05 07:30:00,-0.4974525138190724,5.84356109177504,577.8,545.9
2026-05-05 07:45:00,-0.4545373168711564,5.906089508437251,577.4,545.2
2026-05-05 08:00:00,-0.5337138468567036,5.79072750595564,577.3,545.7
2026-05-05 08:15:00,-0.5987483924238494,5.695970695970698,577.1,546.0
2026-05-05 08:30:00,-0.5484677258053573,5.769230769230771,577.5,546.0
2026-05-05 08:45:00,-0.5218672448854403,5.807988274093079,577.5,545.8
2026-05-05 09:00:00,-0.5234913612325576,5.805621899687674,575.9,544.3
2026-05-05 09:15:00,-0.5487102147817804,5.768877457284605,575.7,544.3
2026-05-05 09:30:00,-0.6483221454752022,5.623740611833683,576.6,545.9
2026-05-05 09:45:00,-0.6281523717224291,5.6531284302963725,577.5,546.6
2026-05-05 10:00:00,-0.6219945910317108,5.662100456621011,578.5,547.5
2026-05-05 10:15:00,-0.610449126364824,5.678922460866409,580.6,549.4
2026-05-05 10:30:00,-0.5489496051404102,5.76852866009494,579.4,547.8
2026-05-05 10:45:00,-0.5428822699689473,5.777368905243785,574.9,543.5
2026-05-05 11:00:00,-0.5030903819536495,5.835346589853185,569.5,538.1
2026-05-05 11:15:00,-0.5293392113309449,5.797101449275344,569.4,538.2
2026-05-05 11:30:00,-0.5127427249126356,5.821282906933623,570.8,539.4
2026-05-05 11:45:00,-0.45438348455131033,5.906313645621175,572.0,540.1
2026-05-05 12:00:00,-0.42321772362207455,5.951722867145737,575.0,542.7
2026-05-05 12:15:00,-0.4848800445143835,5.861879465103503,577.9,545.9
2026-05-05 12:30:00,-0.467137437439312,5.887730846589889,579.1,546.9
2026-05-05 12:45:00,-0.47377642887070104,5.87805768528662,580.0,547.8
2026-05-05 13:00:00,-0.40869428969888566,5.972883840234533,578.4,545.8
2026-05-05 13:15:00,-0.4026768571377019,5.98165137614679,577.6,545.0
2026-05-05 13:30:00,-0.3898332772066522,6.000364763815447,581.2,548.3
2026-05-05 13:45:00,-0.3301838087060896,6.087275394206104,578.6,545.4
2026-05-05 14:00:00,-0.3915942593379075,5.997798972853996,577.9,545.2
2026-05-05 14:15:00,-0.48414292648992213,5.862953462806897,577.8,545.8
2026-05-05 14:30:00,-0.6574918686102704,5.610380116959046,577.9,547.2
2026-05-05 14:45:00,-0.5969231353479717,5.698630136986305,578.7,547.5
2026-05-05 15:00:00,-0.4708284611738623,5.882352941176472,581.4,549.1
2026-05-05 15:15:00,-0.315211142392481,6.1090909090909085,583.6,550.0
2026-05-05 15:30:00,-0.313685911734188,6.11131320480176,583.4,549.8
2026-05-05 15:45:00,-0.29890588209540975,6.132848043676087,583.2,549.5
2026-05-05 16:00:00,-0.2818011096461961,6.157770085625813,582.7,548.9
2026-05-05 16:15:00,-0.3333372556964166,6.082680750318703,582.5,549.1
2026-05-05 16:30:00,-0.3938238499317263,5.994550408719346,583.5,550.5
2026-05-05 16:45:00,-0.3806066703702514,6.013808139534893,583.5,550.4
2026-05-05 17:00:00,-0.2372325950991961,6.222707423580776,583.8,549.6
2026-05-05 17:15:00,-0.2645245995998589,6.18294235315513,583.9,549.9
2026-05-05 17:30:00,-0.25126947854554016,6.202255365587495,583.9,549.8
2026-05-05 17:45:00,-0.3042610530113542,6.125045438022525,583.9,550.2
2026-05-05 18:00:00,-0.35606721578561495,6.049562682215748,582.0,548.8
2026-05-05 18:15:00,-0.3965820267520536,5.990531682447187,582.1,549.2
2026-05-05 18:30:00,-0.49582686216976285,5.84592970315061,581.2,549.1
2026-05-05 18:45:00,-0.4303603917650793,5.941315837433914,581.3,548.7
2026-05-05 19:00:00,-0.4098251722334636,5.971236118696544,582.1,549.3
2026-05-05 19:15:00,-0.3511357716473859,6.056747908330307,583.1,549.8
2026-05-05 19:30:00,-0.47745533986207633,5.872697428415119,580.5,548.3
2026-05-05 19:45:00,-0.4133745554367109,5.966064586754238,580.8,548.1
2026-05-05 20:00:00,-0.43990302729547903,5.927412000729526,580.8,548.3
2026-05-05 20:15:00,-0.46641215295782307,5.888787602552403,580.8,548.5
2026-05-05 20:30:00,-0.5289765193518413,5.79762989972652,580.3,548.5
2026-05-05 20:45:00,-0.5282509369844497,5.79868708971556,580.2,548.4
2026-05-05 21:00:00,-0.5164636460730407,5.815861440291692,580.4,548.5
2026-05-05 21:15:00,-0.49143789951542427,5.852324521422059,580.6,548.5
2026-05-05 21:30:00,-0.4708284611738623,5.882352941176472,581.4,549.1
2026-05-05 21:45:00,-0.5237277162749316,5.805277525022734,581.4,549.5
2026-05-05 22:00:00,-0.5179185783041107,5.813741570985953,580.6,548.7
2026-05-05 22:15:00,-0.5472663171955456,5.770981248862195,581.0,549.3
2026-05-05 22:30:00,-0.5326004662577182,5.792349726775958,580.8,549.0
2026-05-05 22:45:00,-0.5847502658215527,5.71636628436194,580.7,549.3
2026-05-05 23:00:00,-0.5061396136010177,5.8309037900874605,580.8,548.8
2026-05-05 23:15:00,-0.46788532885323186,5.886641151813365,581.0,548.7
2026-05-05 23:30:00,-0.4575916029416129,5.901639344262288,581.4,549.0
2026-05-06 06:45:00,-0.47743485678250597,5.872727272727274,582.3,550.0
2026-05-06 07:00:00,-0.5772648348686704,5.727272727272736,581.5,550.0
2026-05-06 07:15:00,-0.4178520794023518,5.959540732640778,581.4,548.7
2026-05-06 07:30:00,-0.4369330202177587,5.93173936849789,580.4,547.9
2026-05-06 07:45:00,-0.4111321153126137,5.9693318729463485,580.5,547.8
2026-05-06 08:00:00,-0.4428687041277915,5.923090942227072,581.2,548.7
2026-05-06 08:15:00,-0.46493790233987725,5.890935619186588,580.6,548.3
2026-05-06 08:30:00,-0.40160176917847284,5.983217803721264,581.0,548.2
2026-05-06 08:45:00,-0.383815762036181,6.009132420091312,580.4,547.5
2026-05-06 09:00:00,-0.3538284248179673,6.05282465150403,578.2,545.2
2026-05-06 09:15:00,-0.5494375035413958,5.767817781043338,575.8,544.4
2026-05-06 09:30:00,-0.5634937604953306,5.747337495409477,575.9,544.6
2026-05-06 09:45:00,-0.6179344362651112,5.668016194331993,574.2,543.4
2026-05-06 10:00:00,-0.6189026134143654,5.666605538235858,576.2,545.3
2026-05-06 10:15:00,-0.5591431246921993,5.75367647058822,575.3,544.0
2026-05-06 10:30:00,-0.5981087600498424,5.696902654867242,573.3,542.4
2026-05-06 10:45:00,-0.5028878140300034,5.835641735918751,573.1,541.5
2026-05-06 11:00:00,-0.5576907793088327,5.755792570798102,575.1,543.8
2026-05-06 11:15:00,-0.5470167904824474,5.771344814950541,577.3,545.8
2026-05-06 11:30:00,-0.5872588352465128,5.712711241734025,575.5,544.4
2026-05-06 11:45:00,-0.5674131922943784,5.741626794258381,574.6,543.4
2026-05-06 12:00:00,-0.4670909664869318,5.887798555822976,571.9,540.1
2026-05-06 12:15:00,-0.4401696517287227,5.927023522874597,571.9,539.9
2026-05-06 12:30:00,-0.6036769072917736,5.688789737869504,568.5,537.9
2026-05-06 12:45:00,-0.6830376273539653,5.573159366262814,566.4,536.5
2026-05-06 13:00:00,-0.7922649071004293,5.414012738853513,562.7,533.8
2026-05-06 13:15:00,-0.9120240428222932,5.239520958083843,562.4,534.4
2026-05-06 13:30:00,-0.8308372806116149,5.357811914574762,562.4,533.8
2026-05-06 13:45:00,-0.8179798227745632,5.376545522667664,562.5,533.8
2026-05-06 14:00:00,-0.9012058323497685,5.255283336450334,562.8,534.7
2026-05-06 14:15:00,-0.9241964298249157,5.2217855137563385,562.2,534.3
2026-05-06 14:30:00,-0.8823151144158753,5.282807541534429,564.0,535.7
2026-05-06 14:45:00,-0.9294350671535748,5.214152700186214,565.0,537.0
2026-05-06 15:00:00,-0.8702728756737165,5.300353356890453,566.2,537.7
2026-05-06 15:15:00,-0.9267674300645905,5.218039508013428,564.6,536.6
2026-05-06 15:30:00,-0.9186594847099345,5.2298529685464334,565.4,537.3
2026-05-06 15:45:00,-0.8621361434917864,5.312208760484616,565.0,536.5
2026-05-06 16:00:00,-0.9078959285859972,5.245535714285698,565.8,537.6
2026-05-06 16:15:00,-0.8171567923510564,5.377744696687747,566.3,537.4
2026-05-06 16:30:00,-0.9052152329095725,5.249441548771405,565.4,537.2
2026-05-06 16:45:00,-0.7567903706141345,5.465699944227542,567.3,537.9
2026-05-06 17:00:00,-0.7760649890882224,5.437616387337063,566.2,537.0
2026-05-06 17:15:00,-0.8258169319479673,5.365126676602094,565.6,536.8
2026-05-06 17:30:00,-0.8181180750093723,5.376344086021501,568.4,539.4
2026-05-06 17:45:00,-0.7827087528132305,5.427936272693601,569.1,539.8
2026-05-06 18:00:00,-0.661264393288853,5.604883462819088,570.9,540.6
2026-05-06 18:15:00,-0.7268413885111369,5.509336291366251,570.7,540.9
2026-05-06 18:30:00,-0.7607506901586989,5.459929668702568,569.8,540.3
2026-05-06 18:45:00,-0.7655993475936314,5.4528650646950005,570.5,541.0
2026-05-06 19:00:00,-0.7833987623463328,5.426930913132066,569.2,539.9
2026-05-06 19:15:00,-0.7361800362456384,5.495729669513549,568.2,538.6
2026-05-06 19:30:00,-0.8408465372135419,5.343228200371053,567.8,539.0
2026-05-06 19:45:00,-0.8253801419901107,5.36576308949126,567.5,538.6
2026-05-06 20:00:00,-0.8153797060691118,5.380333951762517,568.0,539.0
2026-05-06 20:15:00,-0.8388042741627962,5.346203824020779,567.5,538.7
2026-05-06 20:30:00,-0.7850778198569411,5.424484488203607,567.5,538.3
2026-05-06 20:45:00,-0.8461065575521638,5.335564231269752,566.6,537.9
2026-05-06 21:00:00,-0.7546970224827678,5.46875,567.0,537.6
2026-05-06 21:15:00,-0.7688546752037166,5.448121978430653,567.1,537.8
2026-05-06 21:30:00,-0.889744940456014,5.271982116244423,565.1,536.8
2026-05-06 21:45:00,-0.8890707602284222,5.272964412148307,565.0,536.7
2026-05-06 22:00:00,-0.9455329807737672,5.190697674418598,565.4,537.5
2026-05-06 22:15:00,-0.9730439200806016,5.150613611007815,565.5,537.8
2026-05-06 22:30:00,-0.931433188401405,5.211241392145904,565.3,537.3
2026-05-06 22:45:00,-0.9199950794028721,5.227906976744201,565.6,537.5
2026-05-06 23:00:00,-0.9589622306203917,5.171130952380953,565.4,537.6
2026-05-06 23:15:00,-0.9979148878259206,5.114376046122371,565.2,537.7
2026-05-06 23:30:00,-0.9025305421576271,5.253353204172884,565.0,536.8
2026-05-07 06:45:00,-0.9281017455608521,5.216095380029806,564.8,536.8
2026-05-07 07:00:00,-0.9933392663474588,5.121042830540046,564.5,537.0
2026-05-07 07:15:00,-0.8984959957049843,5.259231629988803,564.4,536.2
2026-05-07 07:30:00,-0.952348164292799,5.180767797241881,564.4,536.6
2026-05-07 07:45:00,-0.922758509028833,5.223880597014929,564.0,536.0
2026-05-07 08:00:00,-0.9275470971698895,5.21690351533286,562.7,534.8
2026-05-07 08:15:00,-0.9700167401567826,5.15502428091148,563.0,535.4
2026-05-07 08:30:00,-0.9350356598919173,5.205992509363289,561.8,534.0
2026-05-07 08:45:00,-0.9828357745113424,5.13634665670526,562.9,535.4
2026-05-07 09:00:00,-0.9328951526215001,5.209111277072442,563.5,535.6
2026-05-07 09:15:00,-0.8910758281681951,5.27004298262006,563.3,535.1
2026-05-07 09:30:00,-0.9735935868212644,5.149812734082393,561.5,534.0
2026-05-07 09:45:00,-1.0032368864246455,5.106621773288422,561.9,534.6
2026-05-07 10:00:00,-1.071246569430991,5.007530120481918,557.8,531.2
2026-05-07 10:15:00,-1.1047755145285483,4.958677685950419,558.8,532.4
2026-05-07 10:30:00,-1.0138803305632647,5.091114033439803,559.4,532.3
2026-05-07 10:45:00,-1.1106473135407582,4.95012234142671,557.6,531.3
2026-05-07 11:00:00,-1.0789929788658,4.996243425995495,559.0,532.4
2026-05-07 11:15:00,-1.056452008017089,5.029086132482652,559.7,532.9
2026-05-07 11:30:00,-1.0241560121516315,5.076142131979688,558.9,531.9
2026-05-07 11:45:00,-0.9603060806739244,5.169172932330834,559.5,532.0
2026-05-07 12:00:00,-0.8937703922661274,5.266116941529231,561.7,533.6
2026-05-07 12:15:00,-0.8253179816376628,5.36585365853659,561.6,533.0
2026-05-07 12:30:00,-0.8221228883425687,5.370508982035926,563.1,534.4
2026-05-07 12:45:00,-0.846438561349146,5.335080494196931,562.7,534.2
2026-05-07 13:00:00,-0.7985193016832314,5.404899943893771,563.6,534.7
2026-05-07 13:15:00,-0.7586093986629495,5.463049579045842,563.7,534.5
2026-05-07 13:30:00,-0.847123875154253,5.334081976417737,562.8,534.3
2026-05-07 13:45:00,-0.7478792701169097,5.4786836200448885,564.1,534.8
2026-05-07 14:00:00,-0.6844271559424318,5.5711347915498255,564.7,534.9
2026-05-07 14:15:00,-0.6403338532597919,5.635379735025192,566.1,535.9
2026-05-07 14:30:00,-0.5723044689402206,5.734500093092532,567.9,537.1
2026-05-07 14:45:00,-0.5974605802498787,5.697847067557538,569.5,538.8
2026-05-07 15:00:00,-0.4851022969490652,5.861555638258276,568.9,537.4
2026-05-07 15:15:00,-0.4331394977605236,5.937266616878256,567.4,535.6
2026-05-07 15:30:00,-0.4836451016844583,5.863678804855277,566.9,535.5
2026-05-07 15:45:00,-0.4738418903664986,5.877962306400453,567.4,535.9
2026-05-07 16:00:00,-0.3800529297328908,6.014614952220332,565.8,533.7
2026-05-07 16:15:00,-0.4073093924511919,5.974901666978827,565.8,533.9
2026-05-07 16:30:00,-0.507152285826194,5.829428303655115,564.6,533.5
2026-05-07 16:45:00,-0.4950398060664566,5.847076461769096,564.8,533.6
2026-05-07 17:00:00,-0.4844396901858554,5.862521071361693,565.2,533.9
2026-05-07 17:15:00,-0.45721213145771045,5.90219224283306,565.2,533.7
2026-05-07 17:30:00,-0.5016988289833266,5.837374114136518,567.5,536.2
2026-05-07 17:45:00,-0.5115173479012264,5.823068309070556,567.0,535.8
2026-05-07 18:00:00,-0.5894819535833654,5.709472107824776,564.7,534.2
2026-05-07 18:15:00,-0.6423205793831047,5.632485029940115,564.5,534.4
2026-05-07 18:30:00,-0.5832465180538521,5.71855727901327,565.7,535.1
2026-05-07 18:45:00,-0.6602038455824372,5.606428704914968,565.1,535.1
2026-05-07 19:00:00,-0.5674746076835496,5.741537310641465,565.4,534.7
2026-05-07 19:15:00,-0.5946100369408029,5.702000373901672,565.4,534.9
2026-05-07 19:30:00,-0.5718914904942923,5.735101812068,566.0,535.3
2026-05-07 19:45:00,-0.5997247160475107,5.694548170276326,566.1,535.6
2026-05-07 20:00:00,-0.6088989605633807,5.681181087647169,565.5,535.1
2026-05-07 20:15:00,-0.5206057741227299,5.809826265645435,566.4,535.3
2026-05-07 20:30:00,-0.5770320224197759,5.727611940298516,566.7,536.0
2026-05-07 20:45:00,-0.6502614283222063,5.620915032679741,565.6,535.5
2026-05-07 21:00:00,-0.674462923237402,5.585652904913152,565.2,535.3
2026-05-07 21:15:00,-0.6623599156476684,5.603287261860301,565.4,535.4
2026-05-07 21:30:00,-0.7292782416828902,5.50578574094811,565.3,535.8
2026-05-07 21:45:00,-0.7299833717407982,5.50475835043851,565.4,535.9
2026-05-07 22:00:00,-0.6495408812931233,5.6219648860665,565.5,535.4
2026-05-07 22:15:00,-0.6780403843224782,5.580440462859304,565.7,535.8
2026-05-07 22:30:00,-0.7029491373616762,5.544147843942482,565.4,535.7
2026-05-07 22:45:00,-0.6502614283222063,5.620915032679741,565.6,535.5
2026-05-07 23:00:00,-0.6524214556422949,5.617767823814868,565.9,535.8
2026-05-07 23:15:00,-0.6858562880919664,5.569052513548867,564.9,535.1
2026-05-07 23:30:00,-0.607441053941051,5.683305290708529,565.3,534.9
2026-05-08 06:45:00,-0.5817790199405704,5.720695457094793,565.5,534.9
2026-05-08 07:00:00,-0.5891055569849288,5.710020526217585,566.5,535.9
2026-05-08 07:15:00,-0.7157609928655411,5.525480679484773,565.3,535.7
2026-05-08 07:30:00,-0.6026413917982371,5.690298507462677,566.5,536.0
2026-05-08 07:45:00,-0.700817018711302,5.547254389241707,565.1,535.4
2026-05-08 08:00:00,-0.720709942269706,5.5182699478001584,566.0,536.4
2026-05-08 08:15:00,-0.7947116621365886,5.410447761194037,565.0,536.0
2026-05-08 08:30:00,-0.7842906371790428,5.425631431244149,563.5,534.5
2026-05-08 08:45:00,-0.6566050180698789,5.611672278338942,564.6,534.6
2026-05-08 09:00:00,-0.7593107568416583,5.462027684249904,563.8,534.6
2026-05-08 09:15:00,-0.8186709803694633,5.375538490354015,562.6,533.9
2026-05-08 09:30:00,-0.7635134019819834,5.455904334828099,564.4,535.2
2026-05-08 09:45:00,-0.7308080878545523,5.50355672032945,563.6,534.2
2026-05-08 10:00:00,-0.7877708050153329,5.42056074766355,564.0,535.0
2026-05-08 10:15:00,-0.7271612713857823,5.50887021475257,565.0,535.5
2026-05-08 10:30:00,-0.7656111929175704,5.452847805788985,564.7,535.5
2026-05-08 10:45:00,-0.7392741217749508,5.49122151662309,564.8,535.4
2026-05-08 11:00:00,-0.7548971703630735,5.468458379992547,565.1,535.8
2026-05-08 11:15:00,-0.7721489741881192,5.443322109988791,563.7,534.6
2026-05-08 11:30:00,-0.6886897366322304,5.564924114671155,563.4,533.7
2026-05-08 11:45:00,-0.6265722444571095,5.6554307116104985,564.2,534.0
2026-05-08 12:00:00,-0.6879979843567574,5.565932013447905,565.2,535.4
2026-05-08 12:15:00,-0.6466559995430583,5.626168224299066,565.1,535.0
2026-05-08 12:30:00,-0.6430438253405604,5.631431244153418,564.6,534.5
2026-05-08 12:45:00,-0.5968036805423066,5.698804185351269,565.7,535.2
2026-05-08 13:00:00,-0.6052521486839892,5.686494575383461,565.0,534.6
2026-05-08 13:15:00,-0.6015985088475033,5.691818011608318,564.5,534.1
2026-05-08 13:30:00,-0.5477283042374383,5.770308123249301,566.4,535.5
2026-05-08 13:45:00,-0.5612819733658995,5.750560119492154,566.4,535.6
2026-05-08 14:00:00,-0.584712919587183,5.716420698673641,565.9,535.3
2026-05-08 14:15:00,-0.6623599156476684,5.603287261860301,565.4,535.4
2026-05-08 14:30:00,-0.6217251818181525,5.662492991964108,565.4,535.1
2026-05-08 14:45:00,-0.7143446308751864,5.527544351073765,565.1,535.5
2026-05-08 15:00:00,-0.6758947093433983,5.583566760037351,565.4,535.5
2026-05-08 15:15:00,-0.6209987621844629,5.66355140186916,565.3,535.0
2026-05-08 15:30:00,-0.5865455817074343,5.713750468340195,564.3,533.8
2026-05-08 15:45:00,-0.5472312001366998,5.771032415214528,564.5,533.7
2026-05-08 16:00:00,-0.5231715054237369,5.806087936865834,563.1,532.2
2026-05-08 16:15:00,-0.5132778675964899,5.820503191888848,563.6,532.6
2026-05-08 16:30:00,-0.5593511909373703,5.753373313343313,564.3,533.6
2026-05-08 16:45:00,-0.5298989652716684,5.796285875070328,564.0,533.1
2026-05-08 17:00:00,-0.5600910670908389,5.752295296983312,564.4,533.7
2026-05-08 17:15:00,-0.612260497381553,5.676283252154368,564.1,533.8
2026-05-08 17:30:00,-0.6067116917181229,5.684367988032935,565.2,534.8
2026-05-08 17:45:00,-0.6323785241542831,5.646970830216902,565.0,534.8
2026-05-08 18:00:00,-0.6815656831147002,5.575304022450878,564.3,534.5
2026-05-08 18:15:00,-0.640149216543196,5.635648754914824,564.2,534.1
2026-05-08 18:30:00,-0.7093790214627008,5.534779356768893,564.4,534.8
2026-05-08 18:45:00,-0.7901754195756591,5.417057169634476,562.4,533.5
2026-05-08 19:00:00,-0.651555335277667,5.619029780857843,563.9,533.9
2026-05-08 19:15:00,-0.703688098315819,5.543071161048685,563.6,534.0
2026-05-08 19:30:00,-0.7058241915913284,5.539958824630364,563.9,534.3
2026-05-08 19:45:00,-0.7186696173697747,5.521242747520128,563.8,534.3
2026-05-08 20:00:00,-0.6993942783513432,5.549327354260081,564.9,535.2
2026-05-08 20:15:00,-0.7136360530658618,5.528576765035487,565.0,535.4
2026-05-08 20:30:00,-0.7670084148810309,5.450812021653895,564.9,535.7
2026-05-08 20:45:00,-0.690849848662585,5.5617767823815,565.6,535.8
2026-05-08 21:00:00,-0.7389792126358065,5.491651205936932,568.6,539.0
2026-05-08 21:15:00,-0.8310700592681943,5.357472750785153,570.3,541.3
2026-05-08 21:30:00,-0.7478721680603558,5.4786939679025926,571.8,542.1
2026-05-08 21:45:00,-0.9090938961130176,5.243790248390057,572.0,543.5
2026-05-08 22:00:00,-0.8553629581228054,5.322077445402829,573.9,544.9
2026-05-08 22:15:00,-0.8049807889657296,5.395485410166989,574.3,544.9
2026-05-08 22:30:00,-0.8355636981342875,5.350925416895724,574.9,545.7
2026-05-08 22:45:00,-0.8321956620705737,5.355832721936893,574.4,545.2
2026-05-08 23:00:00,-0.7307939460489479,5.503577325261411,575.1,545.1
2026-05-08 23:15:00,-0.9064061043614953,5.24770642201835,573.6,545.0
2026-05-08 23:30:00,-0.8240871152471646,5.3676470588235325,573.2,544.0
2026-05-11 06:45:00,-0.23421355943978217,6.227106227106227,580.0,546.0
2026-05-11 07:00:00,-0.527175681689453,5.800253761102048,583.7,551.7
2026-05-11 07:15:00,-0.46350798653952857,5.893019038984582,584.0,551.5
2026-05-11 07:30:00,-0.4157851723058734,5.962552263224863,582.9,550.1
2026-05-11 07:45:00,-0.46642579840305404,5.88876772082878,582.6,550.2
2026-05-11 08:00:00,-0.49363358044972583,5.849125364431496,580.9,548.8
2026-05-11 08:15:00,-0.5230024992189105,5.80633418274481,581.3,549.4
2026-05-11 08:30:00,-0.3863365953874528,6.0054595086442175,582.5,549.5
2026-05-11 08:45:00,-0.43481447131749423,5.934826142363003,581.9,549.3
2026-05-11 09:00:00,-0.5180649278454628,5.813528336380247,578.8,547.0
2026-05-11 09:15:00,-0.47673842166548575,5.873741994510517,578.6,546.5
2026-05-11 09:30:00,-0.5231644416411785,5.806098228957457,579.5,547.7
2026-05-11 09:45:00,-0.5047858795316209,5.832876211373184,578.8,546.9
2026-05-11 10:00:00,-0.572972000445149,5.733527484528578,580.9,549.4
2026-05-11 10:15:00,-0.6144370243558106,5.673112002918623,579.3,548.2
2026-05-11 10:30:00,-0.6276645901285265,5.653839139157402,579.3,548.3
2026-05-11 10:45:00,-0.6541052521398929,5.61531449407473,579.3,548.5
2026-05-11 11:00:00,-0.6051817251110403,5.686597184128739,578.0,546.9
2026-05-11 11:15:00,-0.577926897932274,5.726308086351994,577.9,546.6
2026-05-11 11:30:00,-0.5002973791361874,5.8394160583941535,580.0,548.0
2026-05-11 11:45:00,-0.6019173034630261,5.691353520612896,579.4,548.2
2026-05-11 12:00:00,-0.6338226937542687,5.644866642309099,578.3,547.4
2026-05-11 12:15:00,-0.6380645706100336,5.63868613138685,578.9,548.0
2026-05-11 12:30:00,-0.6937301108702634,5.5575801749271125,579.3,548.8
2026-05-11 12:45:00,-0.6673183536535827,5.596062705067428,579.3,548.6
2026-05-11 13:00:00,-0.7221914107836341,5.516111414527591,579.6,549.3
2026-05-11 13:15:00,-0.6916438719762947,5.560619872379213,579.0,548.5
2026-05-11 13:30:00,-0.6498848123115811,5.621463770761093,578.7,547.9
2026-05-11 13:45:00,-0.6596017745573273,5.607305936073059,578.2,547.5
2026-05-11 14:00:00,-0.6338226937542687,5.644866642309099,578.3,547.4
2026-05-11 14:15:00,-0.6449492681105914,5.628654970760216,578.0,547.2
2026-05-11 14:30:00,-0.6115939186985134,5.677254472435189,578.9,547.8
2026-05-11 14:45:00,-0.5364207424287896,5.786783497626891,579.5,547.8
2026-05-11 15:00:00,-0.5364207424287896,5.786783497626891,579.5,547.8
2026-05-11 15:15:00,-0.5260726013057526,5.801860974274753,579.9,548.1
2026-05-11 15:30:00,-0.6033418668906365,5.689277899343548,579.6,548.4
2026-05-11 15:45:00,-0.6463607116450645,5.626598465473154,578.2,547.4
2026-05-11 16:00:00,-0.5441117274596986,5.775577557755773,576.9,545.4
2026-05-11 16:15:00,-0.5965992325395298,5.699102070734829,576.8,545.7
2026-05-11 16:30:00,-0.5772077500230243,5.727355901189379,577.8,546.5
2026-05-11 16:45:00,-0.5764883388824596,5.728404099560769,577.7,546.4
2026-05-11 17:00:00,-0.5829535749409513,5.718984103782221,578.6,547.3
2026-05-11 17:15:00,-0.5327923398346216,5.792070162616492,579.0,547.3
2026-05-11 17:30:00,-0.5054102659413833,5.831966466192817,580.7,548.7
2026-05-11 17:45:00,-0.5083260626677055,5.82771808413769,581.1,549.1
2026-05-11 18:00:00,-0.5215512728085651,5.808448652585585,581.1,549.2
2026-05-11 18:15:00,-0.4715635743859727,5.881281864530208,581.5,549.2
2026-05-11 18:30:00,-0.48112754729845053,5.867346938775508,581.0,548.8
2026-05-11 18:45:00,-0.43258864850290096,5.9380692167577465,581.6,549.0
2026-05-11 19:00:00,-0.47009308016096124,5.88342440801457,581.3,549.0
2026-05-11 19:15:00,-0.4561154809958682,5.9037900874635785,581.2,548.8
2026-05-11 19:30:00,-0.44138640640020665,5.92525068368277,581.0,548.5
2026-05-11 19:45:00,-0.4531600070782934,5.908096280087527,580.8,548.4
2026-05-11 20:00:00,-0.542212429602836,5.778344877870922,580.3,548.6
2026-05-11 20:15:00,-0.542212429602836,5.778344877870922,580.3,548.6
2026-05-11 20:30:00,-0.6047653916282018,5.687203791469186,579.8,548.6
2026-05-11 20:45:00,-0.5915408857458595,5.706472196900636,579.8,548.5
2026-05-11 21:00:00,-0.6569137527555595,5.611222444889785,579.7,548.9
2026-05-11 21:15:00,-0.5790280124670589,5.724703737465808,579.9,548.5
2026-05-11 21:30:00,-0.6054767648431422,5.686167304537992,579.9,548.7
2026-05-11 21:45:00,-0.6569137527555595,5.611222444889785,579.7,548.9
2026-05-11 22:00:00,-0.6569137527555595,5.611222444889785,579.7,548.9
2026-05-11 22:15:00,-0.6319062432149454,5.647658954272172,579.9,548.9
2026-05-11 22:30:00,-0.6083196666513232,5.6820251320342186,580.3,549.1
2026-05-11 22:45:00,-0.584035895836836,5.717407137654762,580.6,549.2
2026-05-11 23:00:00,-0.5141449303299741,5.819239861793046,581.9,549.9
2026-05-11 23:15:00,-0.4443499216602637,5.920932774640186,581.4,548.9
2026-05-11 23:30:00,-0.48479306948550865,5.86200618969599,581.5,549.3
2026-05-12 06:45:00,-0.45980377040149384,5.898416166029508,581.7,549.3
2026-05-12 07:00:00,-0.5657964019375508,5.743982494529543,579.9,548.4
2026-05-12 07:15:00,-0.47819031704701215,5.871626549963538,580.6,548.4
2026-05-12 07:30:00,-0.5068686955118141,5.829841501184196,580.9,548.9
2026-05-12 07:45:00,-0.5429352030295505,5.777291780572247,580.4,548.7
2026-05-12 08:00:00,-0.5297018371977475,5.796573095151292,580.4,548.6
2026-05-12 08:15:00,-0.5289765193518413,5.79762989972652,580.3,548.5
2026-05-12 08:30:00,-0.5915408857458595,5.706472196900636,579.8,548.5
2026-05-12 08:45:00,-0.6026297150841131,5.690315520700362,579.5,548.3
2026-05-12 09:00:00,-0.6414161412092665,5.633802816901401,577.5,546.7
2026-05-12 09:15:00,-0.6352376855469221,5.642804967129278,578.5,547.6
2026-05-12 09:30:00,-0.6331148100472811,5.64589804494795,578.2,547.3
2026-05-12 09:45:00,-0.6184424195225872,5.667276051188308,578.0,547.0
2026-05-12 10:00:00,-0.6391383406360227,5.63712162407104,582.8,551.7
2026-05-12 10:15:00,-0.5374568616519672,5.785273848385919,583.3,551.4
2026-05-12 10:30:00,-0.4686351027380621,5.885548714233968,584.7,552.2
2026-05-12 10:45:00,-0.4854349798454738,5.861070911722166,585.2,552.8
2026-05-12 11:00:00,-0.45405523854033125,5.9067919075144415,586.3,553.6
2026-05-12 11:15:00,-0.4459838964917747,5.9185520361991095,585.2,552.5
2026-05-12 11:30:00,-0.4109417346201957,5.969609261939213,585.8,552.8
2026-05-12 11:45:00,-0.40223986086322255,5.982288089643961,586.4,553.3
2026-05-12 12:00:00,-0.4059468221860431,5.976886962802452,586.9,553.8
2026-05-12 12:15:00,-0.40372344906959656,5.980126467931357,586.6,553.5
2026-05-12 12:30:00,-0.4358802908365845,5.93327321911632,587.4,554.5
2026-05-12 12:45:00,-0.40318957020685453,5.980904341560067,588.3,555.1
2026-05-12 13:00:00,-0.44410610962628183,5.921288014311266,592.1,559.0
2026-05-12 13:15:00,-0.38566676511042164,6.006435466571336,593.0,559.4
2026-05-12 13:30:00,-0.42174345496306487,5.953870910066161,592.6,559.3
2026-05-12 13:45:00,-0.3544460218730899,6.051924798567576,592.3,558.5
2026-05-12 14:00:00,-0.29073652307845904,6.14475098530991,592.5,558.2
2026-05-12 14:15:00,-0.20389740764418854,6.271277548826371,593.1,558.1
2026-05-12 14:30:00,-0.2960185656428535,6.137054929325481,593.2,558.9
2026-05-12 14:45:00,-0.30077077811294245,6.130130847822191,592.1,557.9
2026-05-12 15:00:00,-0.21773252416987243,6.251119469819111,593.2,558.3
2026-05-12 15:15:00,-0.2353828772681309,6.225402504472255,593.8,559.0
2026-05-12 15:30:00,-0.2545090240866326,6.197535274156119,594.6,559.9
2026-05-12 15:45:00,-0.15566685890768603,6.341550553769193,595.3,559.8
2026-05-12 16:00:00,-0.21773471978181236,6.251116270762647,594.9,559.9
2026-05-12 16:15:00,-0.16947720116847675,6.321428571428567,595.4,560.0
2026-05-12 16:30:00,-0.25830413579072026,6.192005710206994,595.1,560.4
2026-05-12 16:45:00,-0.2452200054160732,6.21106958533546,596.8,561.9
2026-05-12 17:00:00,-0.3466495560323086,6.063284426374405,600.0,565.7
2026-05-12 17:15:00,-0.4366145479464202,5.932203389830515,600.0,566.4
2026-05-12 17:30:00,-0.4993249620444393,5.840832892182801,599.8,566.7
2026-05-12 17:45:00,-0.44658076291057747,5.9176823882706175,599.6,566.1
2026-05-12 18:00:00,-0.5029550534351753,5.835543766578244,598.5,565.5
2026-05-12 18:15:00,-0.5342555603291268,5.789938217122681,599.3,566.5
2026-05-12 18:30:00,-0.5792490879666848,5.724381625441688,598.4,566.0
2026-05-12 18:45:00,-0.5892979913663788,5.709740144953157,598.0,565.7
2026-05-12 19:00:00,-0.4336254536311503,5.936558568137507,597.8,564.3
2026-05-12 19:15:00,-0.40566546006775245,5.977296913799224,597.5,563.8
2026-05-12 19:30:00,-0.3495964324635546,6.058990760483307,596.9,562.8
2026-05-12 19:45:00,-0.3617913702628269,6.0412224591329,596.8,562.8
2026-05-12 20:00:00,-0.28018292444691384,6.160127818214112,598.0,563.3
2026-05-12 20:15:00,-0.3484878017545257,6.060606060606077,598.5,564.3
2026-05-12 20:30:00,-0.3082789968762019,6.119191202554108,598.3,563.8
2026-05-12 20:45:00,-0.29834569847896786,6.133664243928383,598.7,564.1
2026-05-12 21:00:00,-0.2755126715745748,6.166932482721976,599.1,564.3
2026-05-12 21:15:00,-0.2496783629467976,6.20457365715299,599.1,564.1
2026-05-12 21:30:00,-0.3120002366645655,6.113769271664005,598.8,564.3
2026-05-12 21:45:00,-0.30976828454469607,6.117021276595747,598.5,564.0
2026-05-12 22:00:00,-0.2899176986000212,6.145944031172501,599.3,564.6
2026-05-12 22:15:00,-0.32564509935808994,6.093888396811331,598.9,564.5
2026-05-12 22:30:00,-0.3808580929627574,6.01344181110719,599.4,565.4
2026-05-12 22:45:00,-0.3422311302676864,6.069722173066716,599.4,565.1
2026-05-12 23:00:00,-0.3127436934302144,6.112686038270732,598.9,564.4
2026-05-12 23:15:00,-0.2359968779933637,6.224507891470132,599.0,563.9
2026-05-12 23:30:00,-0.31497248386509324,6.109438639985831,599.2,564.7
2026-05-13 06:45:00,-0.46081936171366816,5.896936426421107,598.0,564.7
2026-05-13 07:00:00,-0.41147829005280406,5.968827488487416,598.3,564.6
2026-05-13 07:15:00,-0.37354552717776696,6.024096385542177,598.4,564.4
2026-05-13 07:30:00,-0.44650772767483843,5.917788802267898,597.8,564.4
2026-05-13 07:45:00,-0.565730043745694,5.744079179922235,598.3,565.8
2026-05-13 08:00:00,-0.5927585814676227,5.7046979865771785,598.5,566.2
2026-05-13 08:15:00,-0.6648100472801863,5.59971736442324,597.8,566.1
2026-05-13 08:30:00,-0.6615194713790872,5.604511808248169,599.2,567.4
2026-05-13 08:45:00,-0.6062585343657965,5.685028248587587,598.6,566.4
2026-05-13 09:00:00,-0.5259859515188894,5.801987224982241,596.3,563.6
2026-05-13 09:15:00,-0.4385763966899691,5.92934493165278,596.7,563.3
2026-05-13 09:30:00,-0.5116810761867733,5.822829753239844,596.1,563.3
2026-05-13 09:45:00,-0.42204004110331755,5.953438777323616,596.2,562.7
2026-05-13 10:00:00,-0.4593160982842837,5.899126715380509,594.2,561.1
2026-05-13 10:15:00,-0.44282198150957486,5.923159018142998,595.5,562.2
2026-05-13 10:30:00,-0.4923680757612901,5.850969233505254,595.2,562.3
2026-05-13 10:45:00,-0.5767890535845681,5.72796595140983,596.2,563.9
2026-05-13 11:00:00,-0.731549133980982,5.502476999292272,596.3,565.2
2026-05-13 11:15:00,-0.7721899472222147,5.443262411347516,594.7,564.0
2026-05-13 11:30:00,-0.7886766209856173,5.419240953221549,597.2,566.5
2026-05-13 11:45:00,-0.826322309534198,5.364390329980595,597.1,566.7
2026-05-13 12:00:00,-0.8582728632968674,5.317837647473156,598.1,567.9
2026-05-13 12:15:00,-0.9116807793522163,5.240021100756098,598.5,568.7
2026-05-13 12:30:00,-0.7971923160918738,5.406833392039467,598.5,567.8
2026-05-13 12:45:00,-0.7769599177046711,5.436312456016879,599.3,568.4
2026-05-13 13:00:00,-0.6448168923797184,5.628847845206675,600.5,568.5
2026-05-13 13:15:00,-0.6682868020452348,5.594651653764959,600.2,568.4
2026-05-13 13:30:00,-0.6051662592017387,5.68661971830986,600.3,568.0
2026-05-13 13:45:00,-0.597901834690654,5.69720414981536,601.1,568.7
2026-05-13 14:00:00,-0.5635003852442718,5.747327842999805,603.5,570.7
2026-05-13 14:15:00,-0.6297471798912366,5.650804758572425,603.9,571.6
2026-05-13 14:30:00,-0.7631366264391245,5.4564533053515385,603.0,571.8
2026-05-13 14:45:00,-0.6784459314705706,5.579849571453566,603.6,571.7
2026-05-13 15:00:00,-0.5676431156872099,5.741291790652903,604.1,571.3
2026-05-13 15:15:00,-0.5817184115677687,5.7207837648705295,604.3,571.6
2026-05-13 15:30:00,-0.5454748289828193,5.7735914878772165,606.4,573.3
2026-05-13 15:45:00,-0.5892598590821602,5.709795704557341,605.4,572.7
2026-05-13 16:00:00,-0.6784459314705706,5.579849571453566,603.6,571.7
2026-05-13 16:15:00,-0.7171136166593307,5.523509875895827,603.7,572.1
2026-05-13 16:30:00,-0.6977823450756953,5.551675977653647,604.6,572.8
2026-05-13 16:45:00,-0.6778303931038041,5.580746424834326,605.4,573.4
2026-05-13 17:00:00,-0.6552352501103315,5.613668061366783,605.8,573.6
2026-05-13 17:15:00,-0.7064104137745696,5.539104685594842,605.9,574.1
2026-05-13 17:30:00,-0.6263225053976533,5.655794587092311,609.0,576.4
2026-05-13 17:45:00,-0.6435933112998046,5.630630630630629,609.7,577.2
2026-05-13 18:00:00,-0.6692893641297666,5.593190898037159,607.9,575.7
2026-05-13 18:15:00,-0.7646628015926566,5.454229633489671,607.1,575.7
2026-05-13 18:30:00,-0.7488231990093335,5.477308294209693,606.6,575.1
2026-05-13 18:45:00,-0.6964472991315522,5.553621169916423,606.3,574.4
2026-05-13 19:00:00,-0.685829501691845,5.569091541942228,606.6,574.6
2026-05-13 19:15:00,-0.5208361661668004,5.809490579204457,606.5,573.2
2026-05-13 19:30:00,-0.5608889256888836,5.75113279888464,606.8,573.8
2026-05-13 19:45:00,-0.50956006711247,5.825920111634408,606.7,573.3
2026-05-13 20:00:00,-0.5574464162729402,5.756148613291479,606.3,573.3
2026-05-13 20:15:00,-0.5588241403551529,5.7541412380122114,606.5,573.5
2026-05-13 20:30:00,-0.5074666062983929,5.828970331588135,606.4,573.0
2026-05-13 20:45:00,-0.46871324544168047,5.885434858539984,606.3,572.6
2026-05-13 21:00:00,-0.5461658989850943,5.772584583188012,606.5,573.4
2026-05-13 21:15:00,-0.533503241692713,5.791034362462932,606.5,573.3
2026-05-13 21:30:00,-0.44474080047687736,5.920363255326566,606.5,572.6
2026-05-13 21:45:00,-0.45318625805887064,5.908058031812602,605.9,572.1
2026-05-13 22:00:00,-0.43133063821668294,5.939902166317257,606.4,572.4
2026-05-13 22:15:00,-0.4440310486128446,5.921397379912663,606.4,572.5
2026-05-13 22:30:00,-0.4821056727963097,5.865921787709505,606.4,572.8
2026-05-13 22:45:00,-0.48421313984353626,5.862851160355964,606.7,573.1
2026-05-13 23:00:00,-0.5208361661668004,5.809490579204457,606.5,573.2
2026-05-13 23:15:00,-0.48351089602466363,5.863874345549736,606.6,573.0
2026-05-13 23:30:00,-0.30775749653782697,6.119951040391669,606.9,571.9
2026-05-14 06:45:00,-0.25380285785094525,6.198564174400278,606.5,571.1
2026-05-14 07:00:00,-0.5152635120006833,5.817610062893097,605.7,572.4
2026-05-14 07:15:00,-0.5300338221917305,5.796089385474867,606.0,572.8
2026-05-14 07:30:00,-0.4179111014984408,5.95945473610624,606.3,572.2
2026-05-14 07:45:00,-0.5539978968894484,5.761173184357538,605.8,572.8
2026-05-14 08:00:00,-0.5307281905631356,5.795077674986926,606.1,572.9
2026-05-14 08:15:00,-0.59336117814329,5.703819989534287,606.0,573.3
2026-05-14 08:30:00,-0.6351676174064176,5.642907058001412,604.7,572.4
2026-05-14 08:45:00,-0.6005616927481051,5.693328676213771,605.2,572.6
2026-05-14 09:00:00,-0.6211400317137116,5.663345568956468,604.5,572.1
2026-05-14 09:15:00,-0.5796566129625859,5.723787852266771,604.0,571.3
2026-05-14 09:30:00,-0.5500871951289679,5.766871165644161,603.4,570.5
2026-05-14 09:45:00,-0.3821212683271897,6.0116013359114095,603.1,568.9
2026-05-14 10:00:00,-0.4906988723715023,5.853401300755867,602.2,568.9
2026-05-14 10:15:00,-0.5324819688433109,5.792522380200116,602.7,569.7
2026-05-14 10:30:00,-0.5316026238610669,5.793803605811321,604.4,571.3
2026-05-14 10:45:00,-0.6844652501249388,5.571079287460701,604.5,572.6
2026-05-14 11:00:00,-0.7965596691426842,5.407755173013396,606.2,575.1
2026-05-14 11:15:00,-0.8681643743427345,5.303425491218916,605.6,575.1
2026-05-14 11:30:00,-0.9923960718811563,5.122417086299702,605.4,575.9
2026-05-14 11:45:00,-0.9315663171527372,5.211047420531534,605.7,575.7
2026-05-14 12:00:00,-1.0140209889956784,5.090909090909079,606.9,577.5
2026-05-14 12:15:00,-1.0140209889956784,5.090909090909079,606.9,577.5
2026-05-14 12:30:00,-0.9365293754769178,5.203816131830008,606.5,576.5
2026-05-14 12:45:00,-1.0021364677949371,5.108225108225106,607.0,577.5
2026-05-14 13:00:00,-0.9670960598918058,5.159279778393344,607.4,577.6
2026-05-14 13:15:00,-1.0609621719717603,5.02251472116384,606.4,577.4
2026-05-14 13:30:00,-1.0793910093383108,4.995663486556801,605.3,576.5
2026-05-14 13:45:00,-1.116283100239649,4.941910872203925,605.2,576.7
2026-05-14 14:00:00,-1.1832828895569913,4.844290657439454,606.0,578.0
2026-05-14 14:15:00,-1.1771714497280237,4.853195164076007,607.1,579.0
2026-05-14 14:30:00,-1.2888589955736518,4.690463873081563,607.1,579.9
2026-05-14 14:45:00,-1.3152825441609406,4.65196416264646,607.4,580.4
2026-05-14 15:00:00,-1.3249817466872238,4.637832204273051,602.4,575.7
2026-05-14 15:15:00,-1.3948647506176972,4.536011080332392,603.8,577.6
2026-05-14 15:30:00,-1.3791903619482329,4.558849020627509,603.2,576.9
2026-05-14 15:45:00,-1.336001613314627,4.621776008308798,604.4,577.7
2026-05-14 16:00:00,-1.3943256674191657,4.53679653679655,603.7,577.5
2026-05-14 16:15:00,-1.3824411462184398,4.554112554112555,603.8,577.5
2026-05-14 16:30:00,-1.4169154864055573,4.503882657463332,605.6,579.5
2026-05-14 16:45:00,-1.391615126585936,4.5407458563535785,605.5,579.2
2026-05-14 17:00:00,-1.2120626887617914,4.802357836338422,604.5,576.8
2026-05-14 17:15:00,-1.2884799862180383,4.6910160983209215,604.8,577.7
2026-05-14 17:30:00,-1.284015309170652,4.6975212341827,604.0,576.9
2026-05-14 17:45:00,-1.3288473988952711,4.632199861207509,603.1,576.4
2026-05-14 18:00:00,-1.2375533312320894,4.765217391304355,602.4,575.0
2026-05-14 18:15:00,-1.2506225495415173,4.746175243393602,602.5,575.2
2026-05-14 18:30:00,-1.2946401971379486,4.682040531097154,599.2,572.4
2026-05-14 18:45:00,-1.2295708980956128,4.776847977684784,601.0,573.6
2026-05-14 19:00:00,-1.182659787905449,4.845198530697914,599.4,571.7
2026-05-14 19:15:00,-1.150168635153727,4.892538878210728,600.3,572.3
2026-05-14 19:30:00,-1.171821828635278,4.860989683511119,599.7,571.9
2026-05-14 19:45:00,-1.1322774876300299,4.918606686504479,599.4,571.3
2026-05-14 20:00:00,-1.0956396860654174,4.971988795518212,599.6,571.2
2026-05-14 20:15:00,-1.0836240855867338,4.989495798319332,599.7,571.2
2026-05-14 20:30:00,-1.1220420552068324,4.933519944016784,599.8,571.6
2026-05-14 20:45:00,-1.1094402812608868,4.9518810148731385,599.8,571.5
2026-05-14 21:00:00,-1.1609914470328608,4.876769795490299,600.0,572.1
2026-05-14 21:15:00,-1.1261836238190142,4.927485584483682,600.5,572.3
2026-05-14 21:30:00,-1.139353385064546,4.908296943231449,600.6,572.5
2026-05-14 21:45:00,-1.101603388505042,4.963299545613409,600.6,572.2
2026-05-14 22:00:00,-1.1261836238190142,4.927485584483682,600.5,572.3
2026-05-14 22:15:00,-1.1381761294863781,4.910012231347194,600.4,572.3
2026-05-14 22:30:00,-1.175900371903486,4.855047153335645,600.4,572.6
2026-05-14 22:45:00,-1.1884663365943127,4.836738257377315,600.4,572.7
2026-05-14 23:00:00,-1.2729201378207438,4.713687150837997,599.8,572.8
2026-05-14 23:15:00,-1.2963235025464939,4.67958791688492,599.5,572.7
2026-05-14 23:30:00,-1.2055146258757512,4.811898512685908,599.0,571.5
2026-05-15 06:45:00,-1.5235029088161969,4.348582362149944,599.9,574.9
2026-05-15 07:00:00,-1.238115769647222,4.764397905759155,600.3,573.0
2026-05-15 07:15:00,-1.1724050888439312,4.860139860139845,599.8,572.0
2026-05-15 07:30:00,-1.333384564379556,4.625589108046779,599.4,572.9
2026-05-15 07:45:00,-1.2443978615022135,4.755244755244759,599.2,572.0
2026-05-15 08:00:00,-1.1969815413874718,4.824331410592553,599.7,572.1
2026-05-15 08:15:00,-1.2016051597231212,4.817594693663829,600.5,572.9
2026-05-15 08:30:00,-1.3628344818642644,4.582679909391896,600.2,573.9
2026-05-15 08:45:00,-1.2261379145103577,4.781849912739955,600.4,573.0
2026-05-15 09:00:00,-1.205640246096221,4.811715481171541,601.2,573.6
2026-05-15 09:15:00,-1.2027590473735565,4.815913453149534,600.7,573.1
2026-05-15 09:30:00,-1.1873066496474263,4.838427947598256,600.2,572.5
2026-05-15 09:45:00,-1.1633300173559862,4.873362445414853,600.4,572.5
2026-05-15 10:00:00,-1.3230724476731182,4.640614096301454,599.8,573.2
2026-05-15 10:15:00,-1.369324402013114,4.573223948333061,599.1,572.9
2026-05-15 10:30:00,-1.3180637144966254,4.647911934300186,598.9,572.3
2026-05-15 10:45:00,-1.2301067839346391,4.776067179846044,598.9,571.6
2026-05-15 11:00:00,-1.2237864337472888,4.7852760736196265,597.8,570.5
2026-05-15 11:15:00,-1.171821828635278,4.860989683511119,599.7,571.9
2026-05-15 11:30:00,-1.0752186097551844,5.001742767514816,602.5,573.8
2026-05-15 11:45:00,-1.0997349142473885,4.966021955044431,602.4,573.9
2026-05-15 12:00:00,-1.0323733609643435,5.064169268123475,605.8,576.6
2026-05-15 12:15:00,-1.0335785263114436,5.062413314840497,606.0,576.8
2026-05-15 12:30:00,-1.0924810853500366,4.97659094850007,605.4,576.7
2026-05-15 12:45:00,-1.077010395408314,4.999132095122372,604.9,576.1
2026-05-15 13:00:00,-1.0144112208419136,5.0903405142459945,604.9,575.6
2026-05-15 13:15:00,-0.9574634199789106,5.173314753527247,603.8,574.1
2026-05-15 13:30:00,-0.8945417701041884,5.264993026499298,603.8,573.6
2026-05-15 13:45:00,-0.8882560688218509,5.274151436031316,604.8,574.5
2026-05-15 14:00:00,-0.8511432431019815,5.328225666028219,604.9,574.3
2026-05-15 14:15:00,-0.8750447266242648,5.293400661675096,604.7,574.3
2026-05-15 14:30:00,-0.7994657110102245,5.403521004009071,604.7,573.7
2026-05-15 14:45:00,-0.8530525332058366,5.3254437869822535,605.2,574.6
2026-05-15 15:00:00,-0.7794387925351315,5.432700679087588,605.5,574.3
2026-05-15 15:15:00,-0.8255505189936125,5.365514846327479,606.8,575.9
2026-05-15 15:30:00,-0.8161972253753212,5.379142807565507,607.3,576.3
2026-05-15 15:45:00,-0.7579523331501843,5.464006938421506,608.0,576.5
2026-05-15 16:00:00,-0.7169079589773025,5.523809523809531,609.4,577.5
2026-05-15 16:15:00,-0.7532117145288602,5.47091412742382,609.2,577.6
2026-05-15 16:30:00,-0.769857469305303,5.446660884648735,607.9,576.5
2026-05-15 16:45:00,-0.8204279042093681,5.372978612415236,606.0,575.1
2026-05-15 17:00:00,-0.8199265584701801,5.3737090845440205,602.0,571.3
2026-05-15 17:15:00,-0.8585223087687534,5.317474199755101,602.1,571.7
2026-05-15 17:30:00,-0.7598590720932701,5.461228776474725,602.5,571.3
2026-05-15 17:45:00,-0.7567701886989187,5.465729349736392,600.1,569.0
2026-05-15 18:00:00,-0.7753923133072413,5.438596491228065,601.0,570.0
2026-05-15 18:15:00,-0.8209684593925833,5.3721910112359605,600.2,569.6
2026-05-15 18:30:00,-0.8489216039811913,5.331462644686069,600.6,570.2
2026-05-15 18:45:00,-0.8192808750557058,5.374649859943959,601.9,571.2
2026-05-15 19:00:00,-0.8679805475716837,5.303693330999493,601.6,571.3
2026-05-15 19:15:00,-0.9462960388087822,5.189585881530667,602.0,572.3
2026-05-15 19:30:00,-0.9267943052887891,5.218000350201368,600.9,571.1
2026-05-15 19:45:00,-0.9400615312239696,5.1986697006826565,601.0,571.3
2026-05-15 20:00:00,-0.9242842117778691,5.221657613457142,600.5,570.7
2026-05-15 20:15:00,-0.9141473025127909,5.236427320490367,600.9,571.0
2026-05-15 20:30:00,-0.9419341739938163,5.195941217634692,601.3,571.6
2026-05-15 20:45:00,-0.9261671116081084,5.218914185639223,600.8,571.0
2026-05-15 21:00:00,-0.8679805475716837,5.303693330999493,601.6,571.3
2026-05-15 21:15:00,-0.8439535530209319,5.338701207771757,601.8,571.3
2026-05-15 21:30:00,-0.9469182914613238,5.188679245283034,602.1,572.4
2026-05-15 21:45:00,-0.9254410547039399,5.219972067039125,602.7,572.8
2026-05-15 22:00:00,-0.9266915360887045,5.218150087260032,602.9,573.0
2026-05-15 22:15:00,-0.9027358258149606,5.253054101221655,603.1,573.0
2026-05-15 22:30:00,-0.9291898818758895,5.214509940704559,603.3,573.4
2026-05-15 22:45:00,-0.903993793154901,5.251221214235846,603.3,573.2
2026-05-15 23:00:00,-0.8712451531586423,5.298936726512116,604.1,573.7
2026-05-15 23:15:00,-0.8851029206047835,5.278745644599292,604.3,574.0
2026-05-15 23:30:00,-0.7296620792902851,5.505226480836245,605.6,574.0
2026-05-16 09:45:00,-1.1122856886797958,4.9477351916376255,602.4,574.0
2026-05-16 10:00:00,-0.7190253162027282,5.520724486241724,605.9,574.2
2026-05-16 10:15:00,-0.6917965477876054,5.560397420254493,605.6,573.7
2026-05-16 10:30:00,-0.739649509219889,5.490674568589848,605.2,573.7
2026-05-16 10:45:00,-0.7309781392494532,5.503308951584796,605.8,574.2
2026-05-16 11:00:00,-0.7787894314363103,5.433646812957149,605.4,574.2
2026-05-16 11:15:00,-0.7661849390613232,5.452011844626359,605.4,574.1
2026-05-16 11:30:00,-0.9253430634467062,5.220114842526535,604.7,574.7
2026-05-16 11:45:00,-0.9850551827561272,5.133112928484418,604.2,574.7
2026-05-16 12:00:00,-0.8662646322510514,5.306193458594288,605.3,574.8
2026-05-16 12:15:00,-1.0095487866022705,5.09742519137093,604.1,574.8
2026-05-16 12:30:00,-0.9479889756401618,5.187119234116611,604.3,574.5
2026-05-16 12:45:00,-0.9951638291378193,5.118384401114207,603.8,574.4
2026-05-16 13:00:00,-0.9467491771911147,5.188925648615728,604.1,574.3
2026-05-16 13:15:00,-0.8832083935167246,5.281506013595938,604.0,573.7
2026-05-16 13:30:00,-0.9467491771911147,5.188925648615728,604.1,574.3
2026-05-16 13:45:00,-0.9718821383674832,5.152306353350733,604.1,574.5
2026-05-16 14:00:00,-0.9599355570038148,5.169712793733683,604.2,574.5
2026-05-16 14:15:00,-0.935420523136569,5.205431754874645,604.3,574.4
2026-05-16 14:30:00,-0.9222233079968949,5.224660397074188,604.2,574.2
2026-05-16 14:45:00,-0.862459192763313,5.311738070358762,604.7,574.2
2026-05-16 15:00:00,-0.8863648388567488,5.276907001044928,604.5,574.2
2026-05-16 15:15:00,-0.8844716316517456,5.279665446941984,604.2,573.9
2026-05-16 15:30:00,-0.9341761310436053,5.207244862417282,604.1,574.2
2026-05-16 15:45:00,-0.9461289540903308,5.1898293277603536,604.0,574.2
2026-05-16 16:00:00,-0.8851029206047835,5.278745644599292,604.3,574.0
2026-05-16 16:15:00,-0.9341761310436053,5.207244862417282,604.1,574.2
2026-05-16 16:30:00,-0.9215987048068554,5.225570458108342,604.1,574.1
2026-05-16 16:45:00,-0.8832083935167246,5.281506013595938,604.0,573.7
2026-05-16 17:00:00,-0.9939402462771872,5.120167189132707,603.6,574.2
2026-05-16 17:15:00,-0.9190981145909253,5.229213874847472,603.7,573.7
2026-05-16 17:30:00,-0.8951716338747912,5.264075300679783,603.9,573.7
2026-05-16 17:45:00,-0.895801278104142,5.2631578947368585,604.0,573.8
2026-05-16 18:00:00,-0.9209738839850405,5.226480836236935,604.0,574.0
2026-05-16 18:15:00,-0.8473186724425233,5.3337981523444045,604.3,573.7
2026-05-16 18:30:00,-0.9065070961038767,5.247559274755931,603.7,573.6
2026-05-16 18:45:00,-0.9184724221035651,5.230125523012563,603.6,573.6
2026-05-17 09:45:00,-0.956226059183627,5.175117616309466,603.6,573.9
2026-05-17 10:00:00,-0.8763094874581826,5.291557876414266,604.9,574.5
2026-05-17 10:15:00,-0.841746096413538,5.341917522185469,605.4,574.7
2026-05-17 10:30:00,-0.7787894314363103,5.433646812957149,605.4,574.2
2026-05-17 10:45:00,-0.839831233534547,5.344707520891379,605.1,574.4
2026-05-17 11:00:00,-0.8291635287038487,5.360250609119377,605.4,574.6
2026-05-17 11:15:00,-0.8159339111340529,5.379526462395545,605.3,574.4
2026-05-17 11:30:00,-0.8020496542333626,5.399756140045287,605.1,574.1
2026-05-17 11:45:00,-0.7894470182573905,5.418118466898969,605.1,574.0
2026-05-17 12:00:00,-0.8146479005764564,5.381400208986409,605.1,574.2
2026-05-17 12:15:00,-0.776189723670129,5.437434646218198,605.0,573.8
2026-05-17 12:30:00,-0.9108969519076974,5.241163155145401,604.4,574.3
2026-05-17 12:45:00,-0.9108969519076974,5.241163155145401,604.4,574.3
2026-05-17 13:00:00,-0.9115232007360596,5.240250696378834,604.5,574.4
2026-05-17 13:15:00,-0.862459192763313,5.311738070358762,604.7,574.2
2026-05-17 13:30:00,-0.8863648388567488,5.276907001044928,604.5,574.2
2026-05-17 13:45:00,-0.8120731900003314,5.385151620773798,604.7,573.8
2026-05-17 14:00:00,-0.8863648388567488,5.276907001044928,604.5,574.2
2026-05-17 14:15:00,-0.862459192763313,5.311738070358762,604.7,574.2
2026-05-17 14:30:00,-0.7616168893611608,5.458667596791078,604.7,573.4
2026-05-17 14:45:00,-0.847956656330549,5.332868595329376,604.4,573.8
2026-05-17 15:00:00,-0.8366353466304974,5.349364000696988,604.6,573.9
2026-05-17 15:15:00,-0.7868538361069483,5.421896792189673,604.7,573.6
2026-05-17 15:30:00,-0.8372749694310869,5.3484320557491305,604.7,574.0
2026-05-17 15:45:00,-0.7276862688618219,5.508105281506004,605.3,573.7
2026-05-17 16:00:00,-0.7862049753596175,5.422842197035749,604.6,573.5
2026-05-17 16:15:00,-0.7881508791135349,5.420006971070057,604.9,573.8
2026-05-17 16:30:00,-0.7855558882918298,5.423787931635871,604.5,573.4
2026-05-17 16:45:00,-0.7622701506223167,5.457715780296413,604.8,573.5
2026-05-17 17:00:00,-0.7981723877282833,5.405405405405395,604.5,573.5
2026-05-17 17:15:00,-0.8687076858159779,5.302633874062468,603.7,573.3
2026-05-17 17:30:00,-0.8321517380946226,5.3558967201674745,603.9,573.2
2026-05-17 17:45:00,-0.8056206812153958,5.394553072625707,603.7,572.8
2026-05-17 18:00:00,-0.8308686949937748,5.357766143106457,603.7,573.0
2026-05-17 18:15:00,-0.8434860936085464,5.339382306752749,603.7,573.1
2026-05-17 18:30:00,-0.7829572744463024,5.427574171029681,604.1,573.0
2026-05-17 18:45:00,-0.9096437997494986,5.242989026302047,604.2,574.1
2026-05-18 06:45:00,-0.6944555087172279,5.556523253788526,606.0,574.1
2026-05-18 07:00:00,-0.7130770510444594,5.529391243676973,605.0,573.3
2026-05-18 07:15:00,-0.7700915532422359,5.446319819036005,606.0,574.7
2026-05-18 07:30:00,-0.8272417595796981,5.363050670381342,605.1,574.3
2026-05-18 07:45:00,-0.6931264915667511,5.558459661962001,605.8,573.9
2026-05-18 08:00:00,-0.7097643824245543,5.534217877094982,604.5,572.8
2026-05-18 08:15:00,-0.8075587982320523,5.39172919211306,604.0,573.1
2026-05-18 08:30:00,-0.7503027382536511,5.475152571926767,604.9,573.5
2026-05-18 08:45:00,-0.8385535466698917,5.346569139672575,604.9,574.2
2026-05-18 09:00:00,-0.8597985976000987,5.31561461794019,602.3,571.9
2026-05-18 09:15:00,-0.8604364073246442,5.314685314685308,602.4,572.0
2026-05-18 09:30:00,-0.813087201604965,5.383674182835163,602.9,572.1
2026-05-18 09:45:00,-0.9128313569387042,5.238344683080154,602.7,572.7
2026-05-18 10:00:00,-0.7384713905699591,5.492391114220752,603.1,571.7
2026-05-18 10:15:00,-0.7519694853893788,5.472724083494107,601.3,570.1
2026-05-18 10:30:00,-0.7378119086190433,5.493351994401685,603.0,571.6
2026-05-18 10:45:00,-0.6817923350799322,5.574973785389714,604.1,572.2
2026-05-18 11:00:00,-0.5779619715871511,5.72625698324023,605.6,572.8
2026-05-18 11:15:00,-0.6043669093359777,5.687784389219464,603.9,571.4
2026-05-18 11:30:00,-0.5600414499261539,5.752367590319185,603.0,570.2
2026-05-18 11:45:00,-0.528989709309612,5.797610681658472,602.2,569.2
2026-05-18 12:00:00,-0.7714590383770961,5.444327362135581,600.4,569.4
2026-05-18 12:15:00,-0.6904362776082749,5.56237936480084,601.6,569.9
2026-05-18 12:30:00,-0.6878011469770445,5.566218809980805,605.0,573.1
2026-05-18 12:45:00,-0.685829501691845,5.569091541942228,606.6,574.6
2026-05-18 13:00:00,-0.5701048979157785,5.737704918032782,606.3,573.4
2026-05-18 13:15:00,-0.6039707910985447,5.688361542488218,605.7,573.1
2026-05-18 13:30:00,-0.5024793112152728,5.836236933797911,607.5,574.0
2026-05-18 13:45:00,-0.5123479424165837,5.821858113996847,607.1,573.7
2026-05-18 14:00:00,-0.5486970685505707,5.76889661164206,608.7,575.5
2026-05-18 14:15:00,-0.46873191880195997,5.885407651029939,611.7,577.7
2026-05-18 14:30:00,-0.44764610897138346,5.916130154863408,608.7,574.7
2026-05-18 14:45:00,-0.44976459111731737,5.913043478260871,609.0,575.0
2026-05-18 15:00:00,-0.5491536087944656,5.76823142213756,610.6,577.3
2026-05-18 15:15:00,-0.4183785855350514,5.958773601247192,611.7,577.3
2026-05-18 15:30:00,-0.3915154710878697,5.997913769123775,609.7,575.2
2026-05-18 15:45:00,-0.35101444848672825,6.056924678930931,611.1,576.2
2026-05-18 16:00:00,-0.338047444286352,6.075817898563263,612.8,577.7
2026-05-18 16:15:00,-0.2973040319385478,6.13518197573657,612.4,577.0
2026-05-18 16:30:00,-0.27366736718787055,6.169621133124781,610.9,575.4
2026-05-18 16:45:00,-0.2430722431088958,6.214198923797953,611.9,576.1
2026-05-18 17:00:00,-0.238569881274699,6.2207589672500285,613.0,577.1
2026-05-18 17:15:00,-0.11991562106648823,6.39364091930188,615.7,578.7
2026-05-18 17:30:00,-0.1365345574102283,6.369426751592355,617.9,580.9
2026-05-18 17:45:00,-0.20158672536623368,6.2746442653865975,619.9,583.3
2026-05-18 18:00:00,-0.24266950217825323,6.214785726481131,622.1,585.7
2026-05-18 18:15:00,-0.20236913724806446,6.273504273504282,621.7,585.0
2026-05-18 18:30:00,-0.14614314662019998,6.355426818878862,624.2,586.9
2026-05-18 18:45:00,0.007419881042292135,6.579171637975101,625.3,586.7
2026-05-18 19:00:00,-0.043461226801424856,6.505036708212386,623.8,585.7
2026-05-18 19:15:00,-0.09669196063712235,6.427478320013602,625.9,588.1
2026-05-18 19:30:00,-0.10911026872886266,6.409384563073783,625.9,588.2
2026-05-18 19:45:00,-0.1572629471183127,6.339225016995242,625.7,588.4
2026-05-18 20:00:00,-0.10461847844300937,6.415929203539816,625.3,587.6
2026-05-18 20:15:00,-0.11106062322563415,6.406542852274666,624.5,586.9
2026-05-18 20:30:00,-0.19806042525612721,6.279782164737924,624.5,587.6
2026-05-18 20:45:00,-0.1739623436109764,6.314893617021289,624.6,587.5
2026-05-18 21:00:00,-0.1381718366853635,6.367041198501866,624.8,587.4
2026-05-18 21:15:00,-0.1871155383857092,6.295729113493276,624.7,587.7
2026-05-18 21:30:00,-0.15652339123272196,6.340302566717671,625.6,588.3
2026-05-18 21:45:00,-0.1689273097855886,6.322229775662813,625.6,588.4
2026-05-18 22:00:00,-0.12499525175604612,6.386239782016356,624.7,587.2
2026-05-18 22:15:00,-0.029201401971626902,6.5258135968649045,625.2,586.9
2026-05-18 22:30:00,-0.06428392536620797,6.474697563469078,624.9,586.9
2026-05-18 22:45:00,-0.0510709234014113,6.493949207431382,624.8,586.7
2026-05-18 23:00:00,-0.06125321007437528,6.479113384484236,624.5,586.5
2026-05-18 23:15:00,-0.0993664487607738,6.423581530073275,624.6,586.9
2026-05-18 23:30:00,0.0058811214229236835,6.576929630260686,625.5,586.9
2026-05-19 06:45:00,0.12203395753860743,6.746166950596266,626.6,587.0
2026-05-19 07:00:00,-0.23085016175743445,6.232006773920396,627.3,590.5
2026-05-19 07:15:00,-0.2039599379998413,6.271186440677967,627.0,590.0
2026-05-19 07:30:00,-0.2818074728801988,6.157760814249347,625.8,589.5
2026-05-19 07:45:00,-0.1470809057685959,6.354060482500845,626.0,588.6
2026-05-19 08:00:00,-0.26728733013179373,6.178916992021732,625.5,589.1
2026-05-19 08:15:00,-0.359082764618151,6.0451689590762525,624.5,588.9
2026-05-19 08:30:00,-0.25130129660834394,6.202209005947323,625.0,588.5
2026-05-19 08:45:00,-0.3982334439306449,5.988125530110255,624.8,589.5
2026-05-19 09:00:00,-0.3816909902314442,6.012228260869579,624.2,588.8
2026-05-19 09:15:00,-0.4262370058714985,5.947323704333041,623.5,588.5
2026-05-19 09:30:00,-0.3835404625993937,6.009533537623435,622.7,587.4
2026-05-19 09:45:00,-0.4508829737693797,5.9114139693356105,621.7,587.0
2026-05-19 10:00:00,-0.3788858377965238,6.016315431679131,623.8,588.4
2026-05-19 10:15:00,-0.3795874834013209,6.015293118096854,623.9,588.5
2026-05-19 10:30:00,-0.4281936478248728,5.944472832566849,622.0,587.1
2026-05-19 10:45:00,-0.3896156197523096,6.000681895669957,621.8,586.6
2026-05-19 11:00:00,-0.23963891599080336,6.219201359388271,625.1,588.5
2026-05-19 11:15:00,-0.25790825942840406,6.192582511058209,624.2,587.8
2026-05-19 11:30:00,-0.18924048706359012,6.292633015006821,623.3,586.4
2026-05-19 11:45:00,-0.24485315442390063,6.211604095563139,622.4,586.0
2026-05-19 12:00:00,-0.304848375134652,6.124189696349358,622.1,586.2
2026-05-19 12:15:00,-0.33926163361541917,6.074048797133602,621.7,586.1
2026-05-19 12:30:00,-0.38072988013984765,6.013628620102196,622.3,587.0
2026-05-19 12:45:00,-0.4392821521882195,5.928316629862396,623.6,588.7
2026-05-19 13:00:00,-0.5058334475395128,5.831349880992853,622.5,588.2
2026-05-19 13:15:00,-0.41804957907122453,5.95925297113753,624.1,589.0
2026-05-19 13:30:00,-0.35767322242098504,6.0472226940716745,624.3,588.7
2026-05-19 13:45:00,-0.26584709141831264,6.1810154525386185,625.3,588.9
2026-05-19 14:00:00,-0.26728733013179373,6.178916992021732,625.5,589.1
2026-05-19 14:15:00,-0.2810904279617711,6.15880556498134,625.7,589.4
2026-05-19 14:30:00,-0.28092098071483795,6.159052453468683,627.4,591.0
2026-05-19 14:45:00,-0.27002503067373024,6.174928100152255,627.6,591.1
2026-05-19 15:00:00,-0.23591452921713618,6.224627875507438,628.0,591.2
2026-05-19 15:15:00,-0.2192253181660657,6.248944435061654,629.1,592.1
2026-05-19 15:30:00,-0.20250042281367447,6.273312987453372,626.8,589.8
2026-05-19 15:45:00,-0.14782168873381282,6.352981144895531,626.1,588.7
2026-05-19 16:00:00,-0.16449810640460402,6.328683225586951,625.0,587.8
2026-05-19 16:15:00,-0.10806181020003225,6.410912190963347,624.1,586.5
2026-05-19 16:30:00,-0.12450485165746882,6.386954306098169,626.3,588.7
2026-05-19 16:45:00,-0.06016838752510889,6.480693995577491,626.0,587.9
2026-05-19 17:00:00,-0.16685434860613116,6.325250127183302,627.0,589.7
2026-05-19 17:15:00,-0.17053209841415795,6.319891562182312,627.5,590.2
2026-05-19 17:30:00,-0.09552591919947288,6.429177268871911,627.4,589.5
2026-05-19 17:45:00,-0.1086611063352752,6.410039002882817,627.5,589.7
2026-05-19 18:00:00,-0.07224072498937452,6.463104325699742,627.6,589.5
2026-05-19 18:15:00,-0.18279694434834406,6.302021403091551,625.8,588.7
2026-05-19 18:30:00,-0.20534714606597126,6.269165247018727,623.8,587.0
2026-05-19 18:45:00,-0.20681265120082698,6.267029972752036,624.0,587.2
2026-05-19 19:00:00,-0.23091744899398772,6.2319087348884805,623.9,587.3
2026-05-19 19:15:00,-0.2133950892449128,6.257439211018534,624.9,588.1
2026-05-19 19:30:00,-0.1885855008567451,6.293587344786533,624.9,587.9
2026-05-19 19:45:00,-0.1885855008567451,6.293587344786533,624.9,587.9
2026-05-19 20:00:00,-0.19806042525612721,6.279782164737924,624.5,587.6
2026-05-19 20:15:00,-0.17027059925119062,6.320272572402041,624.1,587.0
2026-05-19 20:30:00,-0.11031130325311261,6.407634628493519,624.4,586.8
2026-05-19 20:45:00,-0.10011750562162812,6.422487223168671,624.7,587.0
2026-05-19 21:00:00,-0.08767227429591344,6.440620207871883,624.7,586.9
2026-05-19 21:15:00,-0.1140553513705576,6.402179465349911,624.9,587.3
2026-05-19 21:30:00,-0.02691081103060937,6.52915103989089,624.9,586.6
2026-05-19 21:45:00,-0.06276908429014284,6.476904721322652,624.7,586.7
2026-05-19 22:00:00,-0.11180968789322188,6.4054514480409,624.6,587.0
2026-05-19 22:15:00,-0.07446724517888963,6.459860235213899,624.6,586.7
2026-05-19 22:30:00,-0.0993664487607738,6.423581530073275,624.6,586.9
2026-05-19 22:45:00,-0.0993664487607738,6.423581530073275,624.6,586.9
2026-05-19 23:00:00,-0.07446724517888963,6.459860235213899,624.6,586.7
2026-05-19 23:15:00,-0.00043676505441697053,6.567724326168545,624.7,586.2
2026-05-19 23:30:00,-0.07597809983106832,6.45765888567047,624.8,586.9
2026-05-20 06:45:00,0.0557682902397595,6.649616368286448,625.5,586.5
2026-05-20 07:00:00,-0.2170393283375504,6.252129471890977,623.7,587.0
2026-05-20 07:15:00,-0.20608002344220813,6.268097428036112,623.9,587.1
2026-05-20 07:30:00,-0.004647041471167924,6.561589857803662,622.0,583.7
2026-05-20 07:45:00,-0.04756367591757775,6.499059346673497,622.7,584.7
2026-05-20 08:00:00,-0.23237350100183127,6.22978723404255,624.1,587.5
2026-05-20 08:15:00,-0.21047205018909096,6.261698145312233,624.5,587.7
2026-05-20 08:30:00,-0.19732680656732443,6.280851063829784,624.4,587.5
2026-05-20 08:45:00,-0.1622801121328176,6.331914893617019,624.7,587.5
2026-05-20 09:00:00,-0.29457779767207193,6.139154160982274,622.4,586.4
2026-05-20 09:15:00,-0.27116950642574433,6.173260572987727,622.6,586.4
2026-05-20 09:30:00,-0.2624813983281746,6.1859193438140725,621.4,585.2
2026-05-20 09:45:00,-0.2846752157735606,6.153582447720263,619.3,583.4
2026-05-20 10:00:00,-0.1622539097502803,6.331953071083496,616.3,579.6
2026-05-20 10:15:00,-0.18081471194572404,6.304909560723515,617.1,580.5
2026-05-20 10:30:00,-0.1390098607206577,6.365820178448867,619.9,582.8
2026-05-20 10:45:00,-0.10336443992762345,6.417756366139016,618.5,581.2
2026-05-20 11:00:00,-0.19473592385896404,6.284626038781149,613.9,577.6
2026-05-20 11:15:00,-0.13305126205993598,6.374501992031889,614.1,577.3
2026-05-20 11:30:00,-0.034842741464739396,6.51759403709482,614.5,576.9
2026-05-20 11:45:00,-0.019055224577680198,6.540596807772392,614.1,576.4
2026-05-20 12:00:00,0.029161360942814657,6.610849467992352,611.2,573.3
2026-05-20 12:15:00,-0.164051439875647,6.329334028864531,611.5,575.1
2026-05-20 12:30:00,-0.0454862311551524,6.502086230876203,612.6,575.2
2026-05-20 12:45:00,-0.024980825505656862,6.531963072635438,611.6,574.1
2026-05-20 13:00:00,-0.00010922198670045237,6.568201563857512,613.3,575.5
2026-05-20 13:15:00,0.011031352880251703,6.584433634468367,613.5,575.6
2026-05-20 13:30:00,0.05555496979646569,6.64930555555554,614.3,576.0
2026-05-20 13:45:00,0.07303775899810443,6.674778376499235,613.7,575.3
2026-05-20 14:00:00,0.06747044027116994,6.666666666666665,614.4,576.0
2026-05-20 14:15:00,0.0611077902975501,6.6573961411437566,613.6,575.3
2026-05-20 14:30:00,0.13412764034604815,6.763787721123826,615.6,576.6
2026-05-20 14:45:00,0.1262432243379821,6.7522999479257,615.0,576.1
2026-05-20 15:00:00,0.13349441018936706,6.762865090403336,614.1,575.2
2026-05-20 15:15:00,0.09761965913135567,6.710594763308464,615.4,576.7
2026-05-20 15:30:00,0.08403990981901664,6.690808760131062,618.7,579.9
2026-05-20 15:45:00,0.15044656627111314,6.787564766839371,618.3,579.0
2026-05-20 16:00:00,0.19738537597311073,6.855955678670367,617.2,577.6
2026-05-20 16:15:00,0.19412900531705718,6.851211072664354,617.6,578.0
2026-05-20 16:30:00,0.20934767010939725,6.873385012919897,620.4,580.5
2026-05-20 16:45:00,0.21422859912348724,6.880496637351263,619.8,579.9
2026-05-20 17:00:00,-0.09644591187437744,6.427836818649291,620.9,583.4
2026-05-20 17:15:00,-0.22873151060914415,6.235093696763205,623.6,587.0
2026-05-20 17:30:00,-0.40360968907700934,5.980292218824324,623.8,588.6
2026-05-20 17:45:00,-0.49409786613546536,5.84844888964231,624.4,589.9
2026-05-20 18:00:00,-0.43561995744562687,5.933652530779754,619.5,584.8
2026-05-20 18:15:00,-0.31709472688466644,6.106346483704983,618.6,583.0
2026-05-20 18:30:00,-0.24353438332376068,6.2135255750085605,618.8,582.6
2026-05-20 18:45:00,0.12882374466485516,6.756059824651883,621.0,581.7
2026-05-20 19:00:00,-0.04556401767508962,6.501972894149932,620.8,582.9
2026-05-20 19:15:00,-0.10292467277420514,6.418397116869734,620.1,582.7
2026-05-20 19:30:00,-0.10896428963690093,6.409597257926314,620.9,583.5
2026-05-20 19:45:00,-0.1264816008449967,6.384074137635132,619.9,582.7
2026-05-20 20:00:00,-0.1352583062287401,6.37128627855057,619.4,582.3
2026-05-20 20:15:00,-0.1174396294857389,6.3972484952708575,618.7,581.5
2026-05-20 20:30:00,-0.21112285082758442,6.260749914000674,617.8,581.4
2026-05-20 20:45:00,-0.1993180503572866,6.277949776401792,617.9,581.4
2026-05-20 21:00:00,-0.28703374091583994,6.150146023020087,617.9,582.1
2026-05-20 21:15:00,-0.28848352160656104,6.14803365962564,618.1,582.3
2026-05-20 21:30:00,-0.3216863686343237,6.099656357388317,617.5,582.0
2026-05-20 21:45:00,-0.3202472542123968,6.101753179786873,617.3,581.8
2026-05-20 22:00:00,-0.3860679217104043,6.0058509722939135,616.0,581.1
2026-05-20 22:15:00,-0.4110997855447475,5.969378978152418,616.0,581.3
2026-05-20 22:30:00,-0.38535845487729586,6.00688468158348,615.9,581.0
2026-05-20 22:45:00,-0.3219708221629704,6.099241902136443,615.8,580.4
2026-05-20 23:00:00,-0.39695523026607715,5.98998791645089,614.0,579.3
2026-05-20 23:15:00,-0.41641255356278245,5.961638154484183,613.2,578.7
2026-05-20 23:30:00,-0.19926511403229702,6.278026905829615,616.2,579.8
2026-05-21 06:45:00,-0.3413136340755767,6.071058985857203,615.0,579.8
2026-05-21 07:00:00,-0.2140648952053908,6.256463288521186,616.5,580.2
2026-05-21 07:15:00,-0.3685581632515599,6.031363088057895,615.3,580.3
2026-05-21 07:30:00,-0.3999996583521363,5.985552115583093,616.2,581.4
2026-05-21 07:45:00,-0.31763888073502505,6.1055536391859455,615.2,579.8
2026-05-21 08:00:00,-0.3768257640863888,6.019317005864111,614.7,579.8
2026-05-21 08:15:00,-0.363558752552567,6.038647342995174,614.6,579.6
2026-05-21 08:30:00,-0.30217448117684026,6.128085620576562,614.8,579.3
2026-05-21 08:45:00,-0.25110987882003555,6.202487906012455,614.7,578.8
2026-05-21 09:00:00,0.022955103737500183,6.601806810284927,613.6,575.6
2026-05-21 09:15:00,0.08816344030932574,6.696816837710906,613.4,574.9
2026-05-21 09:30:00,0.010096889646936055,6.583072100313481,612.0,574.2
2026-05-21 09:45:00,0.045162388983711596,6.634163329270426,612.4,574.3
2026-05-21 10:00:00,0.1572497945416212,6.797477224947457,609.6,570.8
2026-05-21 10:15:00,0.23809196706847924,6.915266106442575,610.7,571.2
2026-05-21 10:30:00,0.15028565587809858,6.78733031674208,613.6,574.6
2026-05-21 10:45:00,0.20799979949797565,6.871421134825617,615.9,576.3
2026-05-21 11:00:00,0.31227542167947037,7.023353084698503,614.1,573.8
2026-05-21 11:15:00,0.36173799771962006,7.095421181405093,612.8,572.2
2026-05-21 11:30:00,0.1262432243379821,6.7522999479257,615.0,576.1
2026-05-21 11:45:00,0.08416949378315776,6.690997566909984,613.9,575.4
2026-05-21 12:00:00,0.08901929739339168,6.698063840920998,611.7,573.3
2026-05-21 12:15:00,0.10974055620299684,6.7282551856370665,612.3,573.7
2026-05-21 12:30:00,0.05006091163571642,6.641300588031829,616.6,578.2
2026-05-21 12:45:00,0.09044320329163025,6.700138504155118,616.3,577.6
2026-05-21 13:00:00,0.16335551476654808,6.806373397991017,616.7,577.4
2026-05-21 13:15:00,0.0998482737460708,6.713841905419393,618.3,579.4
2026-05-21 13:30:00,-0.022784649979690562,6.535162950257289,621.1,583.0
2026-05-21 13:45:00,0.06277034714093617,6.659818524225303,623.0,584.1
2026-05-21 14:00:00,-0.12773180641325488,6.382252559726953,623.4,586.0
2026-05-21 14:15:00,-0.1511560760153688,6.3481228668942125,623.2,586.0
2026-05-21 14:30:00,-0.028683925261160675,6.526567572185216,623.5,585.3
2026-05-21 14:45:00,0.030722249716264357,6.613123718386871,623.9,585.2
2026-05-21 15:00:00,0.11034177526701369,6.729131175468495,626.5,587.0
2026-05-21 15:15:00,0.1511884380249836,6.788645690834483,624.5,584.8
2026-05-21 15:30:00,0.20950496193849288,6.873614190687372,626.6,586.3
2026-05-21 15:45:00,0.1422494500735499,6.775621382362962,627.2,587.4
2026-05-21 16:00:00,0.1440388184939652,6.778228532792441,631.7,591.6
2026-05-21 16:15:00,0.16987318144129648,6.815869786368278,630.0,589.8
2026-05-21 16:30:00,0.31196497947711127,7.022900763358764,630.9,589.5
2026-05-21 16:45:00,0.2892440948205929,6.989795918367348,629.1,588.0
2026-05-21 17:00:00,0.4315656678324426,7.1971616827166685,634.5,591.9
2026-05-21 17:15:00,0.29914338519688716,7.004219409282708,634.0,592.5
2026-05-21 17:30:00,0.07745567253735347,6.681215376867544,635.5,595.7
2026-05-21 17:45:00,0.1411209941912133,6.773977196512404,636.8,596.4
2026-05-21 18:00:00,0.10582367298100993,6.7225481978206325,636.6,596.5
2026-05-21 18:15:00,0.1978714314845863,6.856663872590096,637.4,596.5
2026-05-21 18:30:00,0.2399154401059454,6.917922948073696,638.3,597.0
2026-05-21 18:45:00,0.2982021774712406,7.002848048249311,638.7,596.9
2026-05-21 19:00:00,0.3481548674532316,7.075630252100851,637.1,595.0
2026-05-21 19:15:00,0.26340039306413987,6.952141057934513,636.9,595.5
2026-05-21 19:30:00,0.33906382412618685,7.062384395493515,636.7,594.7
2026-05-21 19:45:00,0.36378383892195887,7.098402018502958,636.7,594.5
2026-05-21 20:00:00,0.3761072471705248,7.116357504215864,635.2,593.0
2026-05-21 20:15:00,0.3752387660424212,7.115092107486887,633.8,591.7
2026-05-21 20:30:00,0.37100562842057644,7.108924329826949,631.3,589.4
2026-05-21 20:45:00,0.33607191111437384,7.0580251102816405,631.0,589.4
2026-05-21 21:00:00,0.35770995989358173,7.089552238805963,631.4,589.6
2026-05-21 21:15:00,0.39512469795621874,7.144066361943446,632.9,590.7
2026-05-21 21:30:00,0.4025870009559536,7.154939106901215,633.5,591.2
2026-05-21 21:45:00,0.41331862935547725,7.170575333220852,635.2,592.7
2026-05-21 22:00:00,0.35286166819246173,7.082488167680867,633.5,591.6
2026-05-21 22:15:00,0.36446293762015425,7.099391480730222,633.6,591.6
2026-05-21 22:30:00,0.4242075088559293,7.186440677966099,632.4,590.0
2026-05-21 22:45:00,0.3934651295284213,7.141648333051287,633.1,590.9
2026-05-21 23:00:00,0.4316540323580364,7.197290431837433,633.0,590.5
2026-05-21 23:15:00,0.5073367602973444,7.307561885384883,632.9,589.8
2026-05-21 23:30:00,0.6979369289481853,7.5852706601052144,634.0,589.3
2026-05-22 06:45:00,0.7480908546300948,7.65834606894209,634.0,588.9
2026-05-22 07:00:00,0.3527633856659534,7.082344967807508,632.0,590.2
2026-05-22 07:15:00,0.3552354149629722,7.085946770639096,631.7,589.9
2026-05-22 07:30:00,0.42080299901790896,7.181480229807358,634.3,591.8
2026-05-22 07:45:00,0.49461375932750035,7.289024184001347,634.4,591.3
2026-05-22 08:00:00,0.3876811274292363,7.133220910623939,635.3,593.0
2026-05-22 08:15:00,0.354693036540339,7.085156512958579,636.3,594.2
2026-05-22 08:30:00,0.3036323406277436,7.010759919300624,636.5,594.8
2026-05-22 08:45:00,0.26148629874252943,6.949352179034163,635.6,594.3
2026-05-22 09:00:00,0.44399769652864945,7.215275430888823,634.5,591.8
2026-05-22 09:15:00,0.5005431172464588,7.297663393159492,633.7,590.6
2026-05-22 09:30:00,0.5124440993831852,7.315003394433117,632.3,589.2
2026-05-22 09:45:00,0.4965486132815809,7.2918433101577085,632.7,589.7
2026-05-22 10:00:00,0.4041553800536235,7.157224270868245,639.3,596.6
2026-05-22 10:15:00,0.4685230454275273,7.251009421265153,637.5,594.4
2026-05-22 10:30:00,0.4372110998495694,7.205387205387193,636.8,594.0
2026-05-22 10:45:00,0.3719925231021249,7.110362257792757,635.7,593.5
2026-05-22 11:00:00,0.32557389934943276,7.042729268704595,633.8,592.1
2026-05-22 11:15:00,0.36446293762015425,7.099391480730222,633.6,591.6
2026-05-22 11:30:00,0.4291457092769355,7.193635748138116,633.3,590.8
2026-05-22 11:45:00,0.4166951548911602,7.175495007615496,633.3,590.9
2026-05-22 12:00:00,0.32214018784198756,7.03772627305026,632.7,591.1
2026-05-22 12:15:00,0.3105291051259874,7.020808661816957,632.6,591.1
2026-05-22 12:30:00,0.22764918491731098,6.900050735667196,632.1,591.3
2026-05-22 12:45:00,0.2252477044878131,6.896551724137923,632.4,591.6
2026-05-22 13:00:00,0.15227405827472124,6.790227464195442,633.8,593.5
2026-05-22 13:15:00,0.27274853373840724,6.965761511216062,634.2,592.9
2026-05-22 13:30:00,0.3066639656181642,7.015177065767286,634.6,593.0
2026-05-22 13:45:00,0.3355292972376057,7.057234509539101,634.1,592.3
2026-05-22 14:00:00,0.28594150614361424,6.984983971655123,634.1,592.7
2026-05-22 14:15:00,0.30747603075354324,7.016360263113519,634.5,592.9
2026-05-22 14:30:00,0.19647859333570455,6.854634475772414,632.9,592.3
2026-05-22 14:45:00,0.2088625276061418,6.872678149273881,632.9,592.2
2026-05-22 15:00:00,0.2232434201354728,6.8936314363143625,631.1,590.4
2026-05-22 15:15:00,0.19426627977339114,6.851411084665071,628.5,588.2
2026-05-22 15:30:00,0.18020678624076453,6.830926083262545,628.7,588.5
2026-05-22 15:45:00,0.10798263411396271,6.725693853226633,626.8,587.3
2026-05-22 16:00:00,0.2474074326081386,6.928838951310867,628.1,587.4
2026-05-22 16:15:00,0.17889794618166344,6.829019073569476,627.3,587.2
2026-05-22 16:30:00,0.23088260678126898,6.904761904761902,628.6,588.0
2026-05-22 16:45:00,0.1353082108264963,6.7655078391274825,626.5,586.8
2026-05-22 17:00:00,0.2511172473824428,6.934244235695997,626.1,585.5
2026-05-22 17:15:00,0.23133061820418258,6.905414667580523,623.9,583.6
2026-05-22 17:30:00,0.2594291613160447,6.946354883081152,622.0,581.6
2026-05-22 17:45:00,0.1618114848543199,6.804123711340204,621.6,582.0
2026-05-22 18:00:00,0.20493303527537873,6.866952789699576,622.5,582.5
2026-05-22 18:15:00,0.19799797935674487,6.856848255714043,621.8,581.9
2026-05-22 18:30:00,0.26239257610833633,6.950672645739919,620.1,579.8
2026-05-22 18:45:00,0.37739589361090636,7.118235091347813,621.5,580.2
2026-05-22 19:00:00,0.3184328665552544,7.032324621733155,622.5,581.6
2026-05-22 19:15:00,0.353835089698768,7.083906464924339,622.8,581.6
2026-05-22 19:30:00,0.3647979923328565,7.099879663056541,623.0,581.7
2026-05-22 19:45:00,0.2991931004211132,7.00429184549356,623.3,582.5
2026-05-22 20:00:00,0.28494208808386284,6.983527796842837,623.5,582.8
2026-05-22 20:15:00,0.2934230655690875,6.995884773662553,624.0,583.2
2026-05-22 20:30:00,0.24471970144291205,6.924922865958183,623.8,583.4
2026-05-22 20:45:00,0.2934230655690875,6.995884773662553,624.0,583.2
2026-05-22 21:00:00,0.2297069796840897,6.903048989379945,624.1,583.8
2026-05-22 21:15:00,0.2297069796840897,6.903048989379945,624.1,583.8
2026-05-22 21:30:00,0.2934230655690875,6.995884773662553,624.0,583.2
2026-05-22 21:45:00,0.32624137746968096,7.0437017994858575,624.6,583.5
2026-05-22 22:00:00,0.3128266553293413,7.024156244646229,624.7,583.7
2026-05-22 22:15:00,0.2969523666745944,7.001027045532338,625.1,584.2
2026-05-22 22:30:00,0.3204488096510465,7.035261896610723,625.3,584.2
2026-05-22 22:45:00,0.33302570212938515,7.053586714603655,625.3,584.1
2026-05-22 23:00:00,0.40773511597897333,7.162440027416039,625.4,583.6
2026-05-22 23:15:00,0.34477593495497716,7.070707070707072,625.4,584.1
2026-05-22 23:30:00,0.45477631538556895,7.230980123372155,625.8,583.6
2026-05-23 09:45:00,0.45477631538556895,7.230980123372155,625.8,583.6
2026-05-23 10:00:00,0.4670400836429571,7.248848712263345,628.8,586.3
2026-05-23 10:15:00,0.4812992032421487,7.269624573378852,628.6,586.0
2026-05-23 10:30:00,0.40432005958033046,7.157464212678932,628.8,586.8
2026-05-23 10:45:00,0.4160162269174583,7.174505794137698,628.9,586.8
2026-05-23 11:00:00,0.41769508353148865,7.17695192635528,628.7,586.6
2026-05-23 11:15:00,0.4410953937715776,7.211046709853375,628.9,586.6
2026-05-23 11:30:00,0.4419392412764104,7.212276214833757,628.8,586.5
2026-05-23 11:45:00,0.5264294831613651,7.3353804162402,629.2,586.2
2026-05-23 12:00:00,0.43276437236743426,7.198908222449663,628.4,586.2
2026-05-23 12:15:00,0.49813714763671285,7.294157840792637,628.1,585.4
2026-05-23 12:30:00,0.4235801077913958,7.185526540365261,628.0,585.9
2026-05-23 12:45:00,0.35163641895585535,7.080702951714724,627.6,586.1
2026-05-23 13:00:00,0.35163641895585535,7.080702951714724,627.6,586.1
2026-05-23 13:15:00,0.4386714333684168,7.2075149444918996,627.7,585.5
2026-05-23 13:30:00,0.4529355029002528,7.228298017771695,627.5,585.2
2026-05-23 13:45:00,0.41522716012016436,7.173356105892403,627.5,585.5
2026-05-23 14:00:00,0.37755743974647005,7.118470467736437,627.5,585.8
2026-05-23 14:15:00,0.37755743974647005,7.118470467736437,627.5,585.8
2026-05-23 14:30:00,0.5424454654833692,7.358716066245496,628.8,585.7
2026-05-23 14:45:00,0.48300264107937,7.272106520996924,628.4,585.8
2026-05-23 15:00:00,0.4478542406350751,7.220894503243436,628.1,585.8
2026-05-23 15:15:00,0.3984769648928911,7.14895069100836,628.0,586.1
2026-05-23 15:30:00,0.4336073743456568,7.200136495478571,628.3,586.1
2026-05-23 15:45:00,0.4461627988389321,7.218430034129675,628.3,586.0
2026-05-23 16:00:00,0.3993142596346738,7.150170648464149,627.9,586.0
2026-05-23 16:15:00,0.4336073743456568,7.200136495478571,628.3,586.1
2026-05-23 16:30:00,0.4210562335181903,7.181849198225843,628.3,586.2
2026-05-23 16:45:00,0.39763995581971895,7.147731149778225,628.1,586.2
2026-05-23 17:00:00,0.40934809466896227,7.164790174002045,628.2,586.2
2026-05-23 17:15:00,0.3850970903733542,7.129455909943716,628.1,586.3
2026-05-23 17:30:00,0.3850970903733542,7.129455909943716,628.1,586.3
2026-05-23 17:45:00,0.29144795520809585,6.9930069930070005,627.3,586.3
2026-05-23 18:00:00,0.328216145987329,7.046579082067894,627.4,586.1
2026-05-23 18:15:00,0.328216145987329,7.046579082067894,627.4,586.1
2026-05-23 18:30:00,0.328216145987329,7.046579082067894,627.4,586.1
2026-05-23 18:45:00,0.28817574237207777,6.9882393045849645,627.7,586.7
2026-05-24 09:45:00,0.42973355638993954,7.194492254733209,622.8,581.0
2026-05-24 10:00:00,0.31180305462040075,7.022664835164827,623.3,582.4
2026-05-24 10:15:00,0.11543537933273636,6.73655267228046,621.1,581.9
2026-05-24 10:30:00,0.24435989886457612,6.924398625429551,622.3,582.0
2026-05-24 10:45:00,0.26106916798385615,6.948744410044716,621.8,581.4
2026-05-24 11:00:00,0.1650232329333214,6.8088033012379645,621.2,581.6
2026-05-24 11:15:00,0.15402408994461952,6.792777300085984,621.0,581.5
2026-05-24 11:30:00,0.16341680685736956,6.806462701959437,621.4,581.8
2026-05-24 11:45:00,0.18378442481562512,6.83613878392304,622.0,582.2
2026-05-24 12:00:00,-0.08510028326382074,6.44436765722185,616.1,578.8
2026-05-24 12:15:00,0.16068760155385733,6.802486187845291,618.6,579.2
2026-05-24 12:30:00,0.11568394526327547,6.736914838486796,617.9,578.9
2026-05-24 12:45:00,0.07694851518010734,6.680476437079252,618.0,579.3
2026-05-24 13:00:00,0.15103475974083946,6.788421778084075,619.8,580.4
2026-05-24 13:15:00,0.2085351627218407,6.872201171202197,620.5,580.6
2026-05-24 13:30:00,0.17307196434040042,6.820530485704457,620.2,580.6
2026-05-24 13:45:00,0.1588394739817518,6.799793423997236,620.4,580.9
2026-05-24 14:00:00,0.2439983611032962,6.923871856699959,620.8,580.6
2026-05-24 14:15:00,0.17065443523744442,6.8170080908934505,620.5,580.9
2026-05-24 14:30:00,0.19509399180179632,6.852617079889822,620.6,580.8
2026-05-24 14:45:00,0.2211707725959124,6.890611541774327,620.5,580.5
2026-05-24 15:00:00,0.1905579283408687,6.846007932402154,619.6,579.9
2026-05-24 15:15:00,0.1448213088072511,6.779368638951167,619.0,579.7
2026-05-24 15:30:00,0.2513760766885934,6.934621355873705,619.9,579.7
2026-05-24 15:45:00,0.21504306942724838,6.881683339082456,619.7,579.8
2026-05-24 16:00:00,0.07694851518010734,6.680476437079252,618.0,579.3
2026-05-24 16:15:00,0.18357685790549313,6.835836354220626,618.9,579.3
2026-05-24 16:30:00,0.18925289135855528,6.844106463878341,618.2,578.6
2026-05-24 16:45:00,0.18925289135855528,6.844106463878341,618.2,578.6
2026-05-24 17:00:00,0.35185740317966996,7.0810249307479145,618.5,577.6
2026-05-24 17:15:00,0.27116244619645685,6.9634505456435125,617.5,577.3
2026-05-24 17:30:00,0.22196921588071314,6.891774891774882,617.3,577.5
2026-05-24 17:45:00,0.30933177510588156,7.01906412478337,617.5,577.0
2026-05-24 18:00:00,0.33228253197147206,7.052503898804363,617.8,577.1
2026-05-24 18:15:00,0.3076625436446374,7.016632016632007,617.7,577.2
2026-05-24 18:30:00,0.24327002958005695,6.922810661128409,617.8,577.8
2026-05-24 18:45:00,0.18387827643517318,6.836275527864322,617.3,577.8
2026-05-25 06:45:00,0.3729838491246882,7.111806642323071,616.0,575.1
2026-05-25 07:00:00,0.36366562719089957,7.098229781325927,617.1,576.2
2026-05-25 07:15:00,0.3662034302031574,7.101927417954501,616.8,575.9
2026-05-25 07:30:00,0.2944554861807607,6.997389033942558,614.7,574.5
2026-05-25 07:45:00,0.16548358925423107,6.809474050853348,613.3,574.2
2026-05-25 08:00:00,0.09777731584494499,6.710824472720933,612.2,573.7
2026-05-25 08:15:00,0.20709025123882416,6.870095902353968,612.9,573.5
2026-05-25 08:30:00,0.12412607107377453,6.749215207534021,612.1,573.4
2026-05-25 08:45:00,0.28783360701859095,6.987740805604203,610.9,571.0
2026-05-25 09:00:00,0.22153173612263127,6.8911374738311215,612.7,573.2
2026-05-25 09:15:00,0.34224181163541856,7.067014795474336,615.1,574.5
2026-05-25 09:30:00,0.263279603984577,6.951965065502175,612.3,572.5
2026-05-25 09:45:00,0.21945518254979768,6.888111888111892,611.4,572.0
2026-05-25 10:00:00,0.30849909608971,7.01785089254463,611.5,571.4
2026-05-25 10:15:00,0.35748637538703465,7.089226471101773,613.3,572.7
2026-05-25 10:30:00,0.38487209026702585,7.129128079678493,613.1,572.3
2026-05-25 10:45:00,0.4183259742487356,7.1778711484593805,612.2,571.2
2026-05-25 11:00:00,0.3188209944973274,7.03289013296009,611.8,571.6
2026-05-25 11:15:00,0.3377487946667628,7.060468367703598,612.6,572.2
2026-05-25 11:30:00,0.2895140218150328,6.99018920812895,610.7,570.8
2026-05-25 11:45:00,0.30512968768251186,7.012941587967836,611.9,571.8
2026-05-25 12:00:00,0.400265985222301,7.151557334261338,615.8,574.7
2026-05-25 12:15:00,0.4164388820262276,7.175121612230706,616.9,575.6
2026-05-25 12:30:00,0.4513485260593521,7.225985756470377,617.3,575.7
2026-05-25 12:45:00,0.49256424766122014,7.2860379989541535,615.5,573.7
2026-05-25 13:00:00,0.5323050485569436,7.343941248470021,613.9,571.9
2026-05-25 13:15:00,0.5589648361146976,7.382785164450656,613.8,571.6
2026-05-25 13:30:00,0.5050681284138318,7.304256437204426,612.6,570.9
2026-05-25 13:45:00,0.6370031526234324,7.49648876404494,612.3,569.6
2026-05-25 14:00:00,0.6457201091261069,7.509189567652741,614.2,571.3
2026-05-25 14:15:00,0.6181039850762267,7.468952247682337,614.4,571.7
2026-05-25 14:30:00,0.6057221556273764,7.450911640953728,612.9,570.4
2026-05-25 14:45:00,0.6315891855508505,7.488600491055752,612.9,570.2
2026-05-25 15:00:00,0.48517457208502957,7.275271073802036,613.4,571.8
2026-05-25 15:15:00,0.5687683355805851,7.397069085833907,615.6,573.2
2026-05-25 15:30:00,0.559369147037095,7.383374254647479,612.3,570.2
2026-05-25 15:45:00,0.5077038478409502,7.308096740273373,612.3,570.6
2026-05-25 16:00:00,0.5448209838938307,7.362177250523372,615.4,573.2
2026-05-25 16:15:00,0.6376138328275553,7.497378538972388,615.1,572.2
2026-05-25 16:30:00,0.21517324277836128,6.881873004611583,602.6,563.8
2026-05-25 16:45:00,0.2035849222155103,6.864988558352403,607.1,568.1
2026-05-25 17:00:00,0.32045089156166023,7.035264930001772,604.0,564.3
2026-05-25 17:15:00,0.22986762438058458,6.903283052351372,602.4,563.5
2026-05-25 17:30:00,0.3074350107948696,7.016300496102068,604.0,564.4
2026-05-25 17:45:00,0.3543534360997418,7.084661707403472,604.6,564.6
2026-05-25 18:00:00,0.23699499237488972,6.913667789399036,603.1,564.1
2026-05-25 18:15:00,0.11532665354446409,6.736394256337519,602.1,564.1
2026-05-25 18:30:00,0.11833669432512021,6.740779954120324,604.9,566.7
2026-05-25 18:45:00,0.2047770444349943,6.866725507502203,605.4,566.5
2026-05-25 19:00:00,0.18520553662178044,6.838209376101534,606.2,567.4
2026-05-25 19:15:00,0.23068061399202208,6.904467596680219,605.4,566.3
2026-05-25 19:30:00,0.18468835476429024,6.837455830388706,604.7,566.0
2026-05-25 19:45:00,0.2181255231503724,6.886174544167112,603.8,564.9
2026-05-25 20:00:00,0.2093976797075117,6.87345787804019,606.4,567.4
2026-05-25 20:15:00,0.17146000077759382,6.818181818181812,606.3,567.6
2026-05-25 20:30:00,0.17889175867509077,6.829010058231866,605.4,566.7
2026-05-25 20:45:00,0.1943219119254923,6.851492141974225,605.1,566.3
2026-05-25 21:00:00,0.23486826937907704,6.910569105691056,604.9,565.8
2026-05-25 21:15:00,0.1943219119254923,6.851492141974225,605.1,566.3
2026-05-25 21:30:00,0.38475541101500493,7.128958075358227,605.6,565.3
2026-05-25 21:45:00,0.26872633585647643,6.959901077548136,605.5,566.1
2026-05-25 22:00:00,0.27548635221293294,6.9697505749160005,604.7,565.3
2026-05-25 22:15:00,0.28762735874648465,6.987440297187342,604.8,565.3
2026-05-25 22:30:00,0.22063678550167606,6.889833510449872,603.5,564.6
2026-05-25 22:45:00,0.14440430981397914,6.778761061946903,603.3,565.0
2026-05-25 23:00:00,0.09255741595754802,6.703218960028301,603.3,565.4
2026-05-25 23:15:00,0.09255741595754802,6.703218960028301,603.3,565.4
2026-05-25 23:30:00,0.23027512660836844,6.903876792352626,603.9,564.9
2026-05-26 06:45:00,0.6424498863279409,7.504424778761054,607.4,565.0
2026-05-26 07:00:00,0.12376004420083936,6.748681898066788,607.4,569.0
2026-05-26 07:15:00,0.11563402618993325,6.736842105263152,608.4,570.0
2026-05-26 07:30:00,0.02885828278355294,6.610407876230662,606.4,568.8
2026-05-26 07:45:00,0.005519212735421834,6.576402321083164,606.1,568.7
2026-05-26 08:00:00,0.14788416017069114,6.783831282952546,607.6,569.0
2026-05-26 08:15:00,0.02806079139582513,6.609245913165762,606.5,568.9
2026-05-26 08:30:00,0.141542187751385,6.77459088509591,606.8,568.3
2026-05-26 08:45:00,0.09882628033952376,6.712352837814084,607.3,569.1
2026-05-26 09:00:00,0.045728166796743026,6.634987680394211,605.9,568.2
2026-05-26 09:15:00,0.029556051849577665,6.611424541607902,604.7,567.2
2026-05-26 09:30:00,0.10306516960999992,6.718528995756712,603.6,565.6
2026-05-26 09:45:00,0.06827969755138945,6.667845772904157,603.1,565.4
2026-05-26 10:00:00,0.15655176289967623,6.796460176991137,603.4,565.0
2026-05-26 10:15:00,0.12420876557848658,6.7493356953055805,602.6,564.5
2026-05-26 10:30:00,0.08366704438544796,6.690265486725666,602.8,565.0
2026-05-26 10:45:00,0.04803107473836716,6.63834306956983,602.4,564.9
2026-05-26 11:00:00,-0.05837940112756322,6.483300589390972,596.2,559.9
2026-05-26 11:15:00,-0.08646686189582434,6.442376521116677,594.8,558.8
2026-05-26 11:30:00,0.10828703850741933,6.726137377341668,598.2,560.5
2026-05-26 11:45:00,0.16477017915817885,6.808434596140112,597.7,559.6
2026-05-26 12:00:00,0.19282771868988108,6.849315068493156,600.6,562.1
2026-05-26 12:15:00,0.2635417951093871,6.952347083926025,601.5,562.4
2026-05-26 12:30:00,0.3821300958836546,7.125132931584521,604.4,564.2
2026-05-26 12:45:00,0.3847317275477424,7.128923568008516,604.1,563.9
2026-05-26 13:00:00,0.3594397075586688,7.092072520440795,602.5,562.6
2026-05-26 13:15:00,0.3873188003346873,7.132692991817846,602.3,562.2
2026-05-26 13:30:00,0.4301806802378839,7.19514372433494,600.4,560.1
2026-05-26 13:45:00,0.42144741128571167,7.182419153117725,599.9,559.7
2026-05-26 14:00:00,0.40655068577963616,7.160714285714298,600.1,560.0
2026-05-26 14:15:00,0.42144741128571167,7.182419153117725,599.9,559.7
2026-05-26 14:30:00,0.4718886706027774,7.255913213587073,603.1,562.3
2026-05-26 14:45:00,0.482319460318148,7.271111111111117,603.4,562.5
2026-05-26 15:00:00,0.42482008459461873,7.187333214730463,602.5,562.1
2026-05-26 15:15:00,0.5102909562437519,7.311866215975815,603.2,562.1
2026-05-26 15:30:00,0.4248963026003723,7.187444266095944,601.0,560.7
2026-05-26 15:45:00,0.4834286822968808,7.272727272727275,601.8,561.0
2026-05-26 16:00:00,0.46233471450732566,7.241992882562287,602.7,562.0
2026-05-26 16:15:00,0.49897160593129464,7.295373665480431,603.0,562.0
2026-05-26 16:30:00,0.4605665163797666,7.239416577730329,602.9,562.2
2026-05-26 16:45:00,0.4482242675619007,7.221433640880037,604.3,563.6
2026-05-26 17:00:00,0.4916121925529537,7.284650833037909,605.3,564.2
2026-05-26 17:15:00,0.5091467275586398,7.310199048793375,609.2,567.7
2026-05-26 17:30:00,0.2938222751544252,6.996466431095416,605.6,566.0
2026-05-26 17:45:00,0.2808501849881188,6.977565801095209,605.6,566.1
2026-05-26 18:00:00,0.25491974870303685,6.939784566484208,605.6,566.3
2026-05-26 18:15:00,0.3025485357380417,7.009180790960468,606.1,566.4
2026-05-26 18:30:00,0.21605841800855546,6.88316272502647,605.6,566.6
2026-05-26 18:45:00,0.27493585138737814,6.968948482709947,606.3,566.8
2026-05-26 19:00:00,0.29187284173227657,6.993626062322944,604.3,564.8
2026-05-26 19:15:00,0.33261341325833393,7.052986000354444,604.1,564.3
2026-05-26 19:30:00,0.4457151350198897,7.21777777777779,603.1,562.5
2026-05-26 19:45:00,0.49808083172244266,7.294075787226473,603.1,562.1
2026-05-26 20:00:00,0.3491916275454869,7.077140835102624,605.2,565.2
2026-05-26 20:15:00,0.3665782220811875,7.102473498233231,606.2,566.0
2026-05-26 20:30:00,0.28508367191085693,6.983734087694482,605.1,565.6
2026-05-26 20:45:00,0.2774687760511366,6.972639011473958,606.0,566.5
2026-05-26 21:00:00,0.24820066569020416,6.9299947099277,606.4,567.1
2026-05-26 21:15:00,0.16678074580508448,6.81136403740954,605.3,566.7
2026-05-26 21:30:00,0.1733894766307835,6.820993108323026,604.5,565.9
2026-05-26 21:45:00,0.14666559832551054,6.782055810667598,604.6,566.2
2026-05-26 22:00:00,0.0731262383704184,6.67490729295428,604.1,566.3
2026-05-26 22:15:00,0.08281376405927383,6.689022237910347,604.5,566.6
2026-05-26 22:30:00,0.08123024767589235,6.68671501857423,603.1,565.3
2026-05-26 22:45:00,0.10388057816732774,6.719717064544661,603.5,565.5
2026-05-26 23:00:00,0.1623381095051152,6.804891015417347,602.7,564.3
2026-05-26 23:15:00,0.13078287093606514,6.758914316125586,601.8,563.7
2026-05-26 23:30:00,0.1615106098007273,6.803685329553511,602.8,564.4
2026-05-27 07:00:00,0.23699499237488972,6.913667789399036,603.1,564.1
2026-05-27 07:15:00,0.12256814968061695,6.746945280679984,602.8,564.7
2026-05-27 07:30:00,0.22063678550167606,6.889833510449872,603.5,564.6
2026-05-27 07:45:00,0.2542272019969953,6.938775510204076,602.6,563.5
2026-05-27 08:00:00,0.24747576138170935,6.928938507885873,603.4,564.3
2026-05-27 08:15:00,0.2788735404403678,6.974685785094703,604.3,564.9
2026-05-27 08:30:00,0.24747576138170935,6.928938507885873,603.4,564.3
2026-05-27 08:45:00,0.29782916179011015,7.002304555929806,603.6,564.1
2026-05-27 09:00:00,0.3238759819064548,7.040255364426318,603.6,563.9
2026-05-27 09:15:00,0.3065819540662912,7.015057573073524,604.1,564.5
2026-05-27 09:30:00,0.3916829645565163,7.139051678209896,603.3,563.1
2026-05-27 09:45:00,0.38296889006070045,7.126355073751545,602.8,562.7
2026-05-27 10:00:00,0.36203663620687404,7.095856304463832,602.2,562.3
2026-05-27 10:15:00,0.2939258976531539,6.996617411429584,601.0,561.7
2026-05-27 10:30:00,0.24759058390573851,6.929105806911284,600.3,561.4
2026-05-27 10:45:00,0.13921804866050197,6.77120456165361,599.2,561.2
2026-05-27 11:00:00,0.26341278362999476,6.952159111270384,596.9,558.1
2026-05-27 11:15:00,0.19299630029074719,6.849560695714518,595.9,557.7
2026-05-27 11:30:00,0.09842478336654564,6.7117678476054765,599.4,561.7
2026-05-27 11:45:00,0.10785473561347123,6.725507502206529,604.6,566.5
2026-05-27 12:00:00,0.1402907160634703,6.772767462422635,603.8,565.5
2026-05-27 12:15:00,0.1966679123548073,6.854910317883145,601.7,563.1
2026-05-27 12:30:00,0.08045299934131962,6.685582550097546,601.6,563.9
2026-05-27 12:45:00,0.08610643021848403,6.693819727288819,602.5,564.7
2026-05-27 13:00:00,0.11860740350051421,6.7411743835373406,601.7,563.7
2026-05-27 13:15:00,0.10243547465505319,6.717611515905442,600.5,562.7
2026-05-27 13:30:00,0.11041424319325414,6.729236762882951,602.7,564.7
2026-05-27 13:45:00,0.10152550102182283,6.716285663654098,602.2,564.3
2026-05-27 14:00:00,0.21896231418174744,6.8873937677053965,603.7,564.8
2026-05-27 14:15:00,0.23526177626460862,6.911142454160779,606.4,567.2
2026-05-27 14:30:00,0.08757387024606167,6.695957820738152,607.1,569.0
2026-05-27 14:45:00,0.03932563830634284,6.625659050966615,606.7,569.0
2026-05-27 15:00:00,-0.00020792134737497014,6.568057756647305,605.2,567.9
2026-05-27 15:15:00,-0.020660666318131026,6.538257642693046,602.9,565.9
2026-05-27 15:30:00,0.10632853506762166,6.723283793347479,603.2,565.2
2026-05-27 15:45:00,0.15242742869551273,6.7904509283819525,603.9,565.5
2026-05-27 16:00:00,0.09744476826418877,6.710339943342802,602.7,564.8
2026-05-27 16:15:00,0.04071289253853042,6.627680311890849,601.7,564.3
2026-05-27 16:30:00,0.07234322052919333,6.673766418175364,601.0,563.4
2026-05-27 16:45:00,0.01223579354025701,6.586188531865789,600.4,563.3
2026-05-27 17:00:00,-0.012930433986200748,6.549520766773154,600.3,563.4
2026-05-27 17:15:00,0.04313245802497913,6.631205673758855,601.4,564.0
2026-05-27 17:30:00,0.035881471280371134,6.620640821384316,602.3,564.9
2026-05-27 17:45:00,0.02453424071364442,6.604107648725233,602.1,564.8
2026-05-27 18:00:00,0.17777293380148257,6.827379904979769,607.1,568.3
2026-05-27 18:15:00,0.08196528925411613,6.687785990848294,606.2,568.2
2026-05-27 18:30:00,0.09890914461032595,6.712473572938693,605.7,567.6
2026-05-27 18:45:00,0.27691420298129993,6.971830985915495,607.6,568.0
2026-05-27 19:00:00,0.2006210944645772,6.860670194003515,605.9,567.0
2026-05-27 19:15:00,0.1271759611685183,6.753658966672527,605.4,567.1
2026-05-27 19:30:00,0.18520553662178044,6.838209376101534,606.2,567.4
2026-05-27 19:45:00,0.19813104088634764,6.857042129384827,606.2,567.3
2026-05-27 20:00:00,0.1997907838815359,6.85946041262564,606.0,567.1
2026-05-27 20:15:00,0.1731094650789072,6.820585125132195,606.1,567.4
2026-05-27 20:30:00,0.21439147071143858,6.8807339449541205,605.8,566.8
2026-05-27 20:45:00,0.21605841800855546,6.88316272502647,605.6,566.6
2026-05-27 21:00:00,0.21689233303769231,6.884377758164173,605.5,566.5
2026-05-27 21:15:00,0.2678826769801213,6.95867184740373,605.6,566.2
2026-05-27 21:30:00,0.2047770444349943,6.866725507502203,605.4,566.5
2026-05-27 21:45:00,0.2532381988457558,6.937334510150039,605.8,566.5
2026-05-27 22:00:00,0.2895840646538346,6.990291262135928,606.1,566.5
2026-05-27 22:15:00,0.34318335171107606,7.068386640749247,605.9,565.9
2026-05-27 22:30:00,0.3734779367932597,7.112526539278119,605.4,565.2
2026-05-27 22:45:00,0.3743417747261537,7.113785170766218,605.3,565.1
2026-05-27 23:00:00,0.3856210914171607,7.130219391365888,605.5,565.2
2026-05-27 23:15:00,0.42554214224160786,7.188385269121822,605.4,564.8
2026-05-27 23:30:00,0.47591402755252404,7.261778250088557,605.6,564.6
2026-05-28 06:45:00,0.47591402755252404,7.261778250088557,605.6,564.6
2026-05-28 07:00:00,0.3010807909863032,7.007042253521112,607.8,568.0
2026-05-28 07:15:00,0.2976964482607761,7.002111189303317,608.2,568.4
2026-05-28 07:30:00,0.24484822806009607,6.925110132158574,606.8,567.5
2026-05-28 07:45:00,0.2752299423600298,6.969376979936626,607.8,568.2
2026-05-28 08:00:00,0.39774714300637726,7.147887323943669,608.6,568.0
2026-05-28 08:15:00,0.4210459288721405,7.181834184122504,608.9,568.1
2026-05-28 08:30:00,0.4286973346619176,7.192982456140351,611.0,570.0
2026-05-28 08:45:00,0.40289239692395545,7.155384075762883,611.0,570.2
2026-05-28 09:00:00,0.41497985765975337,7.172995780590741,609.6,568.8
2026-05-28 09:15:00,0.3046909139747583,7.012302284710015,608.9,569.0
2026-05-28 09:30:00,0.2976964482607761,7.002111189303317,608.2,568.4
2026-05-28 09:45:00,0.3710035794020283,7.108921344360386,608.7,568.3
2026-05-28 10:00:00,0.3873705289477216,7.13276836158192,606.8,566.4
2026-05-28 10:15:00,0.3474734592223349,7.0746374248319865,605.4,565.4
2026-05-28 10:30:00,0.11820241171147398,6.740584301302355,606.5,568.2
2026-05-28 10:45:00,0.0537928965295042,6.646738174784583,606.5,568.7
2026-05-28 11:00:00,0.34015822733096507,7.063978965819451,610.8,570.5
2026-05-28 11:15:00,0.3659275902570089,7.101525512887963,610.8,570.3
2026-05-28 11:30:00,0.44223966322097424,7.212713936430304,613.9,572.6
2026-05-28 11:45:00,0.47840397664215434,7.265406162464982,612.7,571.2
2026-05-28 12:00:00,0.4390024161808256,7.207997193967008,611.3,570.2
2026-05-28 12:15:00,0.4338022697496719,7.200420462508772,611.9,570.8
2026-05-28 12:30:00,0.36763746494995925,7.104016839151028,610.6,570.1
2026-05-28 12:45:00,0.38568507010327346,7.130312609764666,610.0,569.4
2026-05-28 13:00:00,0.26682639323078033,6.957132817990153,608.8,569.2
2026-05-28 13:15:00,0.3237199963224715,7.04002808988764,609.7,569.6
2026-05-28 13:30:00,0.34015822733096507,7.063978965819451,610.8,570.5
2026-05-28 13:45:00,0.40373064642317963,7.156605424321949,612.4,571.5
2026-05-28 14:00:00,0.4963023680528851,7.291484525266667,613.6,571.9
2026-05-28 14:15:00,0.4721100906771426,7.2562358276644146,614.9,573.3
2026-05-28 14:30:00,0.3064020675444137,7.014795474325486,614.8,574.5
2026-05-28 14:45:00,0.2944554861807607,6.997389033942558,614.7,574.5
2026-05-28 15:00:00,0.3839920797811003,7.127845884413309,611.7,571.0
2026-05-28 15:15:00,0.4510390892664541,7.225534900035058,611.4,570.2
2026-05-28 15:30:00,0.49980499103805914,7.2965879265092015,613.2,571.5
2026-05-28 15:45:00,0.4286973346619176,7.192982456140351,611.0,570.0
2026-05-28 16:00:00,0.438351269284393,7.207048458149767,608.4,567.5
2026-05-28 16:15:00,0.44259393580667167,7.213230119634062,609.4,568.4
2026-05-28 16:30:00,0.4632450545192632,7.243319268635728,610.0,568.8
2026-05-28 16:45:00,0.49089309832197525,7.283603096410984,609.8,568.4
2026-05-28 17:00:00,0.32251909951994956,7.0382783559710616,606.8,566.9
2026-05-28 17:15:00,0.3216671437313291,7.037037037037042,606.9,567.0
2026-05-28 17:30:00,0.3364777596167978,7.0586164407674845,608.2,568.1
2026-05-28 17:45:00,0.2968511067180631,7.00087950747581,608.3,568.5
2026-05-28 18:00:00,0.39858981884534145,7.1491151217802695,611.5,570.7
2026-05-28 18:15:00,0.34526252118885903,7.071416037901401,610.2,569.9
2026-05-28 18:30:00,0.3469663417060211,7.073898543092838,610.0,569.7
2026-05-28 18:45:00,0.3632889511144716,7.097680955727337,609.6,569.2
2026-05-28 19:00:00,0.3555034202425495,7.086337260418496,609.0,568.7
2026-05-28 19:15:00,0.31421046895918175,7.026172492534699,609.3,569.3
2026-05-28 19:30:00,0.33832187241403566,7.0613033549973725,609.5,569.3
2026-05-28 19:45:00,0.2727057734078694,6.965699208443277,608.1,568.5
2026-05-28 20:00:00,0.3606400936897398,7.093821510297471,608.4,568.1
2026-05-28 20:15:00,0.33477283335191554,7.056132324476505,608.4,568.3
2026-05-28 20:30:00,0.33562514645563635,7.057374164026742,608.3,568.2
2026-05-28 20:45:00,0.36149726099884943,7.09507042253521,608.3,568.0
2026-05-28 21:00:00,0.427126967479169,7.190694395488206,608.2,567.4
2026-05-28 21:15:00,0.376160254196538,7.116434736656685,608.1,567.7
2026-05-28 21:30:00,0.4618300028275138,7.241257506181564,607.2,566.2
2026-05-28 21:45:00,0.43584023935326205,7.203389830508478,607.2,566.4
2026-05-28 22:00:00,0.39429477329136803,7.14285714285714,607.5,567.0
2026-05-28 22:15:00,0.44096750067965484,7.210860366713678,608.1,567.2
2026-05-28 22:30:00,0.4946608762661457,7.289092834451094,607.9,566.6
2026-05-28 22:45:00,0.4946608762661457,7.289092834451094,607.9,566.6
2026-05-28 23:00:00,0.5023525451857125,7.300299770763519,608.5,567.1
2026-05-28 23:15:00,0.5404404222958202,7.355794672781801,608.6,566.9
2026-05-28 23:30:00,0.4193112408021686,7.179306704205546,609.1,568.3
2026-05-29 06:45:00,0.5888673829126719,7.426353854295287,609.0,566.9
2026-05-29 07:00:00,0.4106964170509791,7.166754710336343,608.6,567.9
2026-05-29 07:15:00,0.38132784066404185,7.123964027508367,607.5,567.1
2026-05-29 07:30:00,0.3579809585113562,7.089947089947102,607.2,567.0
2026-05-29 07:45:00,0.4532132638676634,7.228702721809843,606.7,565.8
2026-05-29 08:00:00,0.36485633990380995,7.099964676792636,606.4,566.2
2026-05-29 08:15:00,0.3499412847761186,7.078233102714204,603.6,563.7
2026-05-29 08:30:00,0.3699654184759564,7.107408720311925,604.3,564.2
2026-05-29 08:45:00,0.34133846645348637,7.065698601027082,604.6,564.7
2026-05-29 09:00:00,0.3916829645565163,7.139051678209896,603.3,563.1
2026-05-29 09:15:00,0.3117048327781942,7.022521723709874,603.5,563.9
2026-05-29 09:30:00,0.42554214224160786,7.188385269121822,605.4,564.8
2026-05-29 09:45:00,0.33776581734055244,7.060493170125937,603.5,563.7
2026-05-29 10:00:00,0.27688848016276746,6.971793507184665,603.0,563.7
2026-05-29 10:15:00,0.30271883938160266,7.009428927237149,601.5,562.1
2026-05-29 10:30:00,0.3035748516700963,7.010676156583617,601.4,562.0
2026-05-29 10:45:00,0.3035748516700963,7.010676156583617,601.4,562.0
2026-05-29 11:00:00,0.41256445650367224,7.169476486246662,603.9,563.5
2026-05-29 11:15:00,0.48387142656727,7.273372361185038,604.7,563.7
2026-05-29 11:30:00,0.4160598460817433,7.174569348250759,603.5,563.1
2026-05-29 11:45:00,0.3255903499050015,7.042753237537691,603.4,563.7
2026-05-29 12:00:00,0.34404076662337024,7.069635913750449,605.8,565.8
2026-05-29 12:15:00,0.28481267662206894,6.983339241403752,603.6,564.2
2026-05-29 12:30:00,0.25761011616785184,6.94370449298527,602.2,563.1
2026-05-29 12:45:00,0.2652392735928733,6.954820348630353,601.3,562.2
2026-05-29 13:00:00,0.3506949423121553,7.079331198861616,602.0,562.2
2026-05-29 13:15:00,0.2669379602461426,6.957295373665495,601.1,562.0
2026-05-29 13:30:00,0.2862440695200216,6.985424813366503,601.9,562.6
2026-05-29 13:45:00,0.28368891889388914,6.981701900870507,602.2,562.9
2026-05-29 14:00:00,0.3489670741882864,7.076813655761027,602.2,562.4
2026-05-29 14:15:00,0.2817070780102304,6.978814313690562,600.9,561.7
2026-05-29 14:30:00,0.2706472014737866,6.962699822380114,602.2,563.0
2026-05-29 14:45:00,0.2193657187811919,6.887981537369092,602.1,563.3
2026-05-29 15:00:00,0.2950284128180933,6.998223801065717,602.4,563.0
2026-05-29 15:15:00,0.26608846581769036,6.956057640989144,601.2,562.1
2026-05-29 15:30:00,0.2774472262670608,6.972607612949111,601.4,562.2
2026-05-29 15:45:00,0.3812310897011138,7.12382305915793,603.0,562.9
2026-05-29 16:00:00,0.3466148308083137,7.073386383731206,605.5,565.5
2026-05-29 16:15:00,0.3856210914171607,7.130219391365888,605.5,565.2
2026-05-29 16:30:00,0.41775106513492805,7.177033492822971,604.8,564.3
2026-05-29 16:45:00,0.34120685127584516,7.065506834723956,603.1,563.3
2026-05-29 17:00:00,0.35155933746680884,7.080590642234474,601.9,562.1
2026-05-29 17:15:00,0.3524240402354035,7.081850533807832,601.8,562.0
2026-05-29 17:30:00,0.3074350107948696,7.016300496102068,604.0,564.4
2026-05-29 17:45:00,0.3029463572298166,7.009760425909484,603.0,563.5
2026-05-29 18:00:00,0.4055885434382848,7.159312422470343,604.7,564.3
2026-05-29 18:15:00,0.46834862518415304,7.250755287009047,603.5,562.7
2026-05-29 18:30:00,0.3525280853654626,7.082002129925447,603.3,563.4
2026-05-29 18:45:00,0.4203711828408604,7.180851063829796,604.5,564.0
2026-05-29 19:00:00,0.3525280853654626,7.082002129925447,603.3,563.4
2026-05-29 19:15:00,0.26979855693044247,6.961463328005668,602.3,563.1
2026-05-29 19:30:00,0.3097862599548834,7.019726319530828,602.2,562.7
2026-05-29 19:45:00,0.3228418885393528,7.03874866690366,602.2,562.6
2026-05-29 20:00:00,0.35598144117887526,7.087033747779747,602.9,563.0
2026-05-29 20:15:00,0.29844334252646026,7.003199431212215,602.0,562.6
2026-05-29 20:30:00,0.369904897692854,7.10732054015637,602.8,562.8
2026-05-29 20:45:00,0.382099835492111,7.125088841506755,602.9,562.8
2026-05-29 21:00:00,0.30721901849024663,7.015985790408519,602.5,563.0
2026-05-29 21:15:00,0.3568455469993038,7.088292769586069,602.8,562.9
2026-05-29 21:30:00,0.2664069908052082,6.956521739130439,602.7,563.5
2026-05-29 21:45:00,0.2777374792227621,6.973030518097922,602.9,563.6
2026-05-29 22:00:00,0.25794910380287256,6.944198405668733,603.7,564.5
2026-05-29 22:15:00,0.33347138625286177,7.054236086494137,604.0,564.2
2026-05-29 22:30:00,0.28226552893458184,6.979627989371129,603.9,564.5
2026-05-29 22:45:00,0.29697735402976716,7.001063452676348,603.7,564.2
2026-05-29 23:00:00,0.23699499237488972,6.913667789399036,603.1,564.1
2026-05-29 23:15:00,0.20216449062389483,6.862918957261943,602.6,563.9
2026-05-29 23:30:00,0.12831539588663232,6.755319148936168,602.1,564.0
2026-05-30 09:45:00,0.12831539588663232,6.755319148936168,602.1,564.0
2026-05-30 10:00:00,0.24457766050868504,6.924715909090917,602.2,563.2
2026-05-30 10:15:00,0.1966679123548073,6.854910317883145,601.7,563.1
2026-05-30 10:30:00,0.26979855693044247,6.961463328005668,602.3,563.1
2026-05-30 10:45:00,0.29417543845566946,6.996980998046531,602.5,563.1
2026-05-30 11:00:00,0.1908266269804622,6.846399432422845,602.4,563.8
2026-05-30 11:15:00,0.25761011616785184,6.94370449298527,602.2,563.1
2026-05-30 11:30:00,0.1819807763346891,6.833510827121048,601.9,563.4
2026-05-30 11:45:00,0.19416272697974757,6.851260205892795,602.0,563.4
2026-05-30 12:00:00,0.17146000077759382,6.818181818181812,601.6,563.2
2026-05-30 12:15:00,0.23491783349025394,6.910641321726763,601.8,562.9
2026-05-30 12:30:00,0.15761687504458738,6.798012069577575,601.7,563.4
2026-05-30 12:45:00,0.20885635311741316,6.8726691529035655,601.8,563.1
2026-05-30 13:00:00,0.3420678734834479,7.0667613636363535,603.0,563.2
2026-05-30 13:15:00,0.3029463572298166,7.009760425909484,603.0,563.5
2026-05-30 13:30:00,0.3664404267271501,7.102272727272729,603.2,563.2
2026-05-30 13:45:00,0.33948572365444085,7.062999112688551,603.3,563.5
2026-05-30 14:00:00,0.3516655124626532,7.0807453416149135,603.4,563.5
2026-05-30 14:15:00,0.3655750777747697,7.10101189419492,603.3,563.3
2026-05-30 14:30:00,0.3516655124626532,7.0807453416149135,603.4,563.5
2026-05-30 14:45:00,0.3029463572298166,7.009760425909484,603.0,563.5
2026-05-30 15:00:00,0.38907393730063744,7.135250266240689,603.6,563.4
2026-05-30 15:15:00,0.3281641840753603,7.046503372381974,603.1,563.4
2026-05-30 15:30:00,0.37689198665557894,7.117500887468942,603.5,563.4
2026-05-30 15:45:00,0.3794945237939257,7.121292843189497,603.2,563.1
2026-05-30 16:00:00,0.440436727606955,7.2100870182916,603.7,563.1
2026-05-30 16:15:00,0.37689198665557894,7.117500887468942,603.5,563.4
2026-05-30 16:30:00,0.3664404267271501,7.102272727272729,603.2,563.2
2026-05-30 16:45:00,0.46216564117097303,7.241746538871152,604.2,563.4
2026-05-30 17:00:00,0.39429477329136803,7.14285714285714,604.5,564.2
2026-05-30 17:15:00,0.33347138625286177,7.054236086494137,604.0,564.2
2026-05-30 17:30:00,0.27519138539342775,6.969320801560563,603.2,563.9
2026-05-30 17:45:00,0.3091420314374654,7.018787663948944,603.8,564.2
2026-05-30 18:00:00,0.2743432893637308,6.96808510638296,603.3,564.0
2026-05-30 18:15:00,0.23447281029779815,6.909992912827789,603.4,564.4
2026-05-30 18:30:00,0.3351882449792078,7.056737588652484,603.8,564.0
2026-05-30 18:45:00,0.2231507179884076,6.893496367180596,603.2,564.3
2026-05-31 09:45:00,0.3159822334303018,7.028753993610226,603.0,563.4
2026-05-31 10:00:00,0.27688848016276746,6.971793507184665,603.0,563.7
2026-05-31 10:15:00,0.28821309017201274,6.98829372117773,603.2,563.8
2026-05-31 10:30:00,0.310850262733017,7.021276595744674,603.6,564.0
2026-05-31 10:45:00,0.2743432893637308,6.96808510638296,603.3,564.0
2026-05-31 11:00:00,0.34034613472041875,7.064252751153721,603.2,563.4
2026-05-31 11:15:00,0.3525280853654626,7.082002129925447,603.3,563.4
2026-05-31 11:30:00,0.24952112975192847,6.9319186560566015,604.7,565.5
2026-05-31 11:45:00,0.2164528295580254,6.883737391612099,604.0,565.1
2026-05-31 12:00:00,0.2734954940240098,6.96684984931748,603.4,564.1
2026-05-31 12:15:00,0.2248281584918554,6.895940436092896,603.0,564.1
2026-05-31 12:30:00,0.23699499237488972,6.913667789399036,603.1,564.1
2026-05-31 12:45:00,0.24747576138170935,6.928938507885873,603.4,564.3
2026-05-31 13:00:00,0.28566232790706,6.984577202623643,603.5,564.1
2026-05-31 13:15:00,0.3091420314374654,7.018787663948944,603.8,564.2
2026-05-31 13:30:00,0.1532517119729749,6.791651927838704,603.8,565.4
2026-05-31 13:45:00,0.048082556108953754,6.638418079096042,604.0,566.4
2026-05-31 14:00:00,0.0731262383704184,6.67490729295428,604.1,566.3
2026-05-31 14:15:00,0.04888710365938838,6.639590323150268,603.9,566.3
2026-05-31 14:30:00,0.11274880695925912,6.732638275313674,604.0,565.9
2026-05-31 14:45:00,0.12651489286912596,6.752695775145834,603.9,565.7
2026-05-31 15:00:00,0.04969193540182194,6.640762981278692,603.8,566.2
2026-05-31 15:15:00,0.07474474975015233,6.677265500794904,603.9,566.1
2026-05-31 15:30:00,0.09011762756900855,6.699664132932637,603.6,565.7
2026-05-31 15:45:00,0.13946887007016523,6.771570014144257,603.9,565.6
2026-05-31 16:00:00,0.13946887007016523,6.771570014144257,603.9,565.6
2026-05-31 16:15:00,0.13946887007016523,6.771570014144257,603.9,565.6
2026-05-31 16:30:00,0.1516034368902254,6.789250353606779,604.0,565.6
2026-05-31 16:45:00,0.15077973640253753,6.788050203287965,604.1,565.7
2026-05-31 17:00:00,0.16291215816924332,6.805727417359031,604.2,565.7
2026-05-31 17:15:00,0.1645641413275704,6.808134394341292,604.0,565.5
2026-05-31 17:30:00,0.16539057117605419,6.809338521400776,603.9,565.4
2026-05-31 17:45:00,0.13946887007016523,6.771570014144257,603.9,565.6
2026-05-31 18:00:00,0.1516034368902254,6.789250353606779,604.0,565.6
2026-05-31 18:15:00,0.12733430325010564,6.753889674681735,603.8,565.6
2026-05-31 18:30:00,0.15407628687727876,6.792853352202388,603.7,565.3
2026-05-31 18:45:00,0.3065819540662912,7.015057573073524,604.1,564.5
2026-06-01 06:45:00,0.3249053182976988,7.041755130927108,605.0,565.2
2026-06-01 07:00:00,0.2077354288612354,6.871035940803383,606.6,567.6
2026-06-01 07:15:00,0.23693490924461955,6.913580246913598,606.2,567.0
2026-06-01 07:30:00,0.2006210944645772,6.860670194003515,605.9,567.0
2026-06-01 07:45:00,0.24280018134752188,6.922126081582203,605.5,566.3
2026-06-01 08:00:00,0.2507180991170206,6.933662667607643,606.1,566.8
2026-06-01 08:15:00,0.29915360365776617,7.004234297812295,606.5,566.8
2026-06-01 08:30:00,0.2507180991170206,6.933662667607643,606.1,566.8
2026-06-01 08:45:00,0.2532381988457558,6.937334510150039,605.8,566.5
2026-06-01 09:00:00,0.1997907838815359,6.85946041262564,606.0,567.1
2026-06-01 09:15:00,0.27775677815738586,6.973058637083995,607.5,567.9
2026-06-01 09:30:00,0.1939867988443455,6.851003874603756,606.7,567.8
2026-06-01 09:45:00,0.2651492254699032,6.954689146469972,609.0,569.4
2026-06-01 10:00:00,0.33067235841019993,7.050157839354609,610.4,570.2
2026-06-01 10:15:00,0.2713271896519484,6.9636905805998905,609.8,570.1
2026-06-01 10:30:00,0.28673015605195556,6.986133052483745,609.5,569.7
2026-06-01 10:45:00,0.211133267590684,6.875986669005418,609.3,570.1
2026-06-01 11:00:00,0.2119611980274751,6.877192982456148,609.2,570.0
2026-06-01 11:15:00,0.2886736672443834,6.988964792433006,610.8,570.9
2026-06-01 11:30:00,0.3169432919489338,7.030154277699863,610.5,570.4
2026-06-01 11:45:00,0.36940967179236966,7.106598984771573,611.9,571.3
2026-06-01 12:00:00,0.4613327237881627,7.240532959326806,611.7,570.4
2026-06-01 12:15:00,0.3625114361919832,7.0965480988260055,611.2,570.7
2026-06-01 12:30:00,0.353040649908734,7.082748948106588,610.8,570.4
2026-06-01 12:45:00,0.2651492254699032,6.954689146469972,609.0,569.4
2026-06-01 13:00:00,0.23231856606518766,6.90685413005272,608.3,569.0
2026-06-01 13:15:00,0.2900990655043278,6.991041630072026,609.1,569.3
2026-06-01 13:30:00,0.22566305355122612,6.897156897156909,609.1,569.8
2026-06-01 13:45:00,0.20074640972878743,6.860852781189686,609.0,569.9
2026-06-01 14:00:00,0.2447485760293193,6.924964936886391,609.9,570.4
2026-06-01 14:15:00,0.1824216550825657,6.834153197470139,608.1,569.2
2026-06-01 14:30:00,0.2721656804259254,6.964912280701752,609.7,570.0
2026-06-01 14:45:00,0.14645634566199342,6.781750924784213,606.2,567.7
2026-06-01 15:00:00,0.2223274484076616,6.892296844702983,606.4,567.3
2026-06-01 15:15:00,0.21022924464699702,6.874669487043894,606.3,567.3
2026-06-01 15:30:00,0.19515242978735486,6.852702225362051,605.0,566.2
2026-06-01 15:45:00,0.15878730619097925,6.799717414341222,604.7,566.2
2026-06-01 16:00:00,0.19681434591873784,6.855123674911656,604.8,566.0
2026-06-01 16:15:00,0.2185951142889347,6.8868587491215605,608.4,569.2
2026-06-01 16:30:00,0.13990644020176615,6.772207563764288,607.0,568.5
2026-06-01 16:45:00,0.18737117166056613,6.841364755539914,607.5,568.6
2026-06-01 17:00:00,0.22108764303018413,6.890490420108986,608.1,568.9
2026-06-01 17:15:00,0.2900990655043278,6.991041630072026,609.1,569.3
2026-06-01 17:30:00,0.3029998524371646,7.009838369641597,609.1,569.2
2026-06-01 17:45:00,0.23148560370565016,6.905640484976261,608.4,569.1
2026-06-01 18:00:00,0.22191907022165314,6.891701828410701,608.0,568.8
2026-06-01 18:15:00,0.2502344259016929,6.932957944747509,607.7,568.3
2026-06-01 18:30:00,0.3262661706866011,7.043737923766025,609.4,569.3
2026-06-01 18:45:00,0.2298205568672006,6.903214473915353,608.6,569.3
2026-06-01 19:00:00,0.22275078980880222,6.892913662739564,607.9,568.7
2026-06-01 19:15:00,0.18819710682216872,6.8425681618293765,607.4,568.5
2026-06-01 19:30:00,0.2741387685045305,6.967787114845936,611.0,571.2
2026-06-01 19:45:00,0.42602251595818436,7.189085184537336,612.8,571.7
2026-06-01 20:00:00,0.4475626719434427,7.220469681037489,611.8,570.6
2026-06-01 20:15:00,0.438134965253572,7.2067332982640675,611.4,570.3
2026-06-01 20:30:00,0.42956358620721885,7.194244604316546,610.9,569.9
2026-06-01 20:45:00,0.38827960151799673,7.134092900964073,611.2,570.5
2026-06-01 21:00:00,0.32389303430454336,7.0402802101576345,611.2,571.0
2026-06-01 21:15:00,0.4088928123385129,7.164126817306005,611.8,570.9
2026-06-01 21:30:00,0.384848983319687,7.129094412331405,611.6,570.9
2026-06-01 21:45:00,0.44930027113488097,7.223001402524543,611.6,570.4
2026-06-01 22:00:00,0.3917150337744467,7.139098403788791,610.8,570.1
2026-06-01 22:15:00,0.48452234989204473,7.274320771253295,612.0,570.5
2026-06-01 22:30:00,0.4947988392542967,7.289293849658307,612.3,570.7
2026-06-01 22:45:00,0.5255851363723174,7.334150183791377,613.2,571.3
2026-06-01 23:00:00,0.4535041527200315,7.229126553474541,612.6,571.3
2026-06-01 23:15:00,0.5874364514463597,7.424268954648916,613.5,571.1
2026-06-01 23:30:00,0.5625131799929406,7.387955182072825,613.4,571.2
2026-06-02 06:45:00,0.5625131799929406,7.387955182072825,613.4,571.2
2026-06-02 07:00:00,0.39429477329136803,7.14285714285714,612.0,571.2
2026-06-02 07:15:00,0.40201233231843475,7.154101801644219,612.6,571.7
2026-06-02 07:30:00,0.36855607013087366,7.105355267763391,612.0,571.4
2026-06-02 07:45:00,0.3668497628208106,7.102869139258217,612.2,571.6
2026-06-02 08:00:00,0.3891506337370265,7.135362014690472,612.6,571.8
2026-06-02 08:15:00,0.33944313698028444,7.062937062937058,612.4,572.0
2026-06-02 08:30:00,0.37202686800173845,7.110412299091551,613.1,572.4
2026-06-02 08:45:00,0.4345694026881895,7.201538192623658,613.3,572.1
2026-06-02 09:00:00,0.37885695490168136,7.120363890832748,612.3,571.6
2026-06-02 09:15:00,0.3026057233879595,7.00926411466527,612.2,572.1
2026-06-02 09:30:00,0.3445332805144082,7.070353517675887,611.8,571.4
2026-06-02 09:45:00,0.39515318074982414,7.144107862020643,611.9,571.1
2026-06-02 10:00:00,0.2701842670811782,6.962025316455711,608.4,568.8
2026-06-02 10:15:00,0.30807660594519676,7.01723531480829,608.5,568.6
2026-06-02 10:30:00,0.17254548679541362,6.819763395963818,614.0,574.8
2026-06-02 10:45:00,0.2062682218676058,6.868898186889805,613.0,573.6
2026-06-02 11:00:00,0.15759351763529572,6.797978037301733,612.7,573.7
2026-06-02 11:15:00,0.144008496305171,6.778184352674677,612.8,573.9
2026-06-02 11:30:00,0.026681666669270403,6.607236497115876,609.9,572.1
2026-06-02 11:45:00,0.08671561655836686,6.69470732562214,608.8,570.6
2026-06-02 12:00:00,0.17200827614054293,6.818980667838304,607.8,569.0
2026-06-02 12:15:00,0.18324584975433425,6.835354067826382,608.0,569.1
2026-06-02 12:30:00,0.1979257713805024,6.856743047052638,610.9,571.7
2026-06-02 12:45:00,0.2003965428156153,6.860343017150861,610.6,571.4
2026-06-02 13:00:00,0.1643623583909171,6.807840392019604,610.3,571.4
2026-06-02 13:15:00,0.1419671632390092,6.775210084033612,609.9,571.2
2026-06-02 13:30:00,0.1854091527655782,6.838506049447668,609.3,570.3
2026-06-02 13:45:00,0.1002728825081953,6.714460570029712,610.3,571.9
2026-06-02 14:00:00,0.03550159721591141,6.620087336244529,610.4,572.5
2026-06-02 14:15:00,0.06427020200415198,6.662003846826381,610.0,571.9
2026-06-02 14:30:00,0.1275169056554601,6.754155730533684,610.1,571.5
2026-06-02 14:45:00,0.1561994782714106,6.795946890286508,611.3,572.4
2026-06-02 15:00:00,0.1338405687174146,6.763369451240808,610.9,572.2
2026-06-02 15:15:00,0.12170379656107919,6.745685898553244,612.4,573.7
2026-06-02 15:30:00,0.15271906483399417,6.79087584885949,613.3,574.3
2026-06-02 15:45:00,0.17906899300977974,6.829268292682933,613.2,574.0
2026-06-02 16:00:00,0.021260905461428278,6.599338324917303,612.2,574.3
2026-06-02 16:15:00,0.0499701108952529,6.6411682892906665,613.4,575.2
2026-06-02 16:30:00,-0.009690102886248506,6.5542420027816295,612.9,575.2
2026-06-02 16:45:00,-0.0221682724261149,6.536061026352291,614.5,576.8
2026-06-02 17:00:00,0.003976380777224296,6.574154379878583,614.4,576.5
2026-06-02 17:15:00,-0.019055224577680198,6.540596807772392,614.1,576.4
2026-06-02 17:30:00,-0.14473545808379484,6.357477853048454,612.3,575.7
2026-06-02 17:45:00,-0.1589234987480279,6.336805555555558,612.5,576.0
2026-06-02 18:00:00,-0.18340776836574213,6.301131418624895,610.7,574.5
2026-06-02 18:15:00,-0.1886707442307521,6.293463143254519,611.4,575.2
2026-06-02 18:30:00,-0.2006027869870591,6.276077885952702,611.3,575.2
2026-06-02 18:45:00,-0.1551449177547471,6.342311033883585,612.0,575.5
2026-06-02 19:00:00,-0.17384884517886418,6.315058986814703,612.8,576.4
2026-06-02 19:15:00,-0.164051439875647,6.329334028864531,611.5,575.1
2026-06-02 19:30:00,-0.17749158371336887,6.309751434034427,611.6,575.3
2026-06-02 19:45:00,-0.12824908727562973,6.381498869761759,611.8,575.1
2026-06-02 20:00:00,-0.17523215138034975,6.313043478260871,611.3,575.0
2026-06-02 20:15:00,-0.12291156151949673,6.389275766016711,611.1,574.4
2026-06-02 20:30:00,-0.0774309692530217,6.455542021924465,611.8,574.7
2026-06-02 20:45:00,-0.07511691671849337,6.4589136490250665,611.5,574.4
2026-06-02 21:00:00,-0.040826380137896835,6.508875739644959,612.0,574.6
2026-06-02 21:15:00,-0.05245780829759937,6.491928484638088,613.5,576.1
2026-06-02 21:30:00,-0.03976879400107686,6.510416666666674,613.5,576.0
2026-06-02 21:45:00,-0.0628279915076609,6.476818892168801,613.2,575.9
2026-06-02 22:00:00,0.007893087897694412,6.579861111111107,613.9,576.0
2026-06-02 22:15:00,0.04764574069454473,6.637781629116102,615.3,577.0
2026-06-02 22:30:00,0.020594784936103398,6.598367772182678,613.9,575.9
2026-06-02 22:45:00,-0.027853323526387853,6.527777777777777,613.6,576.0
2026-06-02 23:00:00,-0.08012764560892298,6.451612903225801,613.8,576.6
2026-06-02 23:15:00,-0.015937853051683604,6.545138888888902,613.7,576.0
2026-06-02 23:30:00,0.11284375581573766,6.732776617954084,613.5,574.8
2026-06-03 06:45:00,0.2919489487547807,6.993736951983309,615.0,574.8
2026-06-03 07:00:00,0.030936006932348534,6.613435167505655,614.2,576.1
2026-06-03 07:15:00,0.037326448390672735,6.62274618585299,615.0,576.8
2026-06-03 07:30:00,0.05159692539768353,6.643538594969645,614.8,576.5
2026-06-03 07:45:00,-0.07283979833313632,6.46223146223146,614.5,577.2
2026-06-03 08:00:00,-0.004804199594782882,6.56136087484811,613.9,576.1
2026-06-03 08:15:00,-0.05323108362104898,6.490801804928847,613.6,576.2
2026-06-03 08:30:00,-0.08012764560892298,6.451612903225801,613.8,576.6
2026-06-03 08:45:00,0.069854776207746,6.670140698280358,614.1,575.7
2026-06-03 09:00:00,0.041270051262793796,6.628492104806538,614.5,576.3
2026-06-03 09:15:00,0.046802605451951425,6.63655316191798,613.8,575.6
2026-06-03 09:30:00,0.07065010716643315,6.671299513551077,614.0,575.6
2026-06-03 09:45:00,0.1438089706116574,6.777893639207511,614.4,575.4
2026-06-03 10:00:00,0.09609738914885464,6.708376781369485,614.0,575.4
2026-06-03 10:15:00,0.12478410201167957,6.75017397355604,613.6,574.8
2026-06-03 10:30:00,0.1143298221622818,6.7349418503732,614.9,576.1
2026-06-03 10:45:00,0.0889630634238551,6.697981906750172,613.3,574.8
2026-06-03 11:00:00,0.08021567888476372,6.685236768802216,612.8,574.4
2026-06-03 11:15:00,0.11767229706737457,6.739811912225702,612.9,574.2
2026-06-03 11:30:00,0.06747044027116994,6.666666666666665,612.8,574.5
2026-06-03 11:45:00,0.11284375581573766,6.732776617954084,613.5,574.8
2026-06-03 12:00:00,0.1431980296295074,6.777003484320554,612.9,574.0
2026-06-03 12:15:00,0.16141750798464727,6.803549678092913,613.8,574.7
2026-06-03 12:30:00,0.05476281128374916,6.648151362610655,614.4,576.1
2026-06-03 12:45:00,-0.0040223825770098354,6.562499999999982,613.8,576.0
2026-06-03 13:00:00,0.07143538018650107,6.672443674176787,615.5,577.0
2026-06-03 13:15:00,0.10303163712828409,6.718480138169247,617.9,579.0
2026-06-03 13:30:00,-0.009867087307945934,6.553984132459467,617.8,579.8
2026-06-03 13:45:00,-0.0019156666185150665,6.565569533000182,618.4,580.3
2026-06-03 14:00:00,-0.04768710785730572,6.498879503533872,617.8,580.1
2026-06-03 14:15:00,-0.09044295618380624,6.4365832614322604,616.8,579.5
2026-06-03 14:30:00,-0.08241796073465327,6.448275862068953,617.4,580.0
2026-06-03 14:45:00,-0.04845587433683552,6.49775939331263,617.9,580.2
2026-06-03 15:00:00,-0.11244006997311039,6.404532967032983,619.7,582.4
2026-06-03 15:15:00,-0.01915769619202172,6.540447504302915,619.0,581.0
2026-06-03 15:30:00,0.039050933052021605,6.62525879917184,618.0,579.6
2026-06-03 15:45:00,0.06194537823286758,6.658616525789185,618.3,579.7
2026-06-03 16:00:00,0.014587703618932312,6.5896153182680495,617.9,579.7
2026-06-03 16:15:00,-0.0090911336880277,6.555114714507493,617.7,579.7
2026-06-03 16:30:00,-0.0036519534430736254,6.563039723661479,617.0,579.0
2026-06-03 16:45:00,-0.18659435000607352,6.296488496799868,614.5,578.1
2026-06-03 17:00:00,-0.17397244934755596,6.314878892733566,614.5,578.0
2026-06-03 17:15:00,-0.041319749026429736,6.5081568899687525,613.7,576.2
2026-06-03 17:30:00,-0.054776829331800746,6.488549618320616,613.8,576.4
2026-06-03 17:45:00,-0.13790351429893785,6.367432150313146,611.4,574.8
2026-06-03 18:00:00,-0.19915836002835816,6.278182448837999,612.8,576.6
2026-06-03 18:15:00,-0.1717217494482985,6.318158213605685,614.2,577.7
2026-06-03 18:30:00,-0.15816830744342197,6.337905886438611,612.4,575.9
2026-06-03 18:45:00,0.002411599572845514,6.571874458123794,614.6,576.7
2026-06-03 19:00:00,-0.19167241169272864,6.289089645587209,611.8,575.6
2026-06-03 19:15:00,-0.1826548675207471,6.302228412256272,610.6,574.4
2026-06-03 19:30:00,-0.16102793628618986,6.333739342265532,611.1,574.7
2026-06-03 19:45:00,-0.18716834441238323,6.295652173913058,611.2,575.0
2026-06-03 20:00:00,-0.1498438604948639,6.350034794711212,611.3,574.8
2026-06-03 20:15:00,-0.13053262279946226,6.378171706638858,612.1,575.4
2026-06-03 20:30:00,-0.16329595834831628,6.330434782608685,611.4,575.0
2026-06-03 20:45:00,-0.2244668724996566,6.241307371349092,611.1,575.2
2026-06-03 21:00:00,-0.12596316810299657,6.384829505915102,611.5,574.8
2026-06-03 21:15:00,-0.16178420669078994,6.332637439109279,611.2,574.8
2026-06-03 21:30:00,-0.14756802427475252,6.353350739773722,611.0,574.5
2026-06-03 21:45:00,-0.1744784832518685,6.314141589841715,611.2,574.9
2026-06-03 22:00:00,-0.0701218654084561,6.466191552233624,612.5,575.3
2026-06-03 22:15:00,-0.062055980005322885,6.477943730461977,613.1,575.8
2026-06-03 22:30:00,-0.019833891532997697,6.539462272333063,614.2,576.5
2026-06-03 22:45:00,-0.03899291252374348,6.511547143601315,613.4,575.9
2026-06-03 23:00:00,0.03330089381786126,6.616880861410213,613.9,575.8
2026-06-03 23:15:00,-0.054004090585877185,6.489675516224214,613.7,576.3
2026-06-03 23:30:00,-0.004992873384892093,6.561085972850678,612.3,574.6
2026-06-04 06:45:00,-0.06626143712330539,6.471816283924858,612.0,574.8
2026-06-04 07:00:00,-0.03744034093802442,6.513809275664406,613.2,575.7
2026-06-04 07:15:00,-0.07397558923322028,6.460576589093448,613.0,575.8
2026-06-04 07:30:00,-0.08896508740493721,6.438736549809088,613.3,576.2
2026-06-04 07:45:00,-0.10164116151022792,6.420267221933029,613.3,576.3
2026-06-04 08:00:00,-0.015373610717227138,6.545961002785528,612.0,574.4
2026-06-04 08:15:00,-0.11402282190705529,6.402226861517057,611.6,574.8
2026-06-04 08:30:00,-0.02707537303177715,6.528911269317583,613.5,575.9
2026-06-04 08:45:00,0.007893087897694412,6.579861111111107,613.9,576.0
2026-06-04 09:00:00,-0.03744034093802442,6.513809275664406,613.2,575.7
2026-06-04 09:15:00,-0.03355418839884602,6.519471488178019,612.7,575.2
2026-06-04 09:30:00,0.026106025382655385,6.606397774687056,613.2,575.2
2026-06-04 09:45:00,0.006165997780161675,6.577344701583421,612.5,574.7
2026-06-04 10:00:00,-0.0904984340859213,6.43650242886884,613.5,576.4
2026-06-04 10:15:00,-0.023723177781248078,6.533795493934158,614.7,577.0
2026-06-04 10:30:00,-0.1539904733743194,6.343993085566124,615.2,578.5
2026-06-04 10:45:00,-0.17985608201438374,6.3063063063063085,613.6,577.2
2026-06-04 11:00:00,-0.17760532063114118,6.3095857167619895,613.3,576.9
2026-06-04 11:15:00,-0.2407881876519364,6.21752684447523,613.3,577.4
2026-06-04 11:30:00,-0.20139908382552876,6.274917663373203,613.1,576.9
2026-06-04 11:45:00,-0.1857560467635507,6.297709923664141,612.7,576.4
2026-06-04 12:00:00,-0.12698011692905,6.383347788378146,613.3,576.5
2026-06-04 12:15:00,-0.15532057100961397,6.342055103101729,613.7,577.1
2026-06-04 12:30:00,-0.17322247568903165,6.315971621387773,614.4,577.9
2026-06-04 12:45:00,-0.16796538382758355,6.323631323631318,613.7,577.2
2026-06-04 13:00:00,-0.20065243487646256,6.276005547850216,613.0,576.8
2026-06-04 13:15:00,-0.24448024686144623,6.212147430351278,613.8,577.9
2026-06-04 13:30:00,-0.29125574872400295,6.143994461751468,613.3,577.8
2026-06-04 13:45:00,-0.30313409935296204,6.126687435098677,613.2,577.8
2026-06-04 14:00:00,-0.214794639465315,6.255400034560199,614.9,578.7
2026-06-04 14:15:00,-0.18584668982061978,6.297577854671266,614.4,578.0
2026-06-04 14:30:00,-0.19025065422483575,6.291161178509519,613.3,577.0
2026-06-04 14:45:00,-0.1821045049442566,6.303030303030299,613.9,577.5
2026-06-04 15:00:00,-0.10120213866033285,6.420906888196609,614.9,577.8
2026-06-04 15:15:00,-0.1717217494482985,6.318158213605685,614.2,577.7
2026-06-04 15:30:00,-0.1821045049442566,6.303030303030299,613.9,577.5
2026-06-04 15:45:00,-0.20885136127523896,6.264059525869525,614.1,577.9
2026-06-04 16:00:00,-0.1984665364676352,6.279190451478978,614.4,578.1
2026-06-04 16:15:00,-0.2533151768738516,6.199274736660332,615.0,579.1
2026-06-04 16:30:00,-0.27204609985661077,6.171983356449373,612.4,576.8
2026-06-04 16:45:00,-0.14625076795144043,6.355270012154901,612.5,575.9
2026-06-04 17:00:00,-0.17673870147446158,6.310848400556313,611.5,575.2
2026-06-04 17:15:00,-0.11478713698795517,6.401113237084721,611.7,574.9
2026-06-04 17:30:00,-0.1498438604948639,6.350034794711212,611.3,574.8
2026-06-04 17:45:00,-0.09014212951518796,6.437021572720947,611.8,574.8
2026-06-04 18:00:00,-0.08398473844550501,6.445993031358888,611.0,574.0
2026-06-04 18:15:00,0.010735653854457594,6.584002794271737,610.3,572.6
2026-06-04 18:30:00,-0.04685811375756137,6.500087366765683,609.5,572.3
2026-06-04 18:45:00,0.002688270432873255,6.572277573850727,609.7,572.1
2026-06-04 19:00:00,0.05865745703091739,6.6538259499212105,609.1,571.1
2026-06-04 19:15:00,0.043451854117453864,6.631671041119858,609.4,571.5
2026-06-04 19:30:00,0.038602675840352284,6.62460567823342,608.4,570.6
2026-06-04 19:45:00,0.0105866393567835,6.583785676764142,608.7,571.1
2026-06-04 20:00:00,0.08349685239825483,6.690017513134849,609.2,571.0
2026-06-04 20:15:00,0.04903360859064947,6.639803784162601,608.7,570.8
2026-06-04 20:30:00,0.008850842456742692,6.581256581256589,607.3,569.8
2026-06-04 20:45:00,-0.016815835086669673,6.543859649122807,607.3,570.0
2026-06-04 21:00:00,0.0015543590506444968,6.570625439212918,606.6,569.2
2026-06-04 21:15:00,0.06907645664965052,6.669006669006672,607.8,569.8
2026-06-04 21:30:00,0.02816442827050635,6.60939691444602,608.1,570.4
2026-06-04 21:45:00,0.08832669153683904,6.697054698457228,608.6,570.4
2026-06-04 22:00:00,0.0939047613242742,6.70518207282913,609.5,571.2
2026-06-04 22:15:00,0.019433267963753036,6.596675415573072,609.2,571.5
2026-06-04 22:30:00,0.017849394082334834,6.594367675354196,609.4,571.7
2026-06-04 22:45:00,-0.006160789557414745,6.559384292461079,609.2,571.7
2026-06-04 23:00:00,0.06827119992505516,6.667833391669586,609.5,571.4
2026-06-04 23:15:00,0.03064838455650458,6.613016095171442,609.4,571.6
2026-06-04 23:30:00,0.07787485318172402,6.68182613258701,609.9,571.7
2026-06-05 06:45:00,0.31966559488518864,7.034120734908145,611.7,571.5
2026-06-05 07:00:00,0.10904445991798824,6.72724095753976,610.8,572.3
2026-06-05 07:15:00,0.03312193320445912,6.616620111731852,610.7,572.8
2026-06-05 07:30:00,0.11780378438217368,6.7400034922297625,611.3,572.7
2026-06-05 07:45:00,0.009157858506741147,6.5817039106145225,610.5,572.8
2026-06-05 08:00:00,0.0754696372332166,6.678321678321697,610.2,572.0
2026-06-05 08:15:00,0.11389012864136362,6.734301206926707,610.2,571.7
2026-06-05 08:30:00,0.01152496492448656,6.5851528384279545,610.2,572.5
2026-06-05 08:45:00,0.04026841500142597,6.627032698024116,609.8,571.9
2026-06-05 09:00:00,0.06666785464368295,6.665497281178734,608.1,570.1
2026-06-05 09:15:00,0.04252465051900938,6.630320084417862,606.3,568.6
2026-06-05 09:30:00,0.07229187405651084,6.673691605198462,607.4,569.4
2026-06-05 09:45:00,0.04738466036650592,6.637401229148376,607.3,569.5
2026-06-05 10:00:00,0.022486192186931576,6.60112359550562,607.2,569.6
2026-06-05 10:15:00,0.05943612830930128,6.654960491659345,607.4,569.5
2026-06-05 10:30:00,0.03125244030587182,6.613896218117854,606.1,568.5
2026-06-05 10:45:00,0.06586131747803638,6.664322138209955,606.6,568.7
2026-06-05 11:00:00,-0.009124513546768867,6.555066079295169,604.7,567.5
2026-06-05 11:15:00,-0.05828437708543891,6.483439041578576,604.4,567.6
2026-06-05 11:30:00,-0.03776056864017336,6.513342696629221,606.7,569.6
2026-06-05 11:45:00,-0.10264787267236376,6.418800420904924,606.8,570.2
2026-06-05 12:00:00,-0.22075259357340762,6.2467191601049965,607.2,571.5
2026-06-05 12:15:00,-0.18018099862274442,6.305832895428276,606.9,570.9
2026-06-05 12:30:00,-0.19220291313216498,6.288316692940965,606.8,570.9
2026-06-05 12:45:00,-0.20422482764157032,6.270800490453676,606.7,570.9
2026-06-05 13:00:00,-0.17347388081825318,6.315605318404471,607.7,571.6
2026-06-05 13:15:00,-0.1599453014313669,6.335316765838295,607.6,571.4
2026-06-05 13:30:00,-0.1899337925701862,6.291622853137047,606.5,570.6
2026-06-05 13:45:00,-0.1906904311595398,6.290520413527245,606.6,570.7
2026-06-05 14:00:00,-0.21549484595618892,6.2543798177995935,606.5,570.8
2026-06-05 14:15:00,-0.26656325303623785,6.179971988795519,606.5,571.2
2026-06-05 14:30:00,-0.22450024884301495,6.24125874125876,607.7,572.0
2026-06-05 14:45:00,-0.22150264914173637,6.245626312106345,607.3,571.6
2026-06-05 15:00:00,-0.2522179902813391,6.200873362445414,608.0,572.5
2026-06-05 15:15:00,-0.2776724907758348,6.163785577090963,608.0,572.7
2026-06-05 15:30:00,-0.2604966351721799,6.188811188811183,607.4,572.0
2026-06-05 15:45:00,-0.24775302903105767,6.207378912397266,607.4,571.9
2026-06-05 16:00:00,-0.2701283213101162,6.174777603349058,608.7,573.3
2026-06-05 16:15:00,-0.2784110378657679,6.16270949720672,608.1,572.8
2026-06-05 16:30:00,-0.22676881381291325,6.237953390572959,606.3,570.7
2026-06-05 16:45:00,-0.30090613068802835,6.129933636046103,607.7,572.6
2026-06-05 17:00:00,-0.2522179902813391,6.200873362445414,608.0,572.5
2026-06-05 17:15:00,-0.2776724907758348,6.163785577090963,608.0,572.7
2026-06-05 17:30:00,-0.2402296741356191,6.218340611353712,608.1,572.5
2026-06-05 17:45:00,-0.3158209241085335,6.108202443280986,608.0,573.0
2026-06-05 18:00:00,-0.23580053471443174,6.224793968086972,605.8,570.3
2026-06-05 18:15:00,-0.17057270172608271,6.3198324022346375,609.0,572.8
2026-06-05 18:30:00,-0.24775302903105767,6.207378912397266,607.4,571.9
2026-06-05 18:45:00,-0.1862371668555823,6.297008920762637,607.7,571.7
2026-06-05 19:00:00,-0.32737317017961565,6.091370558375653,606.1,571.3
2026-06-05 19:15:00,-0.3124220582262945,6.113154668067966,605.8,570.9
2026-06-05 19:30:00,-0.31021614436521655,6.116368734665256,605.5,570.6
2026-06-05 19:45:00,-0.36050971626394623,6.043089858118766,605.4,570.9
2026-06-05 20:00:00,-0.27857885351493744,6.162464985994376,606.4,571.2
2026-06-05 20:15:00,-0.3281048287466253,6.090304515225764,606.2,571.4
2026-06-05 20:30:00,-0.3346782497739478,6.080726891490484,607.1,572.3
2026-06-05 20:45:00,-0.32049061238742327,6.1013986013986,606.9,572.0
2026-06-05 21:00:00,-0.3084918169443685,6.118881118881125,607.0,572.0
2026-06-05 21:15:00,-0.32122257875862537,6.100332109771012,607.0,572.1
2026-06-05 21:30:00,-0.29870073277190134,6.1331469508998815,607.4,572.3
2026-06-05 21:45:00,-0.3114265328109487,6.114605171208942,607.4,572.4
2026-06-05 22:00:00,-0.33175928354052253,6.084979891589448,606.7,571.9
2026-06-05 22:15:00,-0.2582677177748463,6.192058772083264,607.1,571.7
2026-06-05 22:30:00,-0.268789765880855,6.176727909011359,606.8,571.5
2026-06-05 22:45:00,-0.22225244231522193,6.244533846422939,607.4,571.7
2026-06-05 23:00:00,-0.17043844920678364,6.320028011204459,607.3,571.2
2026-06-05 23:15:00,-0.17195669623959903,6.317815890794543,607.5,571.4
2026-06-05 23:30:00,-0.08128861639454724,6.44992134242266,609.0,572.1
2026-06-06 09:45:00,-0.23724569193118963,6.222688341199101,607.7,572.1
2026-06-06 10:00:00,-0.21175034852698388,6.259835635600641,607.7,571.9
2026-06-06 10:15:00,-0.2761946225727792,6.165938864628817,607.8,572.5
2026-06-06 10:30:00,-0.3114265328109487,6.114605171208942,607.4,572.4
2026-06-06 10:45:00,-0.38624937400546827,6.00558659217878,607.2,572.8
2026-06-06 11:00:00,-0.38696884002887355,6.004538313841845,607.3,572.9
2026-06-06 11:15:00,-0.34957726807729916,6.059018683429351,607.4,572.7
2026-06-06 11:30:00,-0.38768805492973457,6.003490401396161,607.4,573.0
2026-06-06 11:45:00,-0.36300894827314295,6.039448420317695,607.5,572.9
2026-06-06 12:00:00,-0.31435714991234487,6.110335195530725,607.8,572.8
2026-06-06 12:15:00,-0.21475319310044455,6.255460422855164,608.1,572.3
2026-06-06 12:30:00,-0.3383212246100476,6.075418994413417,607.6,572.8
2026-06-06 12:45:00,-0.30310921888386966,6.1267236865072405,608.0,572.9
2026-06-06 13:00:00,-0.2784110378657679,6.16270949720672,608.1,572.8
2026-06-06 13:15:00,-0.20200827402266402,6.274030059419777,608.1,572.2
2026-06-06 13:30:00,-0.27693368572322524,6.164862032832685,607.9,572.6
2026-06-06 13:45:00,-0.18925889945838012,6.2926061877294215,608.1,572.1
2026-06-06 14:00:00,-0.2776724907758348,6.163785577090963,608.0,572.7
2026-06-06 14:15:00,-0.30164074987633305,6.1288632792037445,607.8,572.7
2026-06-06 14:30:00,-0.33759313852705003,6.076479832372961,607.5,572.7
2026-06-06 14:45:00,-0.33613620330137944,6.0786026200873255,607.3,572.5
2026-06-06 15:00:00,-0.3615613976275483,6.041557534485742,607.3,572.7
2026-06-06 15:15:00,-0.30922588064041157,6.1178115714036085,607.1,572.1
2026-06-06 15:30:00,-0.3339488908134097,6.081789584061514,607.0,572.2
2026-06-06 15:45:00,-0.2739758831812512,6.169171618315272,607.5,572.2
2026-06-06 16:00:00,-0.3084918169443685,6.118881118881125,607.0,572.0
2026-06-06 16:15:00,-0.3084918169443685,6.118881118881125,607.0,572.0
2026-06-06 16:30:00,-0.3459434923398536,6.064313177210745,606.9,572.2
2026-06-06 16:45:00,-0.2859704847076951,6.151695211464503,607.4,572.2
2026-06-06 17:00:00,-0.3459434923398536,6.064313177210745,606.9,572.2
2026-06-06 17:15:00,-0.3459434923398536,6.064313177210745,606.9,572.2
2026-06-06 17:30:00,-0.33321927687682396,6.082852648138437,606.9,572.1
2026-06-06 17:45:00,-0.4327545779944682,5.937827453719868,606.6,572.6
2026-06-06 18:00:00,-0.38264827244334293,6.010833478944622,606.7,572.3
2026-06-06 18:15:00,-0.3481245194470842,6.061135371179049,607.2,572.5
2026-06-06 18:30:00,-0.34521597499503776,6.06537318650584,606.8,572.1
2026-06-06 18:45:00,-0.27545530118921463,6.167016072676468,607.7,572.4
2026-06-07 09:45:00,-0.32341694335152665,6.097134870719767,607.3,572.4
2026-06-07 10:00:00,-0.26346489064865186,6.184486373165621,607.8,572.4
2026-06-07 10:15:00,-0.2903930752146269,6.145251396648055,608.0,572.8
2026-06-07 10:30:00,-0.2402296741356191,6.218340611353712,608.1,572.5
2026-06-07 10:45:00,-0.27545530118921463,6.167016072676468,607.7,572.4
2026-06-07 11:00:00,-0.3158209241085335,6.108202443280986,608.0,573.0
2026-06-07 11:15:00,-0.3539294323409515,6.052677481248914,608.0,573.3
2026-06-07 11:30:00,-0.4391500166686031,5.928509154315598,607.5,573.5
2026-06-07 11:45:00,-0.3793129548253205,6.015693112467302,608.0,573.5
2026-06-07 12:00:00,-0.41521519193128703,5.963382737576284,607.7,573.5
2026-06-07 12:15:00,-0.4398593821158357,5.927475592747555,607.6,573.6
2026-06-07 12:30:00,-0.39056240593573055,5.9993024066968825,607.8,573.4
2026-06-07 12:45:00,-0.4137873687915285,5.965463108320268,607.5,573.3
2026-06-07 13:00:00,-0.38840701883953865,6.002442854650147,607.5,573.1
2026-06-07 13:15:00,-0.3383212246100476,6.075418994413417,607.6,572.8
2026-06-07 13:30:00,-0.27323578628581585,6.170249956301332,607.4,572.1
2026-06-07 13:45:00,-0.23500496552505845,6.225953130465212,607.4,571.8
2026-06-07 14:00:00,-0.2702728095947363,6.174567080636684,607.0,571.7
2026-06-07 14:15:00,-0.23575213552969465,6.224864486798398,607.5,571.9
2026-06-07 14:30:00,-0.19824225867545708,6.279517229316078,607.6,571.7
2026-06-07 14:45:00,-0.2597539225324054,6.189893337996155,607.3,571.9
2026-06-07 15:00:00,-0.17195669623959903,6.317815890794543,607.5,571.4
2026-06-07 15:15:00,-0.22300197323155418,6.243441762854163,607.5,571.8
2026-06-07 15:30:00,-0.22075259357340762,6.2467191601049965,607.2,571.5
2026-06-07 15:45:00,-0.19522470015045024,6.283913880623149,607.2,571.3
2026-06-07 16:00:00,-0.20799088066429788,6.265313265663286,607.2,571.4
2026-06-07 16:15:00,-0.1727154212659755,6.316710411198612,607.6,571.5
2026-06-07 16:30:00,-0.23500496552505845,6.225953130465212,607.4,571.8
2026-06-07 16:45:00,-0.2462626259549715,6.209550463529823,607.2,571.7
2026-06-07 17:00:00,-0.21024735049534712,6.262025537869498,607.5,571.7
2026-06-07 17:15:00,-0.1464072482494009,6.355042016806722,607.5,571.2
2026-06-07 17:30:00,-0.17195669623959903,6.317815890794543,607.5,571.4
2026-06-07 17:45:00,-0.1711977055996984,6.318921757395413,607.4,571.3
2026-06-07 18:00:00,-0.19597948585606512,6.282814140707038,607.3,571.4
2026-06-07 18:15:00,-0.27101394240557125,6.173487233298358,607.1,571.8
2026-06-07 18:30:00,-0.24253205207887094,6.214985994397759,606.7,571.2
2026-06-07 18:45:00,-0.29943612227037064,6.132075471698117,607.5,572.4
2026-06-08 06:45:00,-0.2035546163797309,6.271777003484313,610.0,574.0
2026-06-08 07:00:00,-0.133573635372711,6.3737408822508,612.5,575.8
2026-06-08 07:15:00,-0.05896525060525051,6.482446993395907,612.7,575.4
2026-06-08 07:30:00,-0.1604330949726984,6.33460603956959,612.7,576.2
2026-06-08 07:45:00,-0.13509255779863463,6.371527777777786,612.7,576.0
2026-06-08 08:00:00,-0.2430722431088958,6.214198923797953,611.9,576.1
2026-06-08 08:15:00,-0.2973040319385478,6.13518197573657,612.4,577.0
2026-06-08 08:30:00,-0.20139908382552876,6.274917663373203,613.1,576.9
2026-06-08 08:45:00,-0.29657413660312487,6.13624544981799,612.3,576.9
2026-06-08 09:00:00,-0.2601471556932502,6.189320388349517,612.5,576.8
2026-06-08 09:15:00,-0.250462639883986,6.203430947842659,612.9,577.1
2026-06-08 09:30:00,-0.322256848344132,6.098825155494136,614.1,578.8
2026-06-08 09:45:00,-0.27336226374610656,6.170065675769076,614.3,578.6
2026-06-08 10:00:00,-0.20879763173372973,6.2641378110318335,610.7,574.7
2026-06-08 10:15:00,-0.1452898099603742,6.356670149773591,610.7,574.2
2026-06-08 10:30:00,-0.09244673467559723,6.43366371065901,612.1,575.1
2026-06-08 10:45:00,-0.04160369766736298,6.507743170349745,612.1,574.7
2026-06-08 11:00:00,0.08901929739339168,6.698063840920998,611.7,573.3
2026-06-08 11:15:00,0.07704771010327019,6.68062096633526,611.6,573.3
2026-06-08 11:30:00,0.04828578340625427,6.638714185883998,610.4,572.4
2026-06-08 11:45:00,0.11861165619609437,6.74118057981139,611.2,572.6
2026-06-08 12:00:00,0.014823005872517114,6.589958158995812,611.4,573.6
2026-06-08 12:15:00,-0.05075232823752331,6.494413407821242,610.0,572.8
2026-06-08 12:30:00,0.06187295955882741,6.658511010136303,610.3,572.2
2026-06-08 12:45:00,0.10904445991798824,6.72724095753976,610.8,572.3
2026-06-08 13:00:00,0.08265298874888212,6.688787984631506,610.9,572.6
2026-06-08 13:15:00,0.105819654831955,6.7225423432861975,611.2,572.7
2026-06-08 13:30:00,0.07305231281142906,6.674799581735802,612.1,573.8
2026-06-08 13:45:00,0.1458351702438585,6.780845858091578,611.0,572.2
2026-06-08 14:00:00,0.10893577914163144,6.7270826071802015,612.4,573.8
2026-06-08 14:15:00,0.05870350989578001,6.6538930499912885,612.3,574.1
2026-06-08 14:30:00,0.1510965098168022,6.788511749347248,613.5,574.5
2026-06-08 14:45:00,0.27109397759789355,6.9633507853403165,612.9,573.0
2026-06-08 15:00:00,0.08035021694191756,6.685432793807178,606.4,568.4
2026-06-08 15:15:00,0.04252465051900938,6.630320084417862,606.3,568.6
2026-06-08 15:30:00,0.1893449578236036,6.844240606808971,605.7,566.9
2026-06-08 15:45:00,0.12930207084255835,6.756756756756754,608.3,569.8
2026-06-08 16:00:00,0.22817156836758243,6.900811860218847,605.7,566.6
2026-06-08 16:15:00,0.21355843813202183,6.879520197565703,605.9,566.9
2026-06-08 16:30:00,-0.012293343064979895,6.550449022715266,605.1,567.9
2026-06-08 16:45:00,-0.029110892969619964,6.525945470536509,605.6,568.5
2026-06-08 17:00:00,-0.2033860894199893,6.272022551092316,603.2,567.6
2026-06-08 17:15:00,-0.1008848503275813,6.421369184503822,601.6,565.3
2026-06-08 17:30:00,-0.06990145028235555,6.46651270207852,599.3,562.9
2026-06-08 17:45:00,0.0390256937027969,6.625222024866773,600.3,563.0
2026-06-08 18:00:00,-0.07222201701330744,6.463131583645776,596.3,560.1
2026-06-08 18:15:00,-0.0639355616245793,6.475205137352824,596.9,560.6
2026-06-08 18:30:00,-0.14574436295250764,6.356007855740042,595.7,560.1
2026-06-08 18:45:00,-0.26511829840892087,6.182077320505974,596.0,561.3
2026-06-08 19:00:00,-0.21239904547300845,6.258890469416789,597.6,562.4
2026-06-08 19:15:00,-0.08643188846550373,6.4424274781989865,598.1,561.9
2026-06-08 19:30:00,-0.09471919132738184,6.430352689704311,597.5,561.4
2026-06-08 19:45:00,-0.1787543067012789,6.307911617961515,596.6,561.2
2026-06-08 20:00:00,-0.20163089649877247,6.274579907043254,594.5,559.4
2026-06-08 20:15:00,-0.22463757411277185,6.241058655221732,594.1,559.2
2026-06-08 20:30:00,-0.24766071446564766,6.2075134168157575,593.7,559.0
2026-06-08 20:45:00,-0.2123641281302502,6.258941344778246,594.2,559.2
2026-06-08 21:00:00,-0.19314606171806187,6.286942504030102,593.4,558.3
2026-06-08 21:15:00,-0.19237305488176454,6.288068792547463,593.3,558.2
2026-06-08 21:30:00,-0.2277257314890159,6.236559139784936,592.8,558.0
2026-06-08 21:45:00,-0.23466466895546917,6.226448950296071,592.0,557.3
2026-06-08 22:00:00,-0.21926890293366297,6.248880931065348,593.4,558.5
2026-06-08 22:15:00,-0.20620982140548877,6.267908309455583,593.4,558.4
2026-06-08 22:30:00,-0.19932016175068185,6.27794670005366,594.2,559.1
2026-06-08 22:45:00,-0.21082720287303638,6.261180679785339,594.0,559.0
2026-06-08 23:00:00,-0.18549825979062692,6.298085525138664,594.1,558.9
2026-06-08 23:15:00,-0.17321822580703436,6.315977813562368,594.2,558.9
2026-06-08 23:30:00,-0.09953802190555507,6.4233315441044825,594.8,558.9
2026-06-09 06:45:00,-0.35998245811288265,6.043858085220188,594.8,560.9
2026-06-09 07:00:00,-0.21082720287303638,6.261180679785339,594.0,559.0
2026-06-09 07:15:00,-0.17631842390909297,6.311460754514586,594.6,559.3
2026-06-09 07:30:00,-0.08488376008410581,6.444683136412466,594.6,558.6
2026-06-09 07:45:00,-0.11989006098610144,6.393678160919536,592.4,556.8
2026-06-09 08:00:00,-0.1523655040622295,6.346360702760867,593.2,557.8
2026-06-09 08:15:00,-0.17386593481156096,6.315034086831717,592.6,557.4
2026-06-09 08:30:00,-0.20312605050898772,6.2724014336917655,593.0,558.0
2026-06-09 08:45:00,-0.23002575539578535,6.233207952713604,593.1,558.3
2026-06-09 09:00:00,-0.22996007473029242,6.233303650934996,596.5,561.5
2026-06-09 09:15:00,-0.26209248138371494,6.186486004635405,595.6,560.9
2026-06-09 09:30:00,-0.24148889705338225,6.2165058949624985,594.6,559.8
2026-06-09 09:45:00,-0.2937564541195778,6.140350877192979,592.9,558.6
2026-06-09 10:00:00,-0.24994593322528147,6.204183801180063,594.0,559.3
2026-06-09 10:15:00,-0.1978374482644054,6.280107047279215,595.7,560.5
2026-06-09 10:30:00,-0.2717634544311094,6.172395177253898,590.0,555.7
2026-06-09 10:45:00,-0.21850085112148818,6.250000000000022,591.6,556.8
2026-06-09 11:00:00,-0.20312605050898772,6.2724014336917655,593.0,558.0
2026-06-09 11:15:00,-0.21773031593723277,6.251122687264221,591.5,556.7
2026-06-09 11:30:00,0.07980343397005626,6.684636118598397,593.7,556.5
2026-06-09 11:45:00,0.10550348516907822,6.7220816769064,590.6,553.4
2026-06-09 12:00:00,0.0036680804385383968,6.573705179282863,588.5,552.2
2026-06-09 12:15:00,-0.0692984382209709,6.467391304347836,587.7,552.0
2026-06-09 12:30:00,-0.11455830217046828,6.401446654611198,588.4,553.0
2026-06-09 12:45:00,-0.06304821155927849,6.476498026551858,593.5,557.4
2026-06-09 13:00:00,0.007750349381378337,6.579653137850894,596.1,559.3
2026-06-09 13:15:00,-0.025112384631243982,6.531771388001428,600.2,563.4
2026-06-09 13:30:00,0.1842684257596423,6.836843984291319,598.5,560.2
2026-06-09 13:45:00,0.0936491102502554,6.704809583407823,596.8,559.3
2026-06-09 14:00:00,0.046135422835853236,6.635581061692975,594.6,557.6
2026-06-09 14:15:00,0.04695232070937177,6.636771300448441,594.5,557.5
2026-06-09 14:30:00,0.020831345537599907,6.598712446351929,596.1,559.2
2026-06-09 14:45:00,0.021641379801150915,6.599892684671782,596.0,559.1
2026-06-09 15:00:00,0.057651683485149575,6.652360515021449,596.4,559.2
2026-06-09 15:15:00,0.17590716658685368,6.824661439771917,599.5,561.2
2026-06-09 15:30:00,0.05614083834829492,6.650159179342063,603.0,565.4
2026-06-09 15:45:00,0.20755463285084805,6.870772516909929,600.4,561.8
2026-06-09 16:00:00,0.07396978780281571,6.6761363636363535,600.8,563.2
2026-06-09 16:15:00,0.013983780031943638,6.588735387885225,601.8,564.6
2026-06-09 16:30:00,0.002626639919955264,6.572187776793625,601.6,564.5
2026-06-09 16:45:00,-0.08246799580786661,6.448202959830862,604.2,567.6
2026-06-09 17:00:00,0.21561692668266025,6.882519462137293,604.1,565.2
2026-06-09 17:15:00,0.23738441711987077,6.914235190097262,604.6,565.5
2026-06-09 17:30:00,0.2545743335243757,6.9392812887236754,604.1,564.9
2026-06-09 17:45:00,0.29758915493724725,7.001954860494042,602.1,562.7
2026-06-09 18:00:00,0.13590801427966787,6.766381766381757,599.6,561.6
2026-06-09 18:15:00,0.1561973451259688,6.795943782245151,600.3,562.1
2026-06-09 18:30:00,0.15265337813280727,6.790780141843955,602.3,564.0
2026-06-09 18:45:00,0.03096346690188434,6.613475177304951,601.3,564.0
2026-06-09 19:00:00,0.2231398856748079,6.893480584253653,600.1,561.4
2026-06-09 19:15:00,0.20372495000747554,6.86519258202567,599.3,560.8
2026-06-09 19:30:00,0.21808877168083537,6.886120996441281,600.7,562.0
2026-06-09 19:45:00,0.19366417739818942,6.850533807829184,600.5,562.0
2026-06-09 20:00:00,0.17645061246204324,6.825453252755054,601.0,562.6
2026-06-09 20:15:00,0.14481498883289745,6.779359430604992,600.1,562.0
2026-06-09 20:30:00,0.14398722060467548,6.778153353495831,600.2,562.1
2026-06-09 20:45:00,0.20336147541276944,6.864662991285786,600.9,562.3
2026-06-09 21:00:00,0.17728341616596005,6.82666666666667,600.9,562.5
2026-06-09 21:15:00,0.22861541557034126,6.901458555674123,601.0,562.2
2026-06-09 21:30:00,0.2067154043662781,6.869549741946979,600.5,561.9
2026-06-09 21:45:00,0.14564305169298453,6.780565936999472,600.0,561.9
2026-06-09 22:00:00,0.10335063794366356,6.718944929602544,598.8,561.1
2026-06-09 22:15:00,0.14087483592275968,6.773618538324411,599.0,561.0
2026-06-09 22:30:00,0.10088639452012421,6.715354470965451,599.1,561.4
2026-06-09 22:45:00,0.12616257062649622,6.752182433636222,599.2,561.3
2026-06-09 23:00:00,0.0813406598251683,6.686875891583455,598.3,560.8
2026-06-09 23:15:00,0.14336223295751202,6.777242732298916,598.7,560.7
2026-06-09 23:30:00,0.05117287780533805,6.642920747996439,598.8,561.5
2026-06-10 06:45:00,0.39429477329136803,7.14285714285714,600.0,560.0
2026-06-10 07:00:00,0.21724796773246893,6.884895925991796,600.8,562.1
2026-06-10 07:15:00,0.1869808307039376,6.840796019900508,601.3,562.8
2026-06-10 07:30:00,0.155367699525262,6.79473496976164,600.4,562.2
2026-06-10 07:45:00,0.19032012732747774,6.8456614509246005,600.9,562.4
2026-06-10 08:00:00,0.2686378563594415,6.9597721609113705,600.9,561.8
2026-06-10 08:15:00,0.24505061908150566,6.925405020473563,600.6,561.7
2026-06-10 08:30:00,0.26948825836732215,6.9610112159515625,600.8,561.7
2026-06-10 08:45:00,0.24166821677508726,6.920476783490481,601.0,562.1
2026-06-10 09:00:00,0.24307404531574692,6.922525107604027,596.2,557.6
2026-06-10 09:15:00,0.20830669544523372,6.87186828919113,597.2,558.8
2026-06-10 09:30:00,0.07977028076117641,6.684587813620069,595.3,558.0
2026-06-10 09:45:00,0.1306322600983075,6.758694872714233,595.5,557.8
2026-06-10 10:00:00,0.07650813955024428,6.679834799784534,594.1,556.9
2026-06-10 10:15:00,0.15296383388909415,6.791232482932075,594.4,556.6
2026-06-10 10:30:00,0.18237190981728538,6.8340807174887885,595.6,557.5
2026-06-10 10:45:00,0.0740221362257502,6.67621263647753,596.0,558.7
2026-06-10 11:00:00,0.16498060789792343,6.808741195593271,591.4,553.7
2026-06-10 11:15:00,0.1227764522453804,6.7472487822479055,591.7,554.3
2026-06-10 11:30:00,0.10290780491059748,6.718299711815545,592.5,555.2
2026-06-10 11:45:00,0.263281768722054,6.951968219573845,592.3,553.8
2026-06-10 12:00:00,0.274204177325859,6.967882416984206,589.5,551.1
2026-06-10 12:15:00,0.33280355629883573,7.053263043083069,588.9,550.1
2026-06-10 12:30:00,0.2610351667583818,6.948694869486949,594.1,555.5
2026-06-10 12:45:00,0.22226648931006876,6.89220802591326,594.0,555.7
2026-06-10 13:00:00,0.28827401110519824,6.988382484361044,598.6,559.5
2026-06-10 13:15:00,0.2919617305705111,6.993755575379135,599.7,560.5
2026-06-10 13:30:00,0.34613794622552724,7.072691552062871,599.5,559.9
2026-06-10 13:45:00,0.24392626850271035,6.923766816143506,596.1,557.5
2026-06-10 14:00:00,0.14087483592275968,6.773618538324411,599.0,561.0
2026-06-10 14:15:00,0.13526227800224216,6.7654409139592975,598.1,560.2
2026-06-10 14:30:00,0.22397621865513034,6.89469914040115,596.9,558.4
2026-06-10 14:45:00,0.18237190981728538,6.8340807174887885,595.6,557.5
2026-06-10 15:00:00,0.31132352562150006,7.021966150522152,594.4,555.4
2026-06-10 15:15:00,0.2690904874401061,6.960431654676258,594.7,556.0
2026-06-10 15:30:00,0.26479833945318354,6.954177897574132,595.2,556.5
2026-06-10 15:45:00,0.3098015884531165,7.019748653500901,596.1,557.0
2026-06-10 16:00:00,0.21467282082717862,6.881143878462903,598.0,559.5
2026-06-10 16:15:00,0.23751018616267794,6.914418438449155,598.4,559.7
2026-06-10 16:30:00,0.30163238215333654,7.007845934379464,600.1,560.8
2026-06-10 16:45:00,0.3444046099754887,7.070166041778259,599.7,560.1
2026-06-10 17:00:00,0.3478725212364921,7.075218867250288,599.3,559.7
2026-06-10 17:15:00,0.27630239062673784,6.970939561419143,600.0,560.9
2026-06-10 17:30:00,0.2850474747471625,6.983681347604853,609.7,569.9
2026-06-10 17:45:00,0.11550761257860206,6.73665791776028,610.0,571.5
2026-06-10 18:00:00,0.4860734185584207,7.276580713528769,607.4,566.2
2026-06-10 18:15:00,0.4602380900423468,7.238938053097343,605.9,565.0
2026-06-10 18:30:00,0.4160058671589678,7.174490699734282,605.0,564.5
2026-06-10 18:45:00,0.4898405120375407,7.282069454287754,605.5,564.4
2026-06-10 19:00:00,0.442076108528245,7.21247563352827,605.0,564.3
2026-06-10 19:15:00,0.4281640797248225,7.192205491585479,605.1,564.5
2026-06-10 19:30:00,0.4524805048565166,7.227635075287853,605.3,564.5
2026-06-10 19:45:00,0.5263216122860688,7.335223245924882,605.8,564.4
2026-06-10 20:00:00,0.42982543703670983,7.194626126922388,606.4,565.7
2026-06-10 20:15:00,0.5070526376560863,7.30714791224345,606.5,565.2
2026-06-10 20:30:00,0.5052786288624418,7.304563141139031,606.7,565.4
2026-06-10 20:45:00,0.5218656096003643,7.32873074880509,606.3,564.9
2026-06-10 21:00:00,0.5254297802516444,7.333923826395039,605.9,564.5
2026-06-10 21:15:00,0.5108934437511916,7.31274405395812,604.6,563.4
2026-06-10 21:30:00,0.5108934437511916,7.31274405395812,604.6,563.4
2026-06-10 21:45:00,0.4865295424610747,7.277245296414625,604.4,563.4
2026-06-10 22:00:00,0.5248620228111531,7.333096590909083,604.5,563.2
2026-06-10 22:15:00,0.4856431893529195,7.275953859804796,604.5,563.5
2026-06-10 22:30:00,0.45775862231729053,7.235325412307159,604.7,563.9
2026-06-10 22:45:00,0.46216564117097303,7.241746538871152,604.2,563.4
2026-06-10 23:00:00,0.48830319294561514,7.279829545454541,604.2,563.2
2026-06-10 23:15:00,0.44910382292831114,7.222715173025751,604.2,563.5
2026-06-10 23:30:00,0.4099461691614471,7.16566158212133,604.2,563.8
2026-06-11 06:45:00,0.4099461691614471,7.16566158212133,604.2,563.8
2026-06-11 07:00:00,0.3968899903349452,7.146638433033359,607.2,566.7
2026-06-11 07:15:00,0.5035058746718792,7.301980198019797,606.9,565.6
2026-06-11 07:30:00,0.3231957408161611,7.039264237707821,605.2,565.4
2026-06-11 07:45:00,0.4576014502163913,7.235096408986386,606.2,565.3
2026-06-11 08:00:00,0.4669224028514222,7.24867724867726,608.1,567.0
2026-06-11 08:15:00,0.41334317136565424,7.170611091487089,606.8,566.2
2026-06-11 08:30:00,0.3596979843336905,7.092448835568099,607.0,566.8
2026-06-11 08:45:00,0.27493585138737814,6.968948482709947,606.3,566.8
2026-06-11 09:00:00,0.3276371528360812,7.045735475896175,606.2,566.3
2026-06-11 09:15:00,0.31316408498881304,7.024647887323932,607.9,568.0
2026-06-11 09:30:00,0.31996413337669366,7.034555712270807,607.1,567.2
2026-06-11 09:45:00,0.36485633990380995,7.099964676792636,606.4,566.2
2026-06-11 10:00:00,0.440436727606955,7.2100870182916,603.7,563.1
2026-06-11 10:15:00,0.35598144117887526,7.087033747779747,602.9,563.0
2026-06-11 10:30:00,0.42737180983639084,7.191051136363647,603.7,563.2
2026-06-11 10:45:00,0.3489670741882864,7.076813655761027,602.2,562.4
2026-06-11 11:00:00,0.38381216816954894,7.1275837491090455,601.2,561.2
2026-06-11 11:15:00,0.40827158012045517,7.163221667854591,601.4,561.2
2026-06-11 11:30:00,0.22861541557034126,6.901458555674123,601.0,562.2
2026-06-11 11:45:00,0.2105322907884592,6.875111032154924,601.6,562.9
2026-06-11 12:00:00,0.356076477792902,7.087172218284898,604.4,564.4
2026-06-11 12:15:00,0.33020024861779845,7.049469964664312,605.9,566.0
2026-06-11 12:30:00,0.30828836986500174,7.017543859649122,603.9,564.3
2026-06-11 12:45:00,0.33504116154579144,7.056523284749372,602.3,562.6
2026-06-11 13:00:00,0.23699499237488972,6.913667789399036,603.1,564.1
2026-06-11 13:15:00,0.12010940364256972,6.743362831858413,603.1,565.0
2026-06-11 13:30:00,0.13801306611179825,6.769448874712047,602.5,564.3
2026-06-11 13:45:00,0.14460910272315483,6.77905944986692,601.7,563.5
2026-06-11 14:00:00,0.21304843148137445,6.878777106292211,601.3,562.6
2026-06-11 14:15:00,0.2202051072649829,6.889204545454541,602.0,563.2
2026-06-11 14:30:00,0.24335881597024514,6.922940024915469,600.8,561.9
2026-06-11 14:45:00,0.2851204236721258,6.983787635845373,600.5,561.3
2026-06-11 15:00:00,0.20755463285084805,6.870772516909929,600.4,561.8
2026-06-11 15:15:00,0.30015262900034173,7.005689900426737,601.8,562.4
2026-06-11 15:30:00,0.3409416484539982,7.06512042818912,600.1,560.5
2026-06-11 15:45:00,0.41528991245755675,7.173447537473243,600.6,560.4
2026-06-11 16:00:00,0.3636932439823638,7.098270019618336,600.5,560.7
2026-06-11 16:15:00,0.3409416484539982,7.06512042818912,600.1,560.5
2026-06-11 16:30:00,0.38728388305854144,7.132642116553445,599.3,559.4
2026-06-11 16:45:00,0.38553429259925415,7.130092923516784,599.5,559.6
2026-06-11 17:00:00,0.3846599662611171,7.128819010184029,599.6,559.7
2026-06-11 17:15:00,0.34353840597119273,7.068903962870388,599.8,560.2
2026-06-11 17:30:00,0.3216217433556416,7.036970887658511,599.3,559.9
2026-06-11 17:45:00,0.21298522281294824,6.8786850098266905,598.2,559.7
2026-06-11 18:00:00,0.3190353320924927,7.033202427704377,599.6,560.2
2026-06-11 18:15:00,0.30678379515314264,7.015351660121372,599.5,560.2
2026-06-11 18:30:00,0.4538022384253583,7.2295608711174575,600.7,560.2
2026-06-11 18:45:00,0.39254455372860814,7.140307033202431,600.2,560.2
2026-06-11 19:00:00,0.3409416484539982,7.06512042818912,600.1,560.5
2026-06-11 19:15:00,0.3776765868666135,7.118644067796609,600.4,560.5
2026-06-11 19:30:00,0.39429477329136803,7.14285714285714,600.0,560.0
2026-06-11 19:45:00,0.38116578294508885,7.123727905731125,600.0,560.1
2026-06-11 20:00:00,0.32248449647557675,7.038227938549491,599.2,559.8
2026-06-11 20:15:00,0.30936364192070637,7.019110555456343,599.2,559.9
2026-06-11 20:30:00,0.27258933761587023,6.965529558849792,598.9,559.9
2026-06-11 20:45:00,0.2908471571529845,6.99213161659511,598.3,559.2
2026-06-11 21:00:00,0.29256412222605055,6.994633273703044,598.1,559.0
2026-06-11 21:15:00,0.31539404911802776,7.027896995708138,598.5,559.2
2026-06-11 21:30:00,0.3005408761515348,7.006255585344068,598.7,559.5
2026-06-11 21:45:00,0.2751522358787165,6.969263759828448,598.6,559.6
2026-06-11 22:00:00,0.25147341596618844,6.934763181411974,598.3,559.5
2026-06-11 22:15:00,0.31539404911802776,7.027896995708138,598.5,559.2
2026-06-11 22:30:00,0.2691764091421115,6.960556844547572,599.3,560.3
2026-06-11 22:45:00,0.3110850762118975,7.021618724316592,599.0,559.7
2026-06-11 23:00:00,0.2057759977610319,6.868181005186913,597.5,559.1
2026-06-11 23:15:00,0.15023004035902726,6.787249283667629,596.3,558.4
2026-06-11 23:30:00,0.16252107007504188,6.805157593123212,596.4,558.4
2026-06-12 09:45:00,0.2316153967656162,6.905829596412549,596.0,557.5
2026-06-12 10:00:00,0.24477879747481582,6.925008970218882,596.0,557.4
2026-06-12 10:15:00,0.18489727349197826,6.837760229720002,595.3,557.2
2026-06-12 10:30:00,0.1479447735273944,6.78391959798994,595.0,557.2
2026-06-12 10:45:00,0.13562727353918963,6.765972720746571,594.9,557.2
2026-06-12 11:00:00,0.10041762775834877,6.7146714671467045,592.8,555.5
2026-06-12 11:15:00,0.027102868709798382,6.607850198055454,592.1,555.4
2026-06-12 11:30:00,0.091374363745533,6.7014952260853855,592.3,555.1
2026-06-12 11:45:00,0.07983676638544762,6.684684684684683,592.1,555.0
2026-06-12 12:00:00,0.039460288575531834,6.62585523946706,592.2,555.4
2026-06-12 12:15:00,0.05263886600121646,6.645056726094012,592.2,555.3
2026-06-12 12:30:00,0.05263886600121646,6.645056726094012,592.2,555.3
2026-06-12 12:45:00,0.05263886600121646,6.645056726094012,592.2,555.3
2026-06-12 13:00:00,0.14083075714077478,6.773554314537922,592.7,555.1
2026-06-12 13:15:00,0.2009546087008122,6.861156131820634,593.4,555.3
2026-06-12 13:30:00,0.14250633867948193,6.775995674896373,592.5,554.9
2026-06-12 13:45:00,0.19282771868988108,6.849315068493156,592.8,554.8
2026-06-12 14:00:00,0.13348365090825406,6.762849413886385,592.0,554.5
2026-06-12 14:15:00,0.1838397103616992,6.83621933621934,592.3,554.4
2026-06-12 14:30:00,0.1475403382039546,6.783330326537973,591.9,554.3
2026-06-12 14:45:00,0.11122786630887652,6.730422230241784,591.5,554.2
2026-06-12 15:00:00,0.11206152414830534,6.73163688864824,591.4,554.1
2026-06-12 15:15:00,0.07490228758402584,6.677495036996928,591.1,554.1
2026-06-12 15:30:00,0.05095224293439857,6.642599277978323,590.8,554.0
2026-06-12 15:45:00,0.04930698040646269,6.640202093107184,591.0,554.2
2026-06-12 16:00:00,0.03692280322597078,6.62215806568025,590.9,554.2
2026-06-12 16:15:00,0.012970226643544764,6.587258617578051,590.6,554.1
2026-06-12 16:30:00,0.05177531974700922,6.643798519588384,590.7,553.9
2026-06-12 16:45:00,0.050129463207824264,6.641400469229364,590.9,554.1
2026-06-12 17:00:00,0.07572953893955561,6.678700361010836,591.0,554.0
2026-06-12 17:15:00,0.10050683494469743,6.714801444043328,591.2,554.0
2026-06-12 17:30:00,0.17230422416255925,6.819411870828085,592.1,554.3
2026-06-12 17:45:00,0.1343208720253083,6.764069264069272,591.9,554.4
2026-06-12 18:00:00,0.09884368912838461,6.71237820281485,591.4,554.2
2026-06-12 18:15:00,0.11039450926607046,6.729208010102838,591.6,554.3
2026-06-12 18:30:00,0.18977132848099892,6.844861838540717,591.6,553.7
2026-06-12 18:45:00,0.12361204348936843,6.748466257668717,591.6,554.2
2026-06-13 09:45:00,0.1565561427277249,6.7964665585000805,592.4,554.7
2026-06-13 10:00:00,0.06664616704791972,6.6654656818591285,592.1,555.1
2026-06-13 10:15:00,0.21115282165309637,6.876015159718474,592.2,554.1
2026-06-13 10:30:00,0.1227764522453804,6.7472487822479055,591.7,554.3
2026-06-13 10:45:00,0.13935054818351864,6.771397616468033,591.3,553.8
2026-06-13 11:00:00,0.1889230363989541,6.843625857710389,591.7,553.8
2026-06-13 11:15:00,0.23123708002748333,6.905278380332591,591.4,553.2
2026-06-13 11:30:00,0.12863193033780973,6.7557803468208055,591.0,553.6
2026-06-13 11:45:00,0.19486752253325174,6.852287109021882,591.0,553.1
2026-06-13 12:00:00,0.13851151211741117,6.770175121863153,591.4,553.9
2026-06-13 12:15:00,0.20557188444273014,6.867883607446235,591.3,553.3
2026-06-13 12:30:00,0.19316756310997268,6.849810229531927,591.2,553.3
2026-06-13 12:45:00,0.2196851359609308,6.888446935454717,591.2,553.1
2026-06-13 13:00:00,0.2196851359609308,6.888446935454717,591.2,553.1
2026-06-13 13:15:00,0.2196851359609308,6.888446935454717,591.2,553.1
2026-06-13 13:30:00,0.22054006459708397,6.889692585895113,591.1,553.0
2026-06-13 13:45:00,0.2462218931655714,6.927111593416546,591.2,552.9
2026-06-13 14:00:00,0.22054006459708397,6.889692585895113,591.1,553.0
2026-06-13 14:15:00,0.20812901397606803,6.871609403254975,591.0,553.0
2026-06-13 14:30:00,0.273643010830061,6.967064784654364,591.1,552.6
2026-06-13 14:45:00,0.22054006459708397,6.889692585895113,591.1,553.0
2026-06-13 15:00:00,0.22054006459708397,6.889692585895113,591.1,553.0
2026-06-13 15:15:00,0.23380859782567923,6.909025140170022,591.1,552.9
2026-06-13 15:30:00,0.24794228112111075,6.929618237741986,591.0,552.7
2026-06-13 15:45:00,0.24794228112111075,6.929618237741986,591.0,552.7
2026-06-13 16:00:00,0.26122297645904363,6.948968512486431,591.0,552.6
2026-06-13 16:15:00,0.273643010830061,6.967064784654364,591.1,552.6
2026-06-13 16:30:00,0.2727778555500126,6.965804233761541,591.2,552.7
2026-06-13 16:45:00,0.23466639066573075,6.910274963820551,591.0,552.8
2026-06-13 17:00:00,0.2196851359609308,6.888446935454717,591.2,553.1
2026-06-13 17:15:00,0.20727632924708367,6.870367022238288,591.1,553.1
2026-06-13 17:30:00,0.3002233233453028,7.005792903692987,591.1,552.4
2026-06-13 17:45:00,0.22054006459708397,6.889692585895113,591.1,553.0
2026-06-13 18:00:00,0.2603600683355541,6.947711235751752,591.1,552.7
2026-06-13 18:15:00,0.22054006459708397,6.889692585895113,591.1,553.0
2026-06-13 18:30:00,0.2462218931655714,6.927111593416546,591.2,552.9
2026-06-13 18:45:00,0.33837426003697013,7.061379684953839,591.3,552.3
2026-06-14 09:45:00,-0.44329522590613013,5.922469490308679,590.2,557.2
2026-06-14 10:00:00,0.1170697970438854,6.738934056007229,590.8,553.5
2026-06-14 10:15:00,0.041848734972977635,6.629335260115599,590.3,553.6
2026-06-14 10:30:00,0.09227011865752767,6.702800361336947,590.6,553.5
2026-06-14 10:45:00,0.04596184196717734,6.6353281504248685,589.8,553.1
2026-06-14 11:00:00,0.06002246306724988,6.655814794718773,589.7,552.9
2026-06-14 11:15:00,0.02278257704757338,6.6015554349792005,589.4,552.9
2026-06-14 11:30:00,0.07658176309613934,6.679942070963074,589.3,552.4
2026-06-14 11:45:00,-0.015269897202295052,6.546112115732372,589.2,553.0
2026-06-14 12:00:00,0.1039355352069587,6.719797138199612,589.2,552.1
2026-06-14 12:15:00,0.13215997655139836,6.760920790284564,589.0,551.7
2026-06-14 12:30:00,0.017600787276261406,6.594005449591278,586.8,550.5
2026-06-14 12:45:00,0.0010379079694348755,6.569872958257728,587.2,551.0
2026-06-14 13:00:00,0.017600787276261406,6.594005449591278,586.8,550.5
2026-06-14 13:15:00,0.06996528250795313,6.670301708469628,586.9,550.2
2026-06-14 13:30:00,0.08410876995219227,6.690909090909081,586.8,550.0
2026-06-14 13:45:00,0.07079750128717902,6.671514270132684,586.8,550.1
2026-06-14 14:00:00,0.05749107132397621,6.652126499454725,586.8,550.2
2026-06-14 14:15:00,-0.00733403922119286,6.557674841053585,586.6,550.5
2026-06-14 14:30:00,0.017600787276261406,6.594005449591278,586.8,550.5
2026-06-14 14:45:00,0.03171753304272675,6.614573868798845,586.7,550.3
2026-06-14 15:00:00,0.05915127543066638,6.6545454545454685,586.6,550.0
2026-06-14 15:15:00,0.05832102247711617,6.65333575713507,586.7,550.1
2026-06-14 15:30:00,0.09575045890734858,6.707871296127976,587.0,550.1
2026-06-14 15:45:00,0.0807714305685128,6.686046511627919,587.2,550.4
2026-06-14 16:00:00,0.13402375899528976,6.763636363636372,587.2,550.0
2026-06-14 16:15:00,0.06830175216476529,6.66787790697676,587.1,550.4
2026-06-14 16:30:00,0.0807714305685128,6.686046511627919,587.2,550.4
2026-06-14 16:45:00,0.12070341652750352,6.744228322123247,587.2,550.1
2026-06-14 17:00:00,0.0807714305685128,6.686046511627919,587.2,550.4
2026-06-14 17:15:00,0.1181804657797553,6.740552325581395,587.5,550.4
2026-06-14 17:30:00,0.1031973784368123,6.718721627020163,587.7,550.7
2026-06-14 17:45:00,0.09073449303018569,6.700562919920095,587.6,550.7
2026-06-14 18:00:00,0.18223318316374532,6.833878589603759,587.8,550.2
2026-06-14 18:15:00,0.10487268001735894,6.721162579473217,587.5,550.5
2026-06-14 18:30:00,0.1414303238423865,6.774427896839796,587.9,550.6
2026-06-14 18:45:00,0.21193497941781442,6.877154781346384,589.0,551.1
2026-06-15 06:45:00,-0.03633039145030824,6.5154264972776765,586.9,551.0
2026-06-15 07:00:00,0.16178567099680025,6.804086099963502,585.5,548.2
2026-06-15 07:15:00,0.20536344653175828,6.867579908675814,585.1,547.5
2026-06-15 07:30:00,0.2563765764925685,6.941907197661679,585.4,547.4
2026-06-15 07:45:00,0.30828836986500174,7.017543859649122,585.6,547.2
2026-06-15 08:00:00,-0.011850063910734124,6.551094890510956,583.9,548.0
2026-06-15 08:15:00,0.09918706653287755,6.712878511492137,585.0,548.2
2026-06-15 08:30:00,0.023242161026055273,6.602225059274125,584.5,548.3
2026-06-15 08:45:00,0.19712470035414578,6.855575868372954,584.5,547.0
2026-06-15 09:00:00,0.09506416137045837,6.706871345029231,583.9,547.2
2026-06-15 09:15:00,0.1728860781295892,6.820259645273374,584.2,546.9
2026-06-15 09:30:00,0.16888835932892168,6.814434878182829,583.1,545.9
2026-06-15 09:45:00,0.16946495165405565,6.815274986296371,584.6,547.3
2026-06-15 10:00:00,-0.00041346316780101135,6.567758277546587,589.0,552.7
2026-06-15 10:15:00,0.03930816972128386,6.625633598841429,589.0,552.4
2026-06-15 10:30:00,-0.03363263133881806,6.519357195032849,583.3,547.6
2026-06-15 10:45:00,-0.027385285406264694,6.528459719949087,585.8,549.9
2026-06-15 11:00:00,-0.007538423044935365,6.557377049180335,585.0,549.0
2026-06-15 11:15:00,-0.009996386889272934,6.553795740032764,585.3,549.3
2026-06-15 11:30:00,-0.011850063910734124,6.551094890510956,583.9,548.0
2026-06-15 11:45:00,-0.02437435404473261,6.532846715328455,583.8,548.0
2026-06-15 12:00:00,-0.04290444412601187,6.505847953216359,582.8,547.2
2026-06-15 12:15:00,0.021464089919159025,6.599634369287033,583.1,547.0
2026-06-15 12:30:00,-0.01699850633649852,6.543593492962896,582.9,547.1
2026-06-15 12:45:00,-0.03718511010125272,6.514181152790499,582.1,546.5
2026-06-15 13:00:00,-0.049248251609409155,6.496604881629664,580.3,544.9
2026-06-15 13:15:00,-0.09277891011292728,6.433179723502303,577.4,542.5
2026-06-15 13:30:00,-0.05845411803693602,6.483191725157012,576.5,541.4
2026-06-15 13:45:00,-0.019836097004692122,6.539459058910713,575.1,539.8
2026-06-15 14:00:00,-0.19144234303055319,6.289424860853421,572.9,539.0
2026-06-15 14:15:00,-0.2248746540500177,6.240713224368499,572.0,538.4
2026-06-15 14:30:00,-0.1596960839029262,6.3356798814375725,574.0,539.8
2026-06-15 14:45:00,-0.1326458674194848,6.37509266123053,574.0,539.6
2026-06-15 15:00:00,-0.13969822211460187,6.364817220263519,573.2,538.9
2026-06-15 15:15:00,-0.05797972979512513,6.483882919599848,574.8,539.8
2026-06-15 15:30:00,-0.17080363795370854,6.31949592290586,573.7,539.6
2026-06-15 15:45:00,-0.18912567682520257,6.292800296131773,574.3,540.3
2026-06-15 16:00:00,-0.2511605250688575,6.202414113277621,571.9,538.5
2026-06-15 16:15:00,-0.2735055503579711,6.1698569039212,571.3,538.1
2026-06-15 16:30:00,-0.23598334948377697,6.224527602815866,573.4,539.8
2026-06-15 16:45:00,-0.3109450611775264,6.115306686314237,576.1,542.9
2026-06-15 17:00:00,-0.22802617170822118,6.236121391561822,574.1,540.4
2026-06-15 17:15:00,-0.17080363795370854,6.31949592290586,573.7,539.6
2026-06-15 17:30:00,-0.09575954991061053,6.428836863619458,572.8,538.2
2026-06-15 17:45:00,0.008776945997609167,6.581148912437262,573.3,537.9
2026-06-15 18:00:00,-0.01067133454413724,6.5528123259699145,574.0,538.7
2026-06-15 18:15:00,0.013970243217759058,6.588715664439504,574.3,538.8
2026-06-15 18:30:00,-0.041955726846817636,6.507230255839835,574.5,539.4
2026-06-15 18:45:00,-0.030061937145422466,6.524559777571826,574.7,539.5
2026-06-15 19:00:00,0.07085283957797554,6.671594899279243,577.2,541.1
2026-06-15 19:15:00,0.07842074008885698,6.6826215022091295,579.5,543.2
2026-06-15 19:30:00,0.08349242194889439,6.690011057869505,578.9,542.6
2026-06-15 19:45:00,0.032896690335016444,6.616291927755258,578.5,542.6
2026-06-15 20:00:00,-0.07931128451444328,6.452802359882015,577.4,542.4
2026-06-15 20:15:00,-0.042996907085830954,6.505713232583843,577.9,542.6
2026-06-15 20:30:00,-0.12293136228377728,6.38924691585343,577.8,543.1
2026-06-15 20:45:00,-0.16164352514505143,6.332842415316642,577.6,543.2
2026-06-15 21:00:00,-0.14499247605373172,6.3571033720287495,577.2,542.7
2026-06-15 21:15:00,-0.22166191919141673,6.245394252026548,576.7,542.8
2026-06-15 21:30:00,-0.1568373032170792,6.339845189826754,577.0,542.6
2026-06-15 21:45:00,-0.22245145838886357,6.244243875483502,576.8,542.9
2026-06-15 22:00:00,-0.21850085112150341,6.25,576.3,542.4
2026-06-15 22:15:00,-0.21929155515300755,6.248847926267276,576.4,542.5
2026-06-15 22:30:00,-0.22720822574408703,6.237313157409119,575.7,541.9
2026-06-15 22:45:00,-0.27318037940367484,6.170330685387038,574.7,541.3
2026-06-15 23:00:00,-0.17094464967040626,6.31929046563191,575.4,541.2
2026-06-15 23:15:00,-0.17802572847295592,6.308973172987975,574.6,540.5
2026-06-15 23:30:00,-0.13912317956543577,6.365655070318277,574.8,540.4
2026-06-16 06:45:00,-0.28195601932992453,6.157544378698243,574.1,540.8
2026-06-16 07:00:00,-0.15282399117244239,6.345692676627923,576.5,542.1
2026-06-16 07:15:00,-0.18293228254032948,6.301824212271967,576.9,542.7
2026-06-16 07:30:00,-0.2469504637508298,6.208548268238778,576.5,542.8
2026-06-16 07:45:00,-0.2517533268648301,6.20155038759691,575.4,541.8
2026-06-16 08:00:00,-0.3093983041622966,6.117560346416062,575.9,542.7
2026-06-16 08:15:00,-0.2967517020001075,6.1359867330016415,576.0,542.7
2026-06-16 08:30:00,-0.2564616420143297,6.194690265486735,576.0,542.4
2026-06-16 08:45:00,-0.22562769703955035,6.239616023629302,575.5,541.7
2026-06-16 09:00:00,-0.3156652520217283,6.108429261047155,571.5,538.6
2026-06-16 09:15:00,-0.25510942089162064,6.196660482374772,572.4,539.0
2026-06-16 09:30:00,-0.27822197657478864,6.162984963801721,571.9,538.7
2026-06-16 09:45:00,-0.2797917847935244,6.160697717572838,572.1,538.9
2026-06-16 10:00:00,-0.14715499539188132,6.353952532236962,569.1,535.1
2026-06-16 10:15:00,-0.09520006738941496,6.429652042360057,562.8,528.8
2026-06-16 10:30:00,-0.1322210876842472,6.375711574952558,560.6,527.0
2026-06-16 10:45:00,-0.13670128264534825,6.369183829138048,557.8,524.4
2026-06-16 11:00:00,-0.06486180259508487,6.473855583221599,555.9,522.1
2026-06-16 11:15:00,-0.022847821172890338,6.535070908394025,555.9,521.8
2026-06-16 11:30:00,-0.20781596861112936,6.265568116497433,554.6,521.9
2026-06-16 11:45:00,-0.0958476489985593,6.428708501247371,554.6,521.1
2026-06-16 12:00:00,0.1318029649912398,6.760400616332807,554.3,519.2
2026-06-16 12:15:00,0.11235456679097339,6.732063858434323,554.9,519.9
2026-06-16 12:30:00,0.31665979267823496,7.029741212823493,554.2,517.8
2026-06-16 12:45:00,0.4160999163762677,7.174627731579975,554.2,517.1
2026-06-16 13:00:00,0.3593386151055567,7.091925226440554,555.7,518.9
2026-06-16 13:15:00,0.3773185189790431,7.118122354751821,556.8,519.8
2026-06-16 13:30:00,0.3725064844233579,7.1111111111111125,554.3,517.5
2026-06-16 13:45:00,0.360184773324054,7.093158098183228,554.1,517.4
2026-06-16 14:00:00,0.3980730892800527,7.148362235067451,556.1,519.0
2026-06-16 14:15:00,0.3801014756790242,7.122177185871448,555.0,518.1
2026-06-16 14:30:00,0.10826805036325088,6.726109711184347,550.6,515.9
2026-06-16 14:45:00,0.14750905243937862,6.7832847424684095,549.4,514.5
2026-06-16 15:00:00,0.0495972345591288,6.640625,546.0,512.0
2026-06-16 15:15:00,-0.011925761511466858,6.55098459738741,546.5,512.9
2026-06-16 15:30:00,0.29408919948800427,6.996855345911945,544.4,508.8
2026-06-16 15:45:00,0.3507912385272928,7.079471504634194,543.0,507.1
2026-06-16 16:00:00,0.1870982971777184,6.840967171220758,543.5,508.7
2026-06-16 16:15:00,0.16130917599931216,6.803391835929795,541.6,507.1
2026-06-16 16:30:00,0.23325749990395123,6.9082221779812825,537.0,502.3
2026-06-16 16:45:00,0.08661496187067728,6.694560669456062,535.5,501.9
2026-06-16 17:00:00,-0.05950194678919061,6.481665014866223,537.2,504.5
2026-06-16 17:15:00,0.13903403407839576,6.77093644822806,539.3,505.1
2026-06-16 17:30:00,0.2012422138104503,6.861575178997592,537.3,502.8
2026-06-16 17:45:00,0.021987928717670115,6.600397614314124,536.2,503.0
2026-06-16 18:00:00,0.08564537835373766,6.693147964250268,537.2,503.5
2026-06-16 18:15:00,-0.016018203308757858,6.545021816739394,537.2,504.2
2026-06-16 18:30:00,-0.18773899905934097,6.294820717131477,533.6,502.0
2026-06-16 18:45:00,-0.27567235457279277,6.166699820966781,533.7,502.7
2026-06-16 19:00:00,-0.17334748932266186,6.315789473684208,535.3,503.5
2026-06-16 19:15:00,-0.17334748932266186,6.315789473684208,535.3,503.5
2026-06-16 19:30:00,-0.2765141202584495,6.1654733492442215,533.8,502.8
2026-06-16 19:45:00,-0.3107864073079755,6.11553784860559,532.7,502.0
2026-06-16 20:00:00,-0.31329324613818155,6.111885327493538,533.0,502.3
2026-06-16 20:15:00,-0.327789242736542,6.090764331210186,533.0,502.4
2026-06-16 20:30:00,-0.3857155680456153,6.006364359586325,533.0,502.8
2026-06-16 20:45:00,-0.39062898241268473,5.999205403257846,533.6,503.4
2026-06-16 21:00:00,-0.3761742732583286,6.020266242797545,533.6,503.3
2026-06-16 21:15:00,-0.429099864162618,5.943152454780365,533.0,503.1
2026-06-16 21:30:00,-0.38109417317746247,6.013097836872405,534.2,503.9
2026-06-16 21:45:00,-0.4138302179804937,5.965400676078736,532.9,502.9
2026-06-16 22:00:00,-0.3575897326522499,6.047344340560978,533.1,502.7
2026-06-16 22:15:00,-0.39226418544669234,5.996822875297836,533.8,503.6
2026-06-16 22:30:00,-0.4050779498752098,5.978152929493552,533.6,503.5
2026-06-16 22:45:00,-0.4355757051752766,5.933717007342731,533.8,503.9
2026-06-16 23:00:00,-0.41952117906631275,5.957108816521051,533.6,503.6
2026-06-16 23:15:00,-0.4451646279702763,5.919745729042525,533.2,503.4
2026-06-16 23:30:00,-0.5012921599252198,5.837966640190628,533.0,503.6
2026-06-17 06:45:00,-0.5012921599252198,5.837966640190628,533.0,503.6
2026-06-17 07:00:00,-0.3443373503274156,6.066653362602281,531.5,501.1
2026-06-17 07:15:00,-0.36724719330710526,6.0332732010423,529.0,498.9
2026-06-17 07:30:00,-0.41964185804792453,5.956932984503927,526.5,496.9
2026-06-17 07:45:00,-0.45053265501642453,5.911924391715262,526.7,497.3
2026-06-17 08:00:00,-0.3873272761605558,6.004016064257023,527.9,498.0
2026-06-17 08:15:00,-0.22108544805114225,6.246234183570998,529.0,497.9
2026-06-17 08:30:00,-0.3247971344928818,6.095123900879296,530.9,500.4
2026-06-17 08:45:00,-0.3410110208912718,6.071499900139821,531.1,500.7
2026-06-17 09:00:00,-0.28831301086475236,6.148282097649171,528.3,497.7
2026-06-17 09:15:00,-0.3543228873140104,6.052104208416842,529.2,499.0
2026-06-17 09:30:00,-0.3826578837482286,6.010819475055107,529.1,499.1
2026-06-17 09:45:00,-0.34514610067379037,6.065474994978914,528.1,497.9
2026-06-17 10:00:00,-0.40358160864536485,5.980333132651006,528.1,498.3
2026-06-17 10:15:00,-0.463570135994572,5.892928485817017,530.1,500.6
2026-06-17 10:30:00,-0.38079041314243595,6.013540422142572,532.4,502.2
2026-06-17 10:45:00,-0.0013074652536635514,6.566455696202511,538.8,505.6
2026-06-17 11:00:00,0.04848479436958166,6.639004149377592,539.7,506.1
2026-06-17 11:15:00,-0.06137995648077443,6.478928712091392,540.7,507.8
2026-06-17 11:30:00,-0.14804087530835344,6.352661785078162,537.4,505.3
2026-06-17 11:45:00,-0.2524910997022482,6.200475435816166,536.1,504.8
2026-06-17 12:00:00,-0.2872086065183974,6.149891239865535,536.8,505.7
2026-06-17 12:15:00,-0.40935572722398844,5.971920110737594,535.9,505.7
2026-06-17 12:30:00,-0.5985892763902575,5.696202531645556,534.4,505.6
2026-06-17 12:45:00,-0.4580801153729062,5.900927570554582,536.6,506.7
2026-06-17 13:00:00,-0.4708284611738623,5.882352941176472,538.2,508.3
2026-06-17 13:15:00,-0.6501556305821439,5.621069182389937,537.4,508.8
2026-06-17 13:30:00,-0.6839379969365633,5.571847507331373,540.0,511.5
2026-06-17 13:45:00,-0.5040242626529572,5.833985904463579,540.6,510.8
2026-06-17 14:00:00,-0.46686649673731995,5.888125613346418,539.5,509.5
2026-06-17 14:15:00,-0.4336516659623805,5.936520376175558,540.7,510.4
2026-06-17 14:30:00,-0.6057187193026786,5.68581477139507,540.9,511.8
2026-06-17 14:45:00,-0.5770095711900318,5.727644652250175,542.7,513.3
2026-06-17 15:00:00,-0.3943715203692583,5.993752440452926,542.9,512.2
2026-06-17 15:15:00,-0.40376464454865485,5.980066445182719,542.3,511.7
2026-06-17 15:30:00,-0.4053682021096812,5.977730025395589,542.5,511.9
2026-06-17 15:45:00,-0.44630279106100035,5.918087399568872,540.5,510.3
2026-06-17 16:00:00,-0.435365669989454,5.934023033378888,542.7,512.3
2026-06-17 16:15:00,-0.34483691022126167,6.06592549249072,543.8,512.7
2026-06-17 16:30:00,-0.4802429386573632,5.868635833657199,544.8,514.6
2026-06-17 16:45:00,-0.5100249831237461,5.825242718446599,545.0,515.0
2026-06-17 17:00:00,-0.521803735931909,5.808080808080818,544.7,514.8
2026-06-17 17:15:00,-0.5694504972082802,5.738658394726648,545.4,515.8
2026-06-17 17:30:00,-0.6706062533524711,5.591272160529903,542.0,513.3
2026-06-17 17:45:00,-0.6010367635439959,5.692636487274139,544.0,514.7
2026-06-17 18:00:00,-0.5471810544281561,5.771105478650807,542.5,512.9
2026-06-17 18:15:00,-0.5386680061977183,5.783509183274704,541.4,511.8
2026-06-17 18:30:00,-0.5031326985263971,5.835284933645579,542.3,512.4
2026-06-17 18:45:00,-0.38338771279280337,6.009756097560959,543.3,512.5
2026-06-17 19:00:00,-0.4195744153819776,5.95703125,542.5,512.0
2026-06-17 19:15:00,-0.4361604991369999,5.932864949258399,542.8,512.4
2026-06-17 19:30:00,-0.4195744153819776,5.95703125,542.5,512.0
2026-06-17 19:45:00,-0.3887418251763775,6.001955034213102,542.2,511.5
2026-06-17 20:00:00,-0.3273731701796309,6.091370558375631,543.4,512.2
2026-06-17 20:15:00,-0.353361360536331,6.053505174770546,543.1,512.1
2026-06-17 20:30:00,-0.3391449896777849,6.074218750000004,543.1,512.0
2026-06-17 20:45:00,-0.3785531562279579,6.016800156280544,542.7,511.9
2026-06-17 21:00:00,-0.335069793947257,6.080156402737047,542.6,511.5
2026-06-17 21:15:00,-0.3436027959761916,6.067723624975541,541.9,510.9
2026-06-17 21:30:00,-0.26050603493359137,6.188797493145315,542.2,510.6
2026-06-17 21:45:00,-0.22437582384626345,6.241440031305023,543.0,511.1
2026-06-17 22:00:00,-0.3200142275888786,6.102092704869944,542.5,511.3
2026-06-17 22:15:00,-0.29234320335904473,6.142410015649458,542.6,511.2
2026-06-17 22:30:00,-0.24873274175424953,6.205951448707903,542.5,510.8
2026-06-17 22:45:00,-0.2991824066868323,6.132445141065834,541.7,510.4
2026-06-17 23:00:00,-0.20758164183588987,6.265909535931091,542.7,510.7
2026-06-17 23:15:00,-0.2226989029622656,6.243883343119983,542.8,510.9
2026-06-17 23:30:00,-0.21010639051310814,6.262230919765166,543.0,511.0
2026-06-18 06:45:00,-0.024094234547912485,6.533254855797521,543.0,509.7
2026-06-18 07:00:00,-0.20412051601893516,6.270952474857028,538.9,507.1
2026-06-18 07:15:00,-0.3082549674488585,6.119226213975515,537.6,506.6
2026-06-18 07:30:00,-0.21765494905664914,6.251232498520998,538.8,507.1
2026-06-18 07:45:00,-0.273462808367285,6.169919179972405,538.6,507.3
2026-06-18 08:00:00,-0.3357207666032494,6.079207920792085,535.7,505.0
2026-06-18 08:15:00,-0.36945841300733073,6.030051403716863,536.3,505.8
2026-06-18 08:30:00,-0.4492688236061052,5.9137658227848,535.5,505.6
2026-06-18 08:45:00,-0.36829533708909423,6.0317460317460325,534.4,504.0
2026-06-18 09:00:00,-0.2840749709465008,6.154457018066317,534.7,503.7
2026-06-18 09:15:00,-0.37239818633084015,6.0257680872150665,534.9,504.5
2026-06-18 09:30:00,-0.4612102556685959,5.896366885050619,533.4,503.7
2026-06-18 09:45:00,-0.50288278241909,5.835649067090132,533.2,503.8
2026-06-18 10:00:00,-0.47324211706915076,5.878836189717007,531.3,501.8
2026-06-18 10:15:00,-0.4531600070782934,5.908096280087527,532.4,502.7
2026-06-18 10:30:00,-0.507771592464593,5.828525959816999,532.0,502.7
2026-06-18 10:45:00,-0.5476825577513921,5.770374776918485,533.4,504.3
2026-06-18 11:00:00,-0.6421830301582467,5.632685442284813,532.6,504.2
2026-06-18 11:15:00,-0.6154460764874523,5.671641791044779,531.0,502.5
2026-06-18 11:30:00,-0.6928323572407262,5.558888222355529,527.9,500.1
2026-06-18 11:45:00,-0.7417028833410257,5.487682755858203,526.7,499.3
2026-06-18 12:00:00,-0.7674355619900476,5.4501896586145016,528.2,500.9
2026-06-18 12:15:00,-0.770150897427596,5.446233353210084,530.5,503.1
2026-06-18 12:30:00,-0.6110939581257393,5.677982926345049,532.3,503.7
2026-06-18 12:45:00,-0.6107926106828901,5.678421996413618,530.4,501.9
2026-06-18 13:00:00,-0.7309829232490447,5.503301981188735,527.2,499.7
2026-06-18 13:15:00,-0.6882741574487897,5.565529622980248,529.2,501.3
2026-06-18 13:30:00,-0.6859868544161128,5.568862275449105,528.9,501.0
2026-06-18 13:45:00,-0.720189876965793,5.519027694759915,529.6,501.9
2026-06-18 14:00:00,-0.702697075816565,5.544515103338643,531.1,503.2
2026-06-18 14:15:00,-0.6617790849972681,5.604133545310019,531.4,503.2
2026-06-18 14:30:00,-0.7763755372779058,5.4371639115713855,529.4,502.1
2026-06-18 14:45:00,-0.8310523824754597,5.35749850627365,529.0,502.1
2026-06-18 15:00:00,-0.9781301184957645,5.143202904396915,521.3,495.8
2026-06-18 15:15:00,-0.7929271272071807,5.413047869117338,521.9,495.1
2026-06-18 15:30:00,-0.6418078994747988,5.633232016210732,521.3,493.5
2026-06-18 15:45:00,-0.6242240656681162,5.658852061438946,522.8,494.8
2026-06-18 16:00:00,-0.8505932291493189,5.329027048849411,521.8,495.4
2026-06-18 16:15:00,-0.8093625078799445,5.389101146189423,524.1,497.3
2026-06-18 16:30:00,-0.46019122102572674,5.897851641670049,522.5,493.4
2026-06-18 16:45:00,-0.42177327574447665,5.953827460510341,523.2,493.8
2026-06-18 17:00:00,-0.2823415369675751,6.156982670744138,520.7,490.5
2026-06-18 17:15:00,-0.29497615595099436,6.138573743922193,523.9,493.6
2026-06-18 17:30:00,-0.24462490331937323,6.211936662606576,523.2,492.6
2026-06-18 17:45:00,-0.30377018141505285,6.125760649087231,523.2,493.0
2026-06-18 18:00:00,-0.29070410761793586,6.144798215372127,523.4,493.1
2026-06-18 18:15:00,-0.211525941575347,6.260162601626007,522.8,492.0
2026-06-18 18:30:00,-0.2272159453329811,6.2373019097927695,522.9,492.2
2026-06-18 18:45:00,-0.6697153962928601,5.592570159499299,523.0,495.3
2026-06-18 19:00:00,-0.5841974722357847,5.7171717171716985,523.3,495.0
2026-06-18 19:15:00,-0.6119280217041502,5.67676767676768,523.1,495.0
2026-06-18 19:30:00,-0.6035842422948129,5.688924752874724,523.9,495.7
2026-06-18 19:45:00,-0.528736373299008,5.797979797979802,523.7,495.0
2026-06-18 20:00:00,-0.4952472621466795,5.846774193548376,525.0,496.0
2026-06-18 20:15:00,-0.5359583948030218,5.78745714861868,524.6,495.9
2026-06-18 20:30:00,-0.48140994159540323,5.866935483870983,525.1,496.0
2026-06-18 20:45:00,-0.4537353004928963,5.90725806451613,525.3,496.0
2026-06-18 21:00:00,-0.46026402017328616,5.897745571658608,526.1,496.8
2026-06-18 21:15:00,-0.5049322733128649,5.83266291230895,526.2,497.2
2026-06-18 21:30:00,-0.5447497891891924,5.774647887323958,525.7,497.0
2026-06-18 21:45:00,-0.531740376696465,5.793602896801442,525.9,497.1
2026-06-18 22:00:00,-0.4789729876230055,5.870486181157952,524.8,495.7
2026-06-18 22:15:00,-0.4235902077688468,5.951180149283863,525.2,495.7
2026-06-18 22:30:00,-0.4765330821520332,5.87404117884538,524.5,495.4
2026-06-18 22:45:00,-0.46594273092678634,5.889471561113346,525.0,495.8
2026-06-18 23:00:00,-0.3900836259571044,6.000000000000005,524.7,495.0
2026-06-18 23:15:00,-0.35900029270747563,6.045289122523245,524.5,494.6
2026-06-18 23:30:00,-0.2896178524181095,6.146380913869787,525.0,494.6
2026-06-19 06:45:00,-0.3043442648506564,6.124924196482717,525.0,494.7
2026-06-19 07:00:00,-0.4265802259221378,5.946823624923892,522.0,492.7
2026-06-19 07:15:00,-0.5695365341303001,5.738533036977156,523.3,494.9
2026-06-19 07:30:00,-0.5018151682859371,5.837204605130264,524.0,495.1
2026-06-19 07:45:00,-0.5572650652233045,5.756412845889725,523.6,495.1
2026-06-19 08:00:00,-0.5423559979070526,5.778135695590891,525.4,496.7
2026-06-19 08:15:00,-0.4423570806319801,5.92383638928069,525.7,496.3
2026-06-19 08:30:00,-0.5153717504107941,5.817452357071207,527.5,498.5
2026-06-19 08:45:00,-0.5736005003854046,5.732611745840854,527.5,498.9
2026-06-19 09:00:00,-0.3289728912183013,6.08903972848871,531.4,500.9
2026-06-19 09:15:00,-0.3293268973551902,6.0885239335069175,529.7,499.3
2026-06-19 09:30:00,-0.3043609265996913,6.124899919935944,530.2,499.6
2026-06-19 09:45:00,-0.3480717603042072,6.06121224244851,530.2,499.9
2026-06-19 10:00:00,-0.21850085112150341,6.25,532.1,500.8
2026-06-19 10:15:00,-0.28786701583342966,6.148931922539447,531.7,500.9
2026-06-19 10:30:00,-0.16644918380017823,6.325840461507859,534.5,502.7
2026-06-19 10:45:00,-0.26188138610373607,6.186793575252825,535.5,504.3
2026-06-19 11:00:00,-0.219351787318863,6.248760166633605,535.6,504.1
2026-06-19 11:15:00,-0.2295718064166277,6.233869366686529,535.1,503.7
2026-06-19 11:30:00,-0.10606575244051768,6.413820492454314,535.9,503.6
2026-06-19 11:45:00,-0.10068813771432619,6.42165579924916,538.6,506.1
2026-06-19 12:00:00,-0.027570463693157694,6.528189910979232,538.5,505.5
2026-06-19 12:15:00,0.03133586445847725,6.614017769002967,540.0,506.5
2026-06-19 12:30:00,0.12856275282059307,6.75567955360703,535.7,501.8
2026-06-19 12:45:00,0.048257012175198906,6.6386722655468855,533.3,500.1
2026-06-19 13:00:00,0.18420737564534256,6.8367550328881865,536.0,501.7
2026-06-19 13:15:00,0.08116966381094674,6.686626746506996,534.5,501.0
2026-06-19 13:30:00,0.18751489760654258,6.841574167507569,529.4,495.5
2026-06-19 13:45:00,0.21617089376885645,6.883326604763829,529.5,495.4
2026-06-19 14:00:00,0.06839778941228068,6.668017835427631,526.3,493.4
2026-06-19 14:15:00,0.08510079366468015,6.692354491989461,526.1,493.1
2026-06-19 14:30:00,0.16892160629818714,6.814483319772169,525.1,491.6
2026-06-19 14:45:00,0.11025858226446597,6.729009961374266,525.0,491.9
2026-06-19 15:00:00,0.11401714080304702,6.734486266531037,524.6,491.5
2026-06-19 15:15:00,0.10662543371368521,6.723716381418088,523.8,490.8
2026-06-19 15:30:00,0.21279916452331388,6.878413918672854,528.3,494.3
2026-06-19 15:45:00,0.23051865986254713,6.9042316258352,528.0,493.9
2026-06-19 16:00:00,0.2224025925303979,6.892406331396517,533.5,499.1
2026-06-19 16:15:00,0.2655696150663366,6.955301663660052,533.6,498.9
2026-06-19 16:30:00,0.31769532023976105,7.03125,534.3,499.2
2026-06-19 16:45:00,0.23900734962297804,6.916599839615056,533.3,498.8
2026-06-19 17:00:00,0.25141177342827187,6.9346733668341765,532.0,497.5
2026-06-19 17:15:00,0.29279857338860155,6.99497487437184,532.3,497.5
2026-06-19 17:30:00,0.301499302176077,7.007652033830025,531.4,496.6
2026-06-19 17:45:00,0.2767486450542053,6.9715897642554925,530.9,496.3
2026-06-19 18:00:00,0.2815739968765739,6.978620411456227,530.4,495.8
2026-06-19 18:15:00,0.2552415718555046,6.940253470126745,531.6,497.1
2026-06-19 18:30:00,0.07756894494314834,6.681380417335481,531.7,498.4
2026-06-19 18:45:00,0.06104798496016587,6.657309003408862,531.9,498.7
2026-06-19 19:00:00,0.11795283473969058,6.740220661985963,532.1,498.5
2026-06-19 19:15:00,0.1492257341766376,6.785785986749637,531.9,498.1
2026-06-19 19:30:00,0.22096889157716335,6.890317396544798,532.1,497.8
2026-06-19 19:45:00,0.22667569662171447,6.898632341110211,531.5,497.2
2026-06-19 20:00:00,0.23048789140322506,6.904186795491141,531.1,496.8
2026-06-19 20:15:00,0.22143282000141482,6.890993350795882,530.5,496.3
2026-06-19 20:30:00,0.2038062602868351,6.865311052949452,530.8,496.7
2026-06-19 20:45:00,0.2905776013173991,6.9917388676203895,531.0,496.3
2026-06-19 21:00:00,0.26712705071061543,6.957570882766939,531.9,497.3
2026-06-19 21:15:00,0.2376161734414801,6.9145728643216,531.9,497.5
2026-06-19 21:30:00,0.31941942368465953,7.033762057877824,532.6,497.6
2026-06-19 21:45:00,0.2889416793975444,6.989355292227373,532.7,497.9
2026-06-19 22:00:00,0.2694000181452373,6.9608826479438335,533.2,498.5
2026-06-19 22:15:00,0.29308338934344014,6.995389857686907,533.8,498.9
2026-06-19 22:30:00,0.25181272792779247,6.935257566646635,533.5,498.9
2026-06-19 22:45:00,0.3136055060061796,7.0252910477719865,533.2,498.2
2026-06-19 23:00:00,0.2741966750128648,6.967871485943777,532.7,498.0
2026-06-19 23:15:00,0.3145735196034477,7.026701465569163,533.1,498.1
2026-06-19 23:30:00,0.3815409720228126,7.124274564738831,535.3,499.7
2026-06-22 06:45:00,0.6984847549855062,7.5860688550840605,537.5,499.6
2026-06-22 07:00:00,0.17799957186155935,6.827710121780806,535.1,500.9
2026-06-22 07:15:00,0.3275692289197439,7.045636509207354,534.8,499.6
2026-06-22 07:30:00,0.30176017297841196,7.008032128514041,532.9,498.0
2026-06-22 07:45:00,0.11239159684337212,6.732117812061711,532.7,499.1
2026-06-22 08:00:00,0.17833155763925448,6.8281938325991165,533.5,499.4
2026-06-22 08:15:00,0.2879784239956384,6.987951807228909,532.8,498.0
2026-06-22 08:30:00,0.1464223858884155,6.781701444622801,532.2,498.4
2026-06-22 08:45:00,0.1705190134012191,6.816810778202309,531.2,497.3
2026-06-22 09:00:00,0.4348428799702847,7.201936655235008,531.4,495.7
2026-06-22 09:15:00,0.3597223826333835,7.092484384444897,531.5,496.3
2026-06-22 09:30:00,0.30246799694429255,7.009063444108743,531.3,496.5
2026-06-22 09:45:00,0.31240781522935085,7.02354598510766,531.8,496.9
2026-06-22 10:00:00,0.26041492603009125,6.947791164658645,532.6,498.0
2026-06-22 10:15:00,0.3058474826807938,7.013987431583213,527.9,493.3
2026-06-22 10:30:00,0.20245026715368325,6.863335340156529,532.5,498.3
2026-06-22 10:45:00,0.19749872220807352,6.856120826709078,537.7,503.2
2026-06-22 11:00:00,0.16646050267633372,6.810897435897445,533.2,499.2
2026-06-22 11:15:00,0.2376161734414801,6.9145728643216,531.9,497.5
2026-06-22 11:30:00,0.3070711340704397,7.015770319450043,529.3,494.6
2026-06-22 11:45:00,0.27931815795470843,6.975333602911449,529.1,494.6
2026-06-22 12:00:00,0.44497805218056785,7.216703831339943,528.9,493.3
2026-06-22 12:15:00,0.41415848883149436,7.171799027552672,529.0,493.6
2026-06-22 12:30:00,0.40926230329942376,7.164665174028095,526.5,491.3
2026-06-22 12:45:00,0.3173675051767793,7.030772366007754,525.2,490.7
2026-06-22 13:00:00,0.39129516183187335,7.138486640832142,525.3,490.3
2026-06-22 13:15:00,0.5035927451645609,7.302106770300676,524.6,488.9
2026-06-22 13:30:00,0.43217396601636127,7.198047986986578,527.2,491.8
2026-06-22 13:45:00,0.41421498863188844,7.171881349045095,527.5,492.2
2026-06-22 14:00:00,0.23197799607535324,6.9063579118423535,526.3,492.3
2026-06-22 14:15:00,0.2075001605801894,6.870693149574381,527.3,493.4
2026-06-22 14:30:00,0.23672937319976253,6.913280776228015,528.9,494.7
2026-06-22 14:45:00,-0.004066504870463747,6.562435712816295,518.0,486.1
2026-06-22 15:00:00,-0.038090216086110844,6.51286239281339,521.7,489.8
2026-06-22 15:15:00,-0.043899847888290974,6.504397627326664,520.7,488.9
2026-06-22 15:30:00,-0.11768325912224795,6.396893521357039,520.6,489.3
2026-06-22 15:45:00,-0.17542052745402084,6.312769010043051,518.7,487.9
2026-06-22 16:00:00,-0.0036277176379357146,6.563075035780019,521.2,489.1
2026-06-22 16:15:00,-0.029242198393952847,6.525754155550989,519.1,487.3
2026-06-22 16:30:00,-0.4095053965585608,5.9717020391177655,509.3,480.6
2026-06-22 16:45:00,-0.5353238171042577,5.788381742738591,509.9,482.0
2026-06-22 17:00:00,-0.5939048898016371,5.703027789299053,509.7,482.2
2026-06-22 17:15:00,-0.6102464208782619,5.679217807364267,508.0,480.7
2026-06-22 17:30:00,-0.5665932470114685,5.742821473158544,508.2,480.6
2026-06-22 17:45:00,-0.4342884915430479,5.935592506840659,503.3,475.1
2026-06-22 18:00:00,-0.4183087404076127,5.958875367184224,505.0,476.6
2026-06-22 18:15:00,-0.3900836259571044,6.000000000000005,503.5,475.0
2026-06-22 18:30:00,-0.44103017740555794,5.925769717418805,502.3,474.2
2026-06-22 18:45:00,-0.47421825274467644,5.877413937867337,504.4,476.4
2026-06-22 19:00:00,-0.46232900483525696,5.894736842105264,503.0,475.0
2026-06-22 19:15:00,-0.4810170839141484,5.86750788643533,503.4,475.5
2026-06-22 19:30:00,-0.5456867154835389,5.773282764433207,502.0,474.6
2026-06-22 19:45:00,-0.6076409056055325,5.683014102294259,502.1,475.1
2026-06-22 20:00:00,-0.550689724961473,5.765993265993274,502.6,475.2
2026-06-22 20:15:00,-0.4383390103242563,5.929690808979249,500.2,472.2
2026-06-22 20:30:00,-0.2797673503433387,6.160733319121725,498.0,469.1
2026-06-22 20:45:00,-0.2248963752101572,6.240681576144835,498.8,469.5
2026-06-22 21:00:00,-0.2458694349425801,6.210123351765207,499.4,470.2
2026-06-22 21:15:00,-0.27866055755556907,6.162345941351477,499.6,470.6
2026-06-22 21:30:00,-0.41928920465252423,5.957446808510647,498.0,470.0
2026-06-22 21:45:00,-0.4088230416388199,5.972696245733777,496.8,468.8
2026-06-22 22:00:00,-0.15673400223913841,6.339995701697831,494.8,465.3
2026-06-22 22:15:00,-0.07159779047458584,6.464041095890405,497.4,467.2
2026-06-22 22:30:00,0.02236223828551678,6.600942991855963,497.4,466.6
2026-06-22 22:45:00,-0.010911412615896926,6.5524625267666,497.6,467.0
2026-06-22 23:00:00,0.06353787416692974,6.660936828534592,496.4,465.4
2026-06-22 23:15:00,0.034043628385135895,6.6179630425440505,496.2,465.4
2026-06-22 23:30:00,0.24458814332728449,6.924731182795707,497.2,465.0
2026-06-23 06:45:00,0.6578627837915264,7.526881720430101,500.0,465.0
2026-06-23 07:00:00,0.30389953538485115,7.011149228130376,499.1,466.4
2026-06-23 07:15:00,-0.10301599836223506,6.418264053413747,494.1,464.3
2026-06-23 07:30:00,0.07338199151443572,6.675279931093892,495.4,464.4
2026-06-23 07:45:00,0.1873319730999685,6.841307642346828,493.5,461.9
2026-06-23 08:00:00,0.01735176033637151,6.593642611683848,496.3,465.6
2026-06-23 08:15:00,-0.08962966830506434,6.4377682403433445,496.0,466.0
2026-06-23 08:30:00,-0.08488376008410581,6.444683136412466,495.5,465.5
2026-06-23 08:45:00,-0.11908593866311017,6.394849785407719,495.8,466.0
2026-06-23 09:00:00,0.03361337405977114,6.617336152219866,504.3,473.0
2026-06-23 09:15:00,0.0878320325381632,6.696333969061241,503.5,471.9
2026-06-23 09:30:00,0.34804604692058244,7.0754716981132,499.4,466.4
2026-06-23 09:45:00,0.28706529898341765,6.986621363346801,503.8,470.9
2026-06-23 10:00:00,0.043312358632921204,6.63146779303061,504.9,473.5
2026-06-23 10:15:00,0.007265957872719603,6.578947368421062,502.2,471.2
2026-06-23 10:30:00,-0.07825970948725929,6.454334528580463,504.7,474.1
2026-06-23 10:45:00,-0.000172188315902133,6.568109820485746,504.6,473.5
2026-06-23 11:00:00,-0.004203990086346307,6.562235393734128,503.4,472.4
2026-06-23 11:15:00,-0.02215053927535992,6.536086863955704,500.4,469.7
2026-06-23 11:30:00,0.09857012191794992,6.711979609175867,502.4,470.8
2026-06-23 11:45:00,0.1767341965767356,6.8258664412510495,505.5,473.2
2026-06-23 12:00:00,0.043312358632921204,6.63146779303061,504.9,473.5
2026-06-23 12:15:00,-0.2382684519090149,6.2211981566820285,507.1,477.4
2026-06-23 12:30:00,-0.3458782770241358,6.064408197406945,507.2,478.2
2026-06-23 12:45:00,-0.4547640436961808,5.90575916230367,505.7,477.5
2026-06-23 13:00:00,-0.4589191934427822,5.899705014749257,502.6,474.6
2026-06-23 13:15:00,-0.4784747523875632,5.871212121212133,503.1,475.2
2026-06-23 13:30:00,-0.5415078676597487,5.779371440624326,501.5,474.1
2026-06-23 13:45:00,-0.5083366194248933,5.827702702702697,501.2,473.6
2026-06-23 14:00:00,-0.4605881523321698,5.89727330374128,501.0,473.1
2026-06-23 14:15:00,-0.2797673503433387,6.160733319121725,498.0,469.1
2026-06-23 14:30:00,-0.24505314818784105,6.21131270010673,497.6,468.5
2026-06-23 14:45:00,-0.3078289000690795,6.119847003824885,499.4,470.6
2026-06-23 15:00:00,-0.2714584976756988,6.172839506172845,498.8,469.8
2026-06-23 15:15:00,-0.3701984471095154,6.028973157221995,497.7,469.4
2026-06-23 15:30:00,-0.4101310979310268,5.970790378006874,493.4,465.6
2026-06-23 15:45:00,-0.5591163383216885,5.753715498938439,498.1,471.0
2026-06-23 16:00:00,-0.5042294854998507,5.833686890114542,498.9,471.4
2026-06-23 16:15:00,-0.5761925045820991,5.728835136855515,498.3,471.3
2026-06-23 16:30:00,-0.5919798411482807,5.705832628909557,500.2,473.2
2026-06-23 16:45:00,-0.573318203357179,5.733023059022635,499.8,472.7
2026-06-23 17:00:00,-0.6176993543346324,5.668358714043986,499.6,472.8
2026-06-23 17:15:00,-0.6604344842129973,5.606092659191875,499.2,472.7
2026-06-23 17:30:00,-0.696729868822096,5.553209459459452,499.9,473.6
2026-06-23 17:45:00,-0.684660004109136,5.570795526482386,500.3,473.9
2026-06-23 18:00:00,-0.7652373403725596,5.453392517438171,498.9,473.1
2026-06-23 18:15:00,-0.7750100626253391,5.439153439153444,498.2,472.5
2026-06-23 18:30:00,-0.7081109837443965,5.536626916524701,495.6,469.6
2026-06-23 18:45:00,-0.6393676912830053,5.636787454969272,498.5,471.9
2026-06-23 19:00:00,-0.7493475807392067,5.476544258119276,496.9,471.1
2026-06-23 19:15:00,-0.753332655634523,5.470737913486001,497.4,471.6
2026-06-23 19:30:00,-0.7581036055282571,5.463786531130888,498.0,472.2
2026-06-23 19:45:00,-0.754128656814588,5.469578121687513,497.5,471.7
2026-06-23 20:00:00,-0.7922649071004293,5.414012738853513,496.5,471.0
2026-06-23 20:15:00,-0.7315723522498445,5.502443169747195,496.6,470.7
2026-06-23 20:30:00,-0.7753155708185133,5.438708306777151,496.3,470.7
2026-06-23 20:45:00,-0.7315723522498445,5.502443169747195,496.6,470.7
2026-06-23 21:00:00,-0.7339777649057593,5.498938428874722,496.9,471.0
2026-06-23 21:15:00,-0.7355796717211509,5.4966044142614745,497.1,471.2
2026-06-23 21:30:00,-0.7307698665146753,5.503612409689751,496.5,470.6
2026-06-23 21:45:00,-0.748549550454423,5.4777070063694255,496.8,471.0
2026-06-23 22:00:00,-0.7753155708185133,5.438708306777151,496.3,470.7
2026-06-23 22:15:00,-0.7607344979622954,5.459953261100492,496.4,470.7
2026-06-23 22:30:00,-0.7898966436747463,5.4174633524537885,496.2,470.7
2026-06-23 22:45:00,-0.7898966436747463,5.4174633524537885,496.2,470.7
2026-06-23 23:00:00,-0.8036907227984056,5.3973650658733385,496.0,470.6
2026-06-23 23:15:00,-0.7421530882314372,5.487026797107619,496.0,470.2
2026-06-23 23:30:00,-0.8651238348437934,5.307855626326963,496.0,471.0
2026-06-24 07:00:00,-0.902687620085772,5.2531243380639525,496.9,472.1
2026-06-24 07:15:00,-0.8996302678687308,5.257578969684129,496.5,471.7
2026-06-24 07:30:00,-0.883543313501292,5.281018027571571,496.4,471.5
2026-06-24 07:45:00,-0.8437601153529446,5.338983050847457,497.2,472.0
2026-06-24 08:00:00,-0.822486728714063,5.3699788583509545,498.4,473.0
2026-06-24 08:15:00,-0.8064113740353765,5.393401015228427,498.3,472.8
2026-06-24 08:30:00,-0.8973338487210023,5.2609249045396655,496.2,471.4
2026-06-24 08:45:00,-0.8658971200034523,5.306728932286142,496.1,471.1
2026-06-24 09:00:00,-0.6155796325207105,5.671447196870938,486.3,460.2
2026-06-24 09:15:00,-0.7190589569690331,5.520675470881153,487.4,461.9
2026-06-24 09:30:00,-0.8684356042866757,5.303030303030298,486.5,462.0
2026-06-24 09:45:00,-0.898941016430025,5.25858322468491,484.4,460.2
2026-06-24 10:00:00,-0.925778613738236,5.219480235859364,481.8,457.9
2026-06-24 10:15:00,-0.7510574163272675,5.474052988832923,481.7,456.7
2026-06-24 10:30:00,-0.6589181082343073,5.608302053433434,478.3,452.9
2026-06-24 10:45:00,-0.8565635972680985,5.320328086898685,475.1,451.1
2026-06-24 11:00:00,-0.2934933226405729,6.140734265734249,485.7,457.6
2026-06-24 11:15:00,-0.3688645934932284,6.030916612236004,487.0,459.3
2026-06-24 11:30:00,-0.5653487538620179,5.744634727942777,487.8,461.3
2026-06-24 11:45:00,-0.6892958311690172,5.564041021165167,483.8,458.3
2026-06-24 12:00:00,-0.7736434729340871,5.441144591372193,486.4,461.3
2026-06-24 12:15:00,-0.8158768893235558,5.379609544468544,485.8,461.0
2026-06-24 12:30:00,-0.9634968826314977,5.164523861407733,482.6,458.9
2026-06-24 12:45:00,-0.9699719379397436,5.155089558759274,481.4,457.8
2026-06-24 13:00:00,-1.0139114542380647,5.091068685538724,478.9,455.7
2026-06-24 13:15:00,-0.8934330947930372,5.266608391608374,481.7,457.6
2026-06-24 13:30:00,-0.8296943954705503,5.35947712418301,483.6,459.0
2026-06-24 13:45:00,-0.8390516896334317,5.345843334060652,482.8,458.3
2026-06-24 14:00:00,-0.8396192200499604,5.345016429353766,480.9,456.5
2026-06-24 14:15:00,-0.8127878749283433,5.384110308601442,481.5,456.9
2026-06-24 14:30:00,-0.9037055865153228,5.251641137855589,481.0,457.0
2026-06-24 14:45:00,-0.96455371698405,5.162984029752771,480.7,457.1
2026-06-24 15:00:00,-0.914792396319669,5.235487404162087,480.4,456.5
2026-06-24 15:15:00,-0.8095499495420617,5.38882803943046,481.1,456.5
2026-06-24 15:30:00,-0.8690028613263153,5.302203796639748,482.6,458.3
2026-06-24 15:45:00,-0.9234300834006589,5.222902097902082,481.5,457.6
2026-06-24 16:00:00,-0.7076870746969771,5.537244561634802,480.3,455.1
2026-06-24 16:15:00,-0.6120653016520173,5.676567656765674,480.3,454.5
2026-06-24 16:30:00,-0.6240293439606395,5.659135775389346,481.7,455.9
2026-06-24 16:45:00,-0.6700344691099342,5.592105263157898,481.5,456.0
2026-06-24 17:00:00,-0.7666493096837126,5.451335246082545,477.8,453.1
2026-06-24 17:15:00,-0.7203709982675834,5.518763796909498,478.0,453.0
2026-06-24 17:30:00,-0.9005878535598659,5.256183745583032,476.6,452.8
2026-06-24 17:45:00,-0.9715437007513413,5.152799464644198,471.4,448.3
2026-06-24 18:00:00,-0.9528201965162014,5.180080035571377,473.1,449.8
2026-06-24 18:15:00,-0.8893175106481761,5.27260489118242,469.2,445.7
2026-06-24 18:30:00,-0.9366640489628324,5.203619909502266,465.0,442.0
2026-06-24 18:45:00,-0.9136637003936506,5.237131939761741,468.2,444.9
2026-06-24 19:00:00,-1.017990482971985,5.085125448028682,469.1,446.4
2026-06-24 19:15:00,-1.0343319934557942,5.061315496098096,471.2,448.5
2026-06-24 19:30:00,-0.941116479909437,5.197132616487465,469.6,446.4
2026-06-24 19:45:00,-0.9884235587171777,5.12820512820511,467.4,444.6
2026-06-24 20:00:00,-1.080274855217093,4.994375703037113,466.7,444.5
2026-06-24 20:15:00,-1.0493938158765967,5.039370078740157,466.9,444.5
2026-06-24 20:30:00,-1.0054362393063891,5.103417266187038,467.5,444.8
2026-06-24 20:45:00,-0.9658159567554927,5.161144917737226,466.6,443.7
2026-06-24 21:00:00,-0.9567506978551227,5.174353205849269,467.5,444.5
2026-06-24 21:15:00,-0.8925484469975165,5.267897343538963,467.6,444.2
2026-06-24 21:30:00,-0.9535520313168095,5.179013735645133,467.1,444.1
2026-06-24 21:45:00,-0.9900061336556959,5.125899280575541,467.6,444.8
2026-06-24 22:00:00,-0.9658159567554927,5.161144917737226,466.6,443.7
2026-06-24 22:15:00,-1.124312663344578,4.930211616389024,466.1,444.2
2026-06-24 22:30:00,-1.1180198884837358,4.939380332285581,467.4,445.4
2026-06-24 22:45:00,-1.1473294390680513,4.896675651392646,467.0,445.2
2026-06-24 23:00:00,-1.1612421645440933,4.876404494382025,466.7,445.0
2026-06-24 23:15:00,-1.1443071901625375,4.901079136690645,466.6,444.8
2026-06-24 23:30:00,-1.2574335898847895,4.736251402918068,466.6,445.5
2026-06-25 06:45:00,-1.3058075781528617,4.665769403319886,466.6,445.8
2026-06-25 07:00:00,-1.122580494313596,4.932735426008961,468.0,446.0
2026-06-25 07:15:00,-1.0764147252995235,5.000000000000004,468.3,446.0
2026-06-25 07:30:00,-1.0098557779117803,5.096977898060451,466.0,443.4
2026-06-25 07:45:00,-0.9268078784810396,5.217980573751979,465.8,442.7
2026-06-25 08:00:00,-0.9621039711602413,5.16655336505778,464.1,441.3
2026-06-25 08:15:00,-1.065510690584612,5.015887426236931,462.7,440.6
2026-06-25 08:30:00,-1.2495249432345674,4.7477744807121525,458.9,438.1
2026-06-25 08:45:00,-1.2547948026417848,4.740096175864439,457.4,436.7
2026-06-25 09:00:00,-1.3227658514923917,4.641060813900322,457.7,437.4
2026-06-25 09:15:00,-1.243545876026967,4.756486117432868,460.3,439.4
2026-06-25 09:30:00,-1.017462234849675,5.085895117540695,464.9,442.4
2026-06-25 09:45:00,-0.9277537591230711,5.216602404173276,463.9,440.9
2026-06-25 10:00:00,-0.8675046323931448,5.304386750223822,470.5,446.8
2026-06-25 10:15:00,-0.8478436121071717,5.333033303330348,468.1,444.4
2026-06-25 10:30:00,-0.7276943375940774,5.508093525179847,469.3,444.8
2026-06-25 10:45:00,-0.7293933829353838,5.505617977528088,469.5,445.0
2026-06-25 11:00:00,-0.7452565282689111,5.482505014486305,473.3,448.7
2026-06-25 11:15:00,-1.0710682778308007,5.0077898953928335,471.8,449.3
2026-06-25 11:30:00,-1.0764147252995235,5.000000000000004,472.5,450.0
2026-06-25 11:45:00,-1.029113115518263,5.068919519786563,472.6,449.8
2026-06-25 12:00:00,-0.8727780254946247,5.296703296703309,479.1,455.0
2026-06-25 12:15:00,-0.7595191420321837,5.461724062294371,480.8,455.9
2026-06-25 12:30:00,-0.9332712936335424,5.208563231074814,476.7,453.1
2026-06-25 12:45:00,-1.2136809451680073,4.800000000000004,471.6,450.0
2026-06-25 13:00:00,-1.1878675383882848,4.83761071996367,461.6,440.3
2026-06-25 13:15:00,-1.0943407022298832,4.9738814444696855,462.2,440.3
2026-06-25 13:30:00,-1.3093325191940086,4.660633484162902,462.6,442.0
2026-06-25 13:45:00,-1.1601136398534924,4.878048780487787,464.4,442.8
2026-06-25 14:00:00,-1.114552878925949,4.944431843955544,462.7,440.9
2026-06-25 14:15:00,-1.0087614218293295,5.098572399728085,463.8,441.3
2026-06-25 14:30:00,-0.8343541992216167,5.352687684282165,464.5,440.9
2026-06-25 14:45:00,-0.8209739450981023,5.372183018438426,462.9,439.3
2026-06-25 15:00:00,-0.6084617030206007,5.681818181818188,465.0,440.0
2026-06-25 15:15:00,-0.5085081589189964,5.827452765763708,464.9,439.3
2026-06-25 15:30:00,-0.5367874824537138,5.786249149081013,466.2,440.7
2026-06-25 15:45:00,-0.5419130790847713,5.778781038374725,468.6,443.0
2026-06-25 16:00:00,-0.706326624026253,5.53922676916121,466.8,442.3
2026-06-25 16:15:00,-0.7037462550683473,5.542986425339369,466.5,442.0
2026-06-25 16:30:00,-0.6084617030206007,5.681818181818188,465.0,440.0
2026-06-25 16:45:00,-0.6414161412092665,5.633802816901401,465.0,440.2
2026-06-25 17:00:00,-0.5347377608705288,5.7892356399819045,467.8,442.2
2026-06-25 17:15:00,-0.5410175818748099,5.780085798148571,468.5,442.9
2026-06-25 17:30:00,-0.3932247293865887,5.995423340961104,463.2,437.0
2026-06-25 17:45:00,-0.4173550603680594,5.96026490066226,464.0,437.9
2026-06-25 18:00:00,-0.4542559750404465,5.906499429874557,464.4,438.5
2026-06-25 18:15:00,-0.48629682041079586,5.859815190443984,469.7,443.7
2026-06-25 18:30:00,-0.4363531382723271,5.932584269662922,471.4,445.0
2026-06-25 18:45:00,-0.35830475284751484,6.04630253989662,471.8,444.9
2026-06-25 19:00:00,-0.4389746600852094,5.928764652840379,469.9,443.6
2026-06-25 19:15:00,-0.49172797962969694,5.851901868107134,470.3,444.3
2026-06-25 19:30:00,-0.4790010153456034,5.870445344129549,470.7,444.6
2026-06-25 19:45:00,-0.6643700688842762,5.600358422939067,471.4,446.4
2026-06-25 20:00:00,-0.7234400320748149,5.514292144947097,468.8,444.3
2026-06-25 20:15:00,-0.7448165537071196,5.483146067415734,469.4,445.0
2026-06-25 20:30:00,-0.5998602707707429,5.694350663965797,469.6,444.3
2026-06-25 20:45:00,-0.6316276942225254,5.648064806480657,469.5,444.4
2026-06-25 21:00:00,-0.5835294918681156,5.71814497973886,469.6,444.2
2026-06-25 21:15:00,-0.43438303792098304,5.935454750620628,469.4,443.1
2026-06-25 21:30:00,-0.48367423041289503,5.86363636363636,465.8,440.0
2026-06-25 21:45:00,-0.492799844906306,5.850340136054433,466.8,441.0
2026-06-25 22:00:00,-0.38292299303133487,6.010433204808341,467.4,440.9
2026-06-25 22:15:00,-0.41961995865813323,5.956964892412242,467.8,441.5
2026-06-25 22:30:00,-0.45988000894108505,5.898305084745759,468.6,442.5
2026-06-25 22:45:00,-0.45530060824756324,5.904977375565612,468.1,442.0
2026-06-25 23:00:00,-0.5693422682616331,5.738816086760057,468.0,442.6
2026-06-25 23:15:00,-0.570231974146816,5.737519765077948,468.1,442.7
2026-06-25 23:30:00,-0.572010180625873,5.734928877850543,468.3,442.9
2026-06-26 06:45:00,-1.1567234947995324,4.882988298829893,466.1,444.4
2026-06-26 07:00:00,-0.49371013064132985,5.849013829063687,466.9,441.1
2026-06-26 07:15:00,-0.6440495038068476,5.629965947786619,465.3,440.5
2026-06-26 07:30:00,-0.5933365958285308,5.703855806525215,463.3,438.3
2026-06-26 07:45:00,-0.659484618222356,5.607476635514019,463.3,438.7
2026-06-26 08:00:00,-0.5571767491189712,5.756541524459613,464.8,439.5
2026-06-26 08:15:00,-0.6128880464019757,5.675368898978439,465.5,440.5
2026-06-26 08:30:00,-0.6456008317728862,5.627705627705648,463.6,438.9
2026-06-26 08:45:00,-0.5812613335924958,5.721449737861861,463.8,438.7
2026-06-26 09:00:00,-0.44242299258877144,5.923740354062623,466.7,440.6
2026-06-26 09:15:00,-0.46623860014518165,5.889040472942231,465.7,439.8
2026-06-26 09:30:00,-0.4708284611738623,5.882352941176472,468.0,442.0
2026-06-26 09:45:00,-0.37429166292239113,6.023009248815692,470.0,443.3
2026-06-26 10:00:00,-0.5362825045830848,5.786984913307802,469.8,444.1
2026-06-26 10:15:00,-0.6482391305367279,5.623861566484512,463.9,439.2
2026-06-26 10:30:00,-0.6591897752281255,5.607906228453219,459.5,435.1
2026-06-26 10:45:00,-0.8126841832144366,5.384261389783696,458.0,434.6
2026-06-26 11:00:00,-0.8916271748641347,5.269239657961644,455.5,432.7
2026-06-26 11:15:00,-0.8857671977044079,5.277777777777781,454.8,432.0
2026-06-26 11:30:00,-0.8493198762524081,5.330882352941169,458.4,435.2
2026-06-26 11:45:00,-0.8841407373583025,5.28014756744295,456.6,433.7
2026-06-26 12:00:00,-1.1052915170617164,4.957925858539913,461.5,439.7
2026-06-26 12:15:00,-0.9707651261989259,5.1539338654504,461.1,438.5
2026-06-26 12:30:00,-0.9114388059998588,5.24037366142629,461.9,438.9
2026-06-26 12:45:00,-0.8818161785718333,5.283534502391252,462.3,439.1
2026-06-26 13:00:00,-0.8751077117435421,5.293308890925763,459.5,436.4
2026-06-26 13:15:00,-0.8717747186148636,5.298165137614674,459.1,436.0
2026-06-26 13:30:00,-0.9787275623995546,5.1423324150596805,458.0,435.6
2026-06-26 13:45:00,-1.0503635103486388,5.037957211870259,456.6,434.7
2026-06-26 14:00:00,-0.9232299194177681,5.223193741371368,457.3,434.6
2026-06-26 14:15:00,-0.9148787030662391,5.235361653272097,458.3,435.5
2026-06-26 14:30:00,-0.8482606384974705,5.332425686407993,464.2,440.7
2026-06-26 14:45:00,-0.9095024320636477,5.243195002231138,471.7,448.2
2026-06-26 15:00:00,-0.7477574689276228,5.478861087144082,489.0,463.6
2026-06-26 15:15:00,-0.715108925951505,5.526430755788558,483.1,457.8
2026-06-26 15:30:00,-0.23524971200567582,6.225596529284161,489.7,461.0
2026-06-26 15:45:00,-0.06356662934753149,6.475742680059837,498.2,467.9
2026-06-26 16:00:00,0.007844723458677828,6.579790643024985,498.9,468.1
2026-06-26 16:15:00,0.07625829045480195,6.679470763977791,499.9,468.6
2026-06-26 16:30:00,0.043900366028892635,6.6323245331616265,496.8,465.9
2026-06-26 16:45:00,0.14003580868285687,6.772396056579511,498.2,466.6
2026-06-26 17:00:00,0.07044350113035887,6.670998483863988,492.5,461.7
2026-06-26 17:15:00,-0.1591296487562446,6.336505190311415,491.7,462.4
2026-06-26 17:30:00,-0.2483933206050637,6.206445993031351,487.7,459.2
2026-06-26 17:45:00,-0.2524552260889685,6.200527704485492,483.0,454.8
2026-06-26 18:00:00,-0.19604237273987524,6.282722513089012,487.2,458.4
2026-06-26 18:15:00,-0.03232324920064535,6.521264994547438,488.4,458.5
2026-06-26 18:30:00,-0.12375505730798814,6.388046773495026,491.3,461.8
2026-06-26 18:45:00,-0.23421355943978217,6.227106227106227,493.0,464.1
2026-06-26 19:00:00,-0.3399474877298065,6.073049492111515,490.8,462.7
2026-06-26 19:15:00,-0.335035077238834,6.0802069857697205,492.0,463.8
2026-06-26 19:30:00,-0.2641048648280863,6.183553916250806,489.4,460.9
2026-06-26 19:45:00,-0.22222120616996846,6.244579358196023,490.0,461.2
2026-06-26 20:00:00,-0.2519840465577644,6.201214223764096,489.8,461.2
2026-06-26 20:15:00,-0.20092444006975693,6.275609230105683,492.8,463.7
2026-06-26 20:30:00,-0.24624709543515647,6.209573091849929,492.6,463.8
2026-06-26 20:45:00,-0.26561867104728004,6.181348266207198,493.0,464.3
2026-06-26 21:00:00,-0.2203426584941516,6.247316444826101,494.9,465.8
2026-06-26 21:15:00,-0.3444753428282482,6.066452304394421,494.8,466.5
2026-06-26 21:30:00,-0.3753238173690936,6.021505376344094,493.0,465.0
2026-06-26 21:45:00,-0.3945068124190368,5.993555316863586,493.4,465.5
2026-06-26 22:00:00,-0.45604002981548225,5.903900021547082,491.5,464.1
2026-06-26 22:15:00,-0.4030778464265892,5.981067125645434,492.6,464.8
2026-06-26 22:30:00,-0.5124584514037629,5.821697099892598,492.6,465.5
2026-06-26 22:45:00,-0.46562135658120557,5.889939810834055,492.6,465.2
2026-06-26 23:00:00,-0.4465911607228662,5.917667238421953,494.0,466.4
2026-06-26 23:15:00,-0.40771954285669865,5.974304068522485,494.9,467.0
2026-06-26 23:30:00,-0.2571124914081359,6.193741963137578,495.5,466.6
2026-06-27 09:45:00,-0.24778118812416866,6.207337883959041,497.9,468.8
2026-06-27 10:00:00,-0.5189624911093285,5.8122205663189375,497.0,469.7
2026-06-27 10:15:00,-0.5439668988701889,5.7757885763001005,496.3,469.2
2026-06-27 10:30:00,-0.3542699415602889,6.052181351582542,495.9,467.6
2026-06-27 10:45:00,-0.38803093734554106,6.0029908139286325,496.2,468.1
2026-06-27 11:00:00,-0.4983746736145483,5.842217484008527,496.4,469.0
2026-06-27 11:15:00,-0.5087449259501325,5.827107790821784,495.8,468.5
2026-06-27 11:30:00,-0.5648180707277463,5.745407945322523,495.1,468.2
2026-06-27 11:45:00,-0.5191373369445703,5.8119658119658135,495.2,468.0
2026-06-27 12:00:00,-0.5631329202357508,5.74786324786325,494.9,468.0
2026-06-27 12:15:00,-0.47427983263001916,5.877324214575763,495.4,467.9
2026-06-27 12:30:00,-0.4630695083983916,5.893657911595129,495.9,468.3
2026-06-27 12:45:00,-0.5355002108669025,5.788124733020084,495.3,468.2
2026-06-27 13:00:00,-0.5493136139694759,5.767998290963461,495.1,468.1
2026-06-27 13:15:00,-0.5061823510060588,5.8308415207176445,495.5,468.2
2026-06-27 13:30:00,-0.5518491113700023,5.764304013663546,495.4,468.4
2026-06-27 13:45:00,-0.5681840563455851,5.7405036278275645,495.5,468.6
2026-06-27 14:00:00,-0.4061981234870276,5.976520811099251,496.5,468.5
2026-06-27 14:15:00,-0.539738070917197,5.781950074674636,495.8,468.7
2026-06-27 14:30:00,-0.539738070917197,5.781950074674636,495.8,468.7
2026-06-27 14:45:00,-0.5276425243327743,5.79957356076759,496.2,469.0
2026-06-27 15:00:00,-0.5853418231255447,5.71550437193431,495.7,468.9
2026-06-27 15:15:00,-0.5414306843320421,5.779483898485816,496.0,468.9
2026-06-27 15:30:00,-0.5510043065204229,5.765534913516968,495.3,468.3
2026-06-27 15:45:00,-0.5380440123681733,5.7844183564567775,495.6,468.5
2026-06-27 16:00:00,-0.4889481613186745,5.855952126522768,495.3,467.9
2026-06-27 16:15:00,-0.5924633090965378,5.705128205128207,494.7,468.0
2026-06-27 16:30:00,-0.6412090581929416,5.634104541559548,493.1,466.8
2026-06-27 16:45:00,-0.6101332026001086,5.679382768967001,493.1,466.6
2026-06-27 17:00:00,-0.6265061640339382,5.655526992287907,493.2,466.8
2026-06-27 17:15:00,-0.6004488088034892,5.693493150684947,493.8,467.2
2026-06-27 17:30:00,-0.5589137359557883,5.754010695187151,494.4,467.5
2026-06-27 17:45:00,-0.6486500995601251,5.623262775283311,494.0,467.7
2026-06-27 18:00:00,-0.6926739032382876,5.55911909343596,493.7,467.7
2026-06-27 18:15:00,-0.5899516946559338,5.708787684413075,494.4,467.7
2026-06-27 18:30:00,-0.7529780777145627,5.471254541568715,493.5,467.9
2026-06-27 18:45:00,-0.6486500995601251,5.623262775283311,494.0,467.7
2026-06-28 09:45:00,-0.5484677258053573,5.769230769230771,495.0,468.0
2026-06-28 10:00:00,-0.6253804639281767,5.6571671629094045,496.8,470.2
2026-06-28 10:15:00,-0.581590729814454,5.720969800085074,497.1,470.2
2026-06-28 10:30:00,-0.5507143087819211,5.765957446808523,497.1,470.0
2026-06-28 10:45:00,-0.5824256180756174,5.719753348926204,497.2,470.3
2026-06-28 11:00:00,-0.6708023834262473,5.5909863945578175,496.7,470.4
2026-06-28 11:15:00,-0.5824256180756174,5.719753348926204,497.2,470.3
2026-06-28 11:30:00,-0.6660131773466846,5.597964376590325,498.0,471.6
2026-06-28 11:45:00,-0.6223534382027578,5.661577608142498,498.3,471.6
2026-06-28 12:00:00,-0.4708284611738623,5.882352941176472,498.6,470.9
2026-06-28 12:15:00,-0.528282836274994,5.798640611724726,498.1,470.8
2026-06-28 12:30:00,-0.4802372873114066,5.868644067796613,499.7,472.0
2026-06-28 12:45:00,-0.5990491395828563,5.695532500529321,499.2,472.3
2026-06-28 13:00:00,-0.628933822256616,5.651989839119409,499.1,472.4
2026-06-28 13:15:00,-0.6547282447713515,5.614406779661008,498.5,472.0
2026-06-28 13:30:00,-0.7120876636651176,5.530832803560082,498.0,471.9
2026-06-28 13:45:00,-0.6539116857594247,5.615596524687438,498.4,471.9
2026-06-28 14:00:00,-0.7491411729592501,5.476844998942698,498.8,472.9
2026-06-28 14:15:00,-0.7177101515848027,5.522640710960647,498.7,472.6
2026-06-28 14:30:00,-0.7161054267454986,5.524978831498739,498.5,472.4
2026-06-28 14:45:00,-0.7451626282417878,5.482641828958523,498.3,472.4
2026-06-28 15:00:00,-0.6765041186990437,5.582678836764998,497.4,471.1
2026-06-28 15:15:00,-0.6918828699803449,5.560271646859083,497.4,471.2
2026-06-28 15:30:00,-0.7218176052276499,5.516656057712699,497.3,471.3
2026-06-28 15:45:00,-0.7509426253567479,5.4742202418841535,497.1,471.3
2026-06-28 16:00:00,-0.6440859151125065,5.629912895687284,497.2,470.7
2026-06-28 16:15:00,-0.7007924977104233,5.547290116896919,496.6,470.5
2026-06-28 16:30:00,-0.87274914700072,5.296745373324829,495.0,470.1
2026-06-28 16:45:00,-0.8056871061559291,5.394456289978677,494.3,469.0
2026-06-28 17:00:00,-0.5878499614879971,5.71184995737426,496.0,469.2
2026-06-28 17:15:00,-0.6204196167074586,5.664395229982966,496.2,469.6
2026-06-28 17:30:00,-0.6667193148599715,5.596935518195356,496.2,469.9
2026-06-28 17:45:00,-0.757547310444498,5.464597065702748,496.0,470.3
2026-06-28 18:00:00,-0.7137668873522778,5.528386136508612,496.3,470.3
2026-06-28 18:15:00,-0.6747991065199654,5.585163078234912,495.3,469.1
2026-06-28 18:30:00,-0.6999831274459013,5.548469387755106,496.5,470.4
2026-06-28 18:45:00,-0.6853927554360744,5.569727891156462,496.6,470.4
2026-06-29 06:45:00,-0.4760033064131266,5.87481307412947,495.6,468.1
2026-06-29 07:00:00,-0.9104852982013392,5.241762943945227,491.9,467.4
2026-06-29 07:15:00,-1.0023396654217802,5.107929044667681,491.8,467.9
2026-06-29 07:30:00,-0.787440949810374,5.4210413541889935,492.0,466.7
2026-06-29 07:45:00,-0.8152705235132823,5.380493033226164,491.6,466.5
2026-06-29 08:00:00,-0.8425548441948119,5.340739158299512,493.1,468.1
2026-06-29 08:15:00,-0.7890347083334862,5.418719211822665,492.2,466.9
2026-06-29 08:30:00,-0.8942549300973396,5.265410958904115,491.8,467.2
2026-06-29 08:45:00,-0.9081747105816727,5.245129522586178,491.6,467.1
2026-06-29 09:00:00,-0.97548368127858,5.147058823529416,486.2,462.4
2026-06-29 09:15:00,-0.9168891184253429,5.232432432432432,486.7,462.5
2026-06-29 09:30:00,-0.8716831783279064,5.298298513891875,488.9,464.3
2026-06-29 09:45:00,-0.7504037400027121,5.475005410084388,487.4,462.1
2026-06-29 10:00:00,-0.9217548760028943,5.225342913128683,483.3,459.3
2026-06-29 10:15:00,-0.9562806668149253,5.175038051750391,483.7,459.9
2026-06-29 10:30:00,-0.9339003572752271,5.207646671061306,478.8,455.1
2026-06-29 10:45:00,-1.0131445185998358,5.092186128182608,478.8,455.6
2026-06-29 11:00:00,-0.7182384694711905,5.521870939800788,487.3,461.8
2026-06-29 11:15:00,-0.8357916322183149,5.350593311758356,488.3,463.5
2026-06-29 11:30:00,-0.9880459142254012,5.1287553648068585,489.9,466.0
2026-06-29 11:45:00,-0.9530161543561066,5.179794520547953,491.4,467.2
2026-06-29 12:00:00,-0.9300407941601494,5.213270142180093,488.4,464.2
2026-06-29 12:15:00,-0.8702208327932179,5.30042918454936,490.7,466.0
2026-06-29 12:30:00,-0.9945314054213592,5.119305856832979,484.6,461.0
2026-06-29 12:45:00,-0.790133605855512,5.417118093174422,486.5,461.5
2026-06-29 13:00:00,-0.7622753549764547,5.45770819743423,485.0,459.9
2026-06-29 13:15:00,-0.7804409620593185,5.431240495329126,485.3,460.3
2026-06-29 13:30:00,-0.6527812250522407,5.617243631613333,485.1,459.3
2026-06-29 13:45:00,-0.655141158424867,5.613805155089557,483.5,457.8
2026-06-29 14:00:00,-0.6801080537632236,5.577427821522307,482.7,457.2
2026-06-29 14:15:00,-0.6384586916282377,5.638111888111874,483.4,457.6
2026-06-29 14:30:00,-0.6801080537632236,5.577427821522307,482.7,457.2
2026-06-29 14:45:00,-0.6260052573973726,5.656256824634198,483.8,457.9
2026-06-29 15:00:00,-0.7929301407885345,5.413043478260859,484.9,460.0
2026-06-29 15:15:00,-0.9849931038796427,5.133203378817419,485.4,461.7
2026-06-29 15:30:00,-0.9759183541641068,5.146425495262719,488.3,464.4
2026-06-29 15:45:00,-0.9880459142254012,5.1287553648068585,489.9,466.0
2026-06-29 16:00:00,-0.8228731679823079,5.369415807560141,490.6,465.6
2026-06-29 16:15:00,-0.7738386492453398,5.440860215053767,490.3,465.0
2026-06-29 16:30:00,-0.7861972494639625,5.422853453841192,489.9,464.7
2026-06-29 16:45:00,-0.7172451085149245,5.523318289275725,491.0,465.3
2026-06-29 17:00:00,-0.7188738196270604,5.52094522019333,491.2,465.5
2026-06-29 17:15:00,-0.5484677258053573,5.769230769230771,500.5,473.2
2026-06-29 17:30:00,-0.36728768025685177,6.033214210636961,504.4,475.7
2026-06-29 17:45:00,-0.4198424570378383,5.956640707219529,503.4,475.1
2026-06-29 18:00:00,-0.4454050243927561,5.919395465994981,504.6,476.4
2026-06-29 18:15:00,-0.4725240688012613,5.879882402351955,504.2,476.2
2026-06-29 18:30:00,-0.1801134457212327,6.30593132154007,510.8,480.5
2026-06-29 18:45:00,-0.22028742728596487,6.247396917950865,510.2,480.2
2026-06-29 19:00:00,-0.2095754050730502,6.263004577611309,510.7,480.6
2026-06-29 19:15:00,-0.3658013602155455,6.035379812695108,509.5,480.5
2026-06-29 19:30:00,-0.1998389582711456,6.277190801740207,513.0,482.7
2026-06-29 19:45:00,-0.17960121131953855,6.306677658697435,515.8,485.2
2026-06-29 20:00:00,-0.05619282087160691,6.486486486486487,512.2,481.0
2026-06-29 20:15:00,-0.04192398304744973,6.507276507276494,512.3,481.0
2026-06-29 20:30:00,-0.02550135838190516,6.53120464441217,513.8,482.3
2026-06-29 20:45:00,-0.04158389675733076,6.507772020725389,513.9,482.5
2026-06-29 21:00:00,0.10035420273111202,6.714579055441483,519.7,487.0
2026-06-29 21:15:00,-0.10742692166567312,6.41183723797778,517.8,486.6
2026-06-29 21:30:00,-0.0647055960701208,6.474083179676304,519.7,488.1
2026-06-29 21:45:00,-0.14639246891303184,6.355063550635487,518.8,487.8
2026-06-29 22:00:00,-0.19825457664367235,6.2794992817566175,517.9,487.3
2026-06-29 22:15:00,-0.2844942260582742,6.153846153846154,517.5,487.5
2026-06-29 22:30:00,-0.15063628536054702,6.348880213684005,517.6,486.7
2026-06-29 22:45:00,-0.04642390659906625,6.500720016457517,517.7,486.1
2026-06-29 23:00:00,-0.12121164889513002,6.391752577319587,516.0,485.0
2026-06-29 23:15:00,-0.050455865457767535,6.494845360824741,516.5,485.0
2026-06-29 23:30:00,0.04297207593439606,6.630971993410206,517.8,485.6
2026-06-30 06:45:00,0.06936585893822304,6.669428334714156,515.0,482.8
2026-06-30 07:00:00,-0.276192142060427,6.165942478791653,513.1,483.3
2026-06-30 07:15:00,-0.2538350304533809,6.198517298187811,515.7,485.6
2026-06-30 07:30:00,-0.357898621709864,6.046894282188409,515.6,486.2
2026-06-30 07:45:00,-0.3017075207178176,6.128765992571172,514.3,484.6
2026-06-30 08:00:00,-0.20792672777502164,6.26540673788003,517.3,486.8
2026-06-30 08:15:00,-0.21938257144439932,6.248715313463515,516.9,486.5
2026-06-30 08:30:00,-0.21143401525512487,6.260296540362442,516.0,485.6
2026-06-30 08:45:00,-0.33347899920721746,6.082474226804124,514.5,485.0
2026-06-30 09:00:00,-0.27706758229210066,6.164666942490715,513.2,483.4
2026-06-30 09:15:00,-0.21405754329998894,6.256474000414336,512.9,482.7
2026-06-30 09:30:00,-0.2921377193291315,6.142709410548086,513.2,483.5
2026-06-30 09:45:00,-0.27356364635860997,6.169772256728767,512.8,483.0
2026-06-30 10:00:00,-0.30517668583226637,6.123711340206195,514.7,485.0
2026-06-30 10:15:00,-0.2956226811003099,6.137631742095473,513.6,483.9
2026-06-30 10:30:00,-0.136625253170904,6.369294605809128,512.7,482.0
2026-06-30 10:45:00,-0.22744863871199997,6.236962870254503,509.3,479.4
2026-06-30 11:00:00,-0.22206065972805122,6.244813278008299,512.1,482.0
2026-06-30 11:15:00,-0.2807716632248483,6.159270012442963,511.9,482.2
2026-06-30 11:30:00,-0.38809467224343114,6.002897950734831,512.1,483.1
2026-06-30 11:45:00,-0.40060102114271484,5.9846759163388,511.8,482.9
2026-06-30 12:00:00,-0.4567614167109996,5.902848944455852,516.7,487.9
2026-06-30 12:15:00,-0.3655667687849566,6.035721617737622,516.5,487.1
2026-06-30 12:30:00,-0.037129214763814485,6.5142625935666665,526.5,494.3
2026-06-30 12:45:00,-0.2010777423851501,6.275385865150285,523.3,492.4
2026-06-30 13:00:00,-0.328085190251125,6.090333128959746,519.1,489.3
2026-06-30 13:15:00,-0.21937968115036177,6.248719524687574,518.6,488.1
2026-06-30 13:30:00,-0.4063780196377795,5.976258698321724,517.8,488.6
2026-06-30 13:45:00,-0.33015801654535765,6.087312973970094,517.6,487.9
2026-06-30 14:00:00,-0.3723591499339151,6.025824964131998,517.3,487.9
2026-06-30 14:15:00,-0.41204171691228086,5.968006562756356,516.7,487.6
2026-06-30 14:30:00,-0.3155499319108722,6.108597285067874,515.9,486.2
2026-06-30 14:45:00,-0.3365300699509256,6.078028747433262,516.6,487.0
2026-06-30 15:00:00,-0.4741471966944791,5.877517468146332,515.2,486.6
2026-06-30 15:15:00,-0.39065154577451633,5.999172527927188,512.4,483.4
2026-06-30 15:30:00,-0.24779027575204254,6.2073246430788265,513.3,483.3
2026-06-30 15:45:00,-0.339034205344866,6.07438016528925,513.4,484.0
2026-06-30 16:00:00,-0.4441745027775809,5.921188363936447,513.4,484.7
2026-06-30 16:15:00,-0.49676721652847733,5.844559585492215,510.7,482.5
2026-06-30 16:30:00,-0.40779908314245766,5.974188176519579,509.1,480.4
2026-06-30 16:45:00,-0.5531864949911636,5.7623554153522605,502.9,475.5
2026-06-30 17:00:00,-0.23195339984894373,6.230399330963832,508.1,478.3
2026-06-30 17:15:00,-0.23016460385558005,6.233005647354095,507.9,478.1
2026-06-30 17:30:00,-0.31817398817217124,6.104773975496425,502.3,473.4
2026-06-30 17:45:00,-0.21668861226603203,6.252640473172799,503.0,473.4
2026-06-30 18:00:00,-0.3374789556285158,6.076646199449498,501.0,472.3
2026-06-30 18:15:00,-0.37791052368836253,6.017736486486491,502.1,473.6
2026-06-30 18:30:00,-0.4308557704724956,5.940594059405946,502.9,474.7
2026-06-30 18:45:00,-0.48868859957233746,5.856330313882463,502.5,474.7
2026-06-30 19:00:00,-0.5127050162714595,5.8213378492802725,499.9,472.4
2026-06-30 19:15:00,-0.4366145479464202,5.932203389830515,500.0,472.0
2026-06-30 19:30:00,-0.37529263247878386,6.02155081343756,501.8,473.3
2026-06-30 19:45:00,-0.44188766002090946,5.92452034577271,502.4,474.3
2026-06-30 20:00:00,-0.5692770725375792,5.738911078410758,503.0,475.7
2026-06-30 20:15:00,-0.5082024644300878,5.827898169577117,503.0,475.3
2026-06-30 20:30:00,-0.5310098940983807,5.794667226537897,503.9,476.3
2026-06-30 20:45:00,-0.5326791744039064,5.792235047219307,504.1,476.5
2026-06-30 21:00:00,-0.5845296793227258,5.71668768390079,503.0,475.8
2026-06-30 21:15:00,-0.5226424202336398,5.806858826004624,502.9,475.3
2026-06-30 21:30:00,-0.6014176716693621,5.692081495484125,503.2,476.1
2026-06-30 21:45:00,-0.5487446017228652,5.7688273547304325,504.2,476.7
2026-06-30 22:00:00,-0.4767357965262613,5.873745819397991,506.5,478.4
2026-06-30 22:15:00,-0.40906847614846903,5.9723386420788005,505.7,477.2
2026-06-30 22:30:00,-0.4150724544328551,5.963590709353417,506.4,477.9
2026-06-30 22:45:00,-0.4125014759356264,5.96733668341709,506.1,477.6
2026-06-30 23:00:00,-0.34892390811018353,6.059970643740842,505.8,476.9
2026-06-30 23:15:00,-0.24012893198313418,6.218487394957983,505.6,476.0
2026-06-30 23:30:00,-0.4352729665302887,5.934158104424414,505.2,476.9
2026-07-01 06:45:00,-0.2978038142808162,6.1344537815126055,505.2,476.0
2026-07-01 07:00:00,-0.4120832731734817,5.967946014339942,502.5,474.2
2026-07-01 07:15:00,-0.45385456266287344,5.9070842968257375,503.8,475.7
2026-07-01 07:30:00,-0.5063914129262059,5.830536912751683,504.6,476.8
2026-07-01 07:45:00,-0.5276671243333773,5.7995377180079855,503.5,475.9
2026-07-01 08:00:00,-0.4013231442751241,5.983623766533697,504.8,476.3
2026-07-01 08:15:00,-0.4268718925885339,5.94639865996649,506.0,477.6
2026-07-01 08:30:00,-0.446257629890694,5.918153200419729,504.7,476.5
2026-07-01 08:45:00,-0.2978038142808162,6.1344537815126055,505.2,476.0
2026-07-01 09:00:00,-0.4615435647972733,5.89588124607987,506.5,478.3
2026-07-01 09:15:00,-0.485144921318675,5.86149353358365,507.5,479.4
2026-07-01 09:30:00,-0.5578598344192193,5.755546253662613,505.3,477.8
2026-07-01 09:45:00,-0.43199259312732197,5.938937682977841,506.6,478.2
2026-07-01 10:00:00,-0.3780376977613811,6.017551190973669,507.4,478.6
2026-07-01 10:15:00,-0.5004022287815058,5.839263290079533,505.7,477.8
2026-07-01 10:30:00,-0.503754523213318,5.834378920953576,506.1,478.2
2026-07-01 10:45:00,-0.4819034016446116,5.866216501371602,501.7,473.9
2026-07-01 11:00:00,-0.6018856346917874,5.691399662731866,501.4,474.4
2026-07-01 11:15:00,-0.5337376821260592,5.790692777426831,502.4,474.9
2026-07-01 11:30:00,-0.3681579582185601,6.031946195880611,504.5,475.8
2026-07-01 11:45:00,-0.33971601259329876,6.0733867566427735,503.0,474.2
2026-07-01 12:00:00,0.07901026539673398,6.683480453972268,507.6,475.8
2026-07-01 12:15:00,0.30727054260552117,7.0160608622147125,506.4,473.2
2026-07-01 12:30:00,0.1664955087101274,6.810948440483755,503.4,471.3
2026-07-01 12:45:00,0.09652149209518857,6.708994708994709,504.2,472.5
2026-07-01 13:00:00,0.07425907626861816,6.676557863501476,503.3,471.8
2026-07-01 13:15:00,-0.030417635748867414,6.524041516627821,502.9,472.1
2026-07-01 13:30:00,-0.009209176258375794,6.55494272380146,502.3,471.4
2026-07-01 13:45:00,-0.059493301893420746,6.481677610675707,502.7,472.1
2026-07-01 14:00:00,-0.10869803879281911,6.409985191453349,503.0,472.7
2026-07-01 14:15:00,-0.09044044856051994,6.436586915096343,502.7,472.3
2026-07-01 14:30:00,-0.16952902320859112,6.321353065539115,502.9,473.0
2026-07-01 14:45:00,-0.2385370562509198,6.220806794055211,500.3,471.0
2026-07-01 15:00:00,-0.3480423549329113,6.0612550867423565,495.2,466.9
2026-07-01 15:15:00,-0.26272321576985497,6.185567010309279,494.4,465.6
2026-07-01 15:30:00,-0.409684600667874,5.9714409346603325,489.8,462.2
2026-07-01 15:45:00,-0.41795037655254774,5.959397511460374,485.4,458.1
2026-07-01 16:00:00,-0.5207141712037162,5.809668328636475,488.1,461.3
2026-07-01 16:15:00,-0.48654096964846727,5.859459459459471,489.6,462.5
2026-07-01 16:30:00,-0.3962734275831273,5.990981318445354,493.6,465.7
2026-07-01 16:45:00,-0.45429308858150397,5.906445354602297,491.3,463.9
2026-07-01 17:00:00,-0.43274943920668674,5.93783494105038,494.2,466.5
2026-07-01 17:15:00,-0.43274943920668674,5.93783494105038,494.2,466.5
2026-07-01 17:30:00,-0.39511386035625373,5.992670834231517,491.7,463.9
2026-07-01 17:45:00,-0.5143332215277246,5.81896551724137,491.0,464.0
2026-07-01 18:00:00,-0.45861290365240853,5.900151285930422,490.0,462.7
2026-07-01 18:15:00,-0.42470347446887885,5.949558094416907,491.5,463.9
2026-07-01 18:30:00,-0.45341905297706064,5.907718844329457,491.2,463.8
2026-07-01 18:45:00,-0.32113982507467564,6.100452683768065,492.2,463.9
2026-07-01 19:00:00,-0.4386210560097861,5.929279862009484,491.3,463.8
2026-07-01 19:15:00,-0.4621105994575262,5.895055063701138,490.4,463.1
2026-07-01 19:30:00,-0.4969482051516779,5.844295880957517,490.8,463.7
2026-07-01 19:45:00,-0.5108873742451586,5.8239861949956895,490.6,463.6
2026-07-01 20:00:00,-0.5743474806825223,5.731523378582204,490.7,464.1
2026-07-01 20:15:00,-0.5857553346762573,5.714901876213063,490.2,463.7
2026-07-01 20:30:00,-0.5823689199235381,5.7198359594215376,489.8,463.3
2026-07-01 20:45:00,-0.5832160716935088,5.718601640051801,489.9,463.4
2026-07-01 21:00:00,-0.5039778101176479,5.834053586862575,489.8,462.8
2026-07-01 21:15:00,-0.4751892753462944,5.8759991358824815,490.1,462.9
2026-07-01 21:30:00,-0.4028291397863981,5.9814294968689286,490.8,463.1
2026-07-01 21:45:00,-0.3592639220142762,6.0449050086355705,491.2,463.2
2026-07-01 22:00:00,-0.4577854660387093,5.901356881326714,491.7,464.3
2026-07-01 22:15:00,-0.39333988737301473,5.995255553159362,491.5,463.7
2026-07-01 22:30:00,-0.5553005169981234,5.759275237273509,490.3,463.6
2026-07-01 22:45:00,-0.5074355755856055,5.829015544041449,490.2,463.2
2026-07-01 23:00:00,-0.5256917551628135,5.802415875754963,490.5,463.6
2026-07-01 23:15:00,-0.4490432153243144,5.914094539175485,490.7,463.3
2026-07-01 23:30:00,-0.22964258974719062,6.233766233766236,490.8,462.0
2026-07-02 06:45:00,-0.22964258974719062,6.233766233766236,490.8,462.0
2026-07-02 07:00:00,-0.4507209339977517,5.911650064963192,489.1,461.8
2026-07-02 07:15:00,-0.26426372923464175,6.183322447202255,487.7,459.3
2026-07-02 07:30:00,-0.3543527227375498,6.05206073752711,488.9,461.0
2026-07-02 07:45:00,-0.4874714625745784,5.858103710132356,487.9,460.9
2026-07-02 08:00:00,-0.4532904865394568,5.907906168549104,487.6,460.4
2026-07-02 08:15:00,-0.5077062676016996,5.828621139625922,486.6,459.8
2026-07-02 08:30:00,-0.43307261173584344,5.93736407133536,487.1,459.8
2026-07-02 08:45:00,-0.3620457627071389,6.040851803563663,488.0,460.2
2026-07-02 09:00:00,-0.33807072905571406,6.075783972125448,487.1,459.2
2026-07-02 09:15:00,-0.3189129978476571,6.103697221614524,485.0,457.1
2026-07-02 09:30:00,-0.28218878064563924,6.157205240174668,486.2,458.0
2026-07-02 09:45:00,-0.3744510297390649,6.022777047744188,484.1,456.6
2026-07-02 10:00:00,-0.33433335005004017,6.081229418221734,483.2,455.5
2026-07-02 10:15:00,-0.49286099643275477,5.850251036891496,484.9,458.1
2026-07-02 10:30:00,-0.42044028942703826,5.955769651850229,483.9,456.7
2026-07-02 10:45:00,-0.5282509369844649,5.798687089715537,483.5,457.0
2026-07-02 11:00:00,-0.5870399906552458,5.713030103273997,481.1,455.1
2026-07-02 11:15:00,-0.4850628966461966,5.861613045394432,480.4,453.8
2026-07-02 11:30:00,-0.626895902779035,5.654959134084381,478.3,452.7
2026-07-02 11:45:00,-0.6968068163711998,5.55309734513274,477.1,452.0
2026-07-02 12:00:00,-0.7483944283195033,5.477933022843207,475.6,450.9
2026-07-02 12:15:00,-0.7010417144543898,5.546927002440638,475.7,450.7
2026-07-02 12:30:00,-0.7129015847417586,5.529646902065277,475.2,450.3
2026-07-02 12:45:00,-0.7713786811473355,5.444444444444452,474.5,450.0
2026-07-02 13:00:00,-0.7505033094106688,5.4748603351955305,472.0,447.5
2026-07-02 13:15:00,-0.6720108788856443,5.589225589225588,470.4,445.5
2026-07-02 13:30:00,-0.703642134463121,5.5431381314260175,472.2,447.4
2026-07-02 13:45:00,-0.6678111612326503,5.595344673231861,471.8,446.8
2026-07-02 14:00:00,-0.7691823399051144,5.44764456351865,472.3,447.9
2026-07-02 14:15:00,-0.7198292937975952,5.519553072625705,472.2,447.5
2026-07-02 14:30:00,-0.5309091728345878,5.79481397970687,469.2,443.5
2026-07-02 14:45:00,-0.45988000894108505,5.898305084745759,468.6,442.5
2026-07-02 15:00:00,-0.31080189081223186,6.11551528878822,468.5,441.5
2026-07-02 15:15:00,-0.23694434920861088,6.223127404390128,469.4,441.9
2026-07-02 15:30:00,-0.1630196952011966,6.33083730428865,468.6,440.7
2026-07-02 15:45:00,-0.10851189289355213,6.41025641025641,464.8,436.8
2026-07-02 16:00:00,-0.045273888162895445,6.50239561943875,466.8,438.3
2026-07-02 16:15:00,-0.1139248833189867,6.402369560264298,467.0,438.9
2026-07-02 16:30:00,0.07903014336834721,6.683509416628386,464.5,435.4
2026-07-02 16:45:00,-0.031997834995841586,6.521739130434789,460.6,432.4
2026-07-02 17:00:00,-0.01923959770137076,6.54032817194361,461.0,432.7
2026-07-02 17:15:00,0.11406238406668902,6.734552186993748,461.2,432.1
2026-07-02 17:30:00,0.17613557474550146,6.824994235646775,463.3,433.7
2026-07-02 17:45:00,0.32992370562670864,7.049067035245327,464.7,434.1
2026-07-02 18:00:00,0.011632619617004987,6.585309693760055,462.9,434.3
2026-07-02 18:15:00,-0.009085706496339241,6.555122622049048,464.9,436.3
2026-07-02 18:30:00,0.0051822771251906746,6.575911398246426,461.9,433.4
2026-07-02 18:45:00,-0.042325643918353084,6.506691278264887,461.6,433.4
2026-07-02 19:00:00,-0.19976049286743716,6.277305127615551,462.2,434.9
2026-07-02 19:15:00,-0.22541473221665115,6.239926318213218,461.4,434.3
2026-07-02 19:30:00,-0.2927833962188874,6.14176864465481,459.7,433.1
2026-07-02 19:45:00,-0.2630498060465124,6.185091160858525,460.1,433.3
2026-07-02 20:00:00,-0.29735322926287033,6.1351102941176405,461.9,435.2
2026-07-02 20:15:00,-0.27963954100545724,6.160919540229881,461.8,435.0
2026-07-02 20:30:00,-0.33517713800971694,6.0799999999999965,464.1,437.5
2026-07-02 20:45:00,-0.289078774956987,6.14716636197441,464.5,437.6
2026-07-02 21:00:00,-0.325617245491955,6.093928980526919,463.1,436.5
2026-07-02 21:15:00,-0.30893173611734903,6.118240146654452,463.1,436.4
2026-07-02 21:30:00,-0.30989373806142995,6.116838487972509,463.2,436.5
2026-07-02 21:45:00,-0.28425265799627514,6.154198123999088,464.0,437.1
2026-07-02 22:00:00,-0.27262480510152426,6.1711401697637225,462.8,435.9
2026-07-02 22:15:00,-0.23917584694171676,6.219876061510221,462.8,435.7
2026-07-02 22:30:00,-0.3160134499086656,6.107921928817461,462.1,435.5
2026-07-02 22:45:00,-0.2983205430677723,6.133700895933836,462.0,435.3
2026-07-02 23:00:00,-0.30989373806142995,6.116838487972509,463.2,436.5
2026-07-02 23:15:00,-0.29735322926287033,6.1351102941176405,461.9,435.2
2026-07-02 23:30:00,-0.4763868481782356,5.874254245066535,461.4,435.8
2026-07-03 06:45:00,-0.5560375095787872,5.758201422344578,461.0,435.9
2026-07-03 07:00:00,-0.28933777651235487,6.14678899082568,462.8,436.0
2026-07-03 07:15:00,-0.20278814280322466,6.272893772893773,464.2,436.8
2026-07-03 07:30:00,-0.21260048059758702,6.258596973865194,463.5,436.2
2026-07-03 07:45:00,-0.3028408067448629,6.12711476909007,464.2,437.4
2026-07-03 08:00:00,-0.29417023063090497,6.139747995418099,463.3,436.5
2026-07-03 08:15:00,-0.06942720900311543,6.467203682393552,462.6,434.5
2026-07-03 08:30:00,-0.41840890666263586,5.958729422675635,457.0,431.3
2026-07-03 08:45:00,-0.4502350647587397,5.912357987479711,456.8,431.3
2026-07-03 09:00:00,-0.13462383328721986,6.372210720036797,462.4,434.7
2026-07-03 09:15:00,-0.11416529506038521,6.402019274896742,463.7,435.8
2026-07-03 09:30:00,-0.09077661424204864,6.436097114063211,464.7,436.6
2026-07-03 09:45:00,0.02460088653406297,6.604204753199272,466.5,437.6
2026-07-03 10:00:00,-0.013206599114164346,6.549118387909325,465.3,436.7
2026-07-03 10:15:00,-0.032340435255097395,6.521239954075764,463.9,435.5
2026-07-03 10:30:00,-0.270665866857315,6.173994387277815,454.0,427.6
2026-07-03 10:45:00,-0.30505715471055733,6.123885499765369,452.3,426.2
2026-07-03 11:00:00,-0.1014759106174511,6.420507996237057,452.5,425.2
2026-07-03 11:15:00,-0.31649101390641515,6.107226107226094,455.2,429.0
2026-07-03 11:30:00,-0.5949201248692481,5.701548568747072,450.5,426.2
2026-07-03 11:45:00,-0.6280374999491561,5.65329580107905,450.4,426.3
2026-07-03 12:00:00,-0.5543641477371597,5.76063954855397,449.8,425.3
2026-07-03 12:15:00,-0.6575271998792788,5.610328638497641,449.9,426.0
2026-07-03 12:30:00,-0.7237481116064457,5.513843266072271,449.7,426.2
2026-07-03 12:45:00,-0.6780614971669509,5.580409700965383,448.4,424.7
2026-07-03 13:00:00,-0.5973517072400074,5.698005698005693,445.2,421.2
2026-07-03 13:15:00,-0.6734551783371189,5.587121212121216,446.0,422.4
2026-07-03 13:30:00,-0.5312288959714936,5.794348135834704,445.5,421.1
2026-07-03 13:45:00,-0.6112293456884434,5.677785663591206,446.7,422.7
2026-07-03 14:00:00,-0.6167528621680052,5.669737774627914,447.3,423.3
2026-07-03 14:15:00,-0.6737286431701586,5.586722767648422,451.7,427.8
2026-07-03 14:30:00,-0.6738182703779926,5.586592178770955,453.6,429.6
2026-07-03 14:45:00,-0.768496645719754,5.448643635520512,454.8,431.3
2026-07-03 15:00:00,-0.7501995709056483,5.47530288909599,452.7,429.2
2026-07-03 15:15:00,-0.7242666166492026,5.513087792448457,455.5,431.7
2026-07-03 15:30:00,-0.7722833588777215,5.443126308443835,453.3,429.9
2026-07-03 15:45:00,-0.7615473800727495,5.458768873403019,454.0,430.5
2026-07-03 16:00:00,-0.516305437330422,5.816091954022995,460.3,435.0
2026-07-03 16:15:00,-0.5043402673509836,5.833525478441315,459.0,433.7
2026-07-03 16:30:00,-0.42333149928165265,5.951557093425608,459.3,433.5
2026-07-03 16:45:00,-0.41672494404618304,5.961182994454717,458.6,432.8
2026-07-03 17:00:00,-0.6156832002779916,5.671296296296302,456.5,432.0
2026-07-03 17:15:00,-0.6684556802358441,5.594405594405605,453.0,429.0
2026-07-03 17:30:00,-0.6906829112636929,5.5620200139632425,453.6,429.7
2026-07-03 17:45:00,-0.7626999504135351,5.457089552238803,452.2,428.8
2026-07-03 18:00:00,-0.7752236733005173,5.438842203548089,451.7,428.4
2026-07-03 18:15:00,-0.7137975244573169,5.528341497550726,452.4,428.7
2026-07-03 18:30:00,-0.8478508053974141,5.333022822543088,452.3,429.4
2026-07-03 18:45:00,-0.7501995709056483,5.47530288909599,452.7,429.2
2026-07-03 19:00:00,-0.8680727656247542,5.303558967201671,452.7,429.9
2026-07-03 19:15:00,-0.8335787683627334,5.353817504655489,452.6,429.6
2026-07-03 19:30:00,-0.8519138984118214,5.327102803738315,450.8,428.0
2026-07-03 19:45:00,-0.8519138984118214,5.327102803738315,450.8,428.0
2026-07-03 20:00:00,-0.94563150202058,5.190554126724334,449.9,427.7
2026-07-03 20:15:00,-0.8619864506395366,5.3124268663702345,450.0,427.3
2026-07-03 20:30:00,-0.9304209664398702,5.212716222533897,450.1,427.8
2026-07-03 20:45:00,-0.9177347186790125,5.2312003736571855,450.6,428.2
2026-07-03 21:00:00,-0.8932645723851245,5.266853932584259,449.7,427.2
2026-07-03 21:15:00,-0.8644050011662711,5.308902983321584,448.3,425.7
2026-07-03 21:30:00,-0.9871868592571151,5.130007027406891,448.8,426.9
2026-07-03 21:45:00,-0.8915714549848273,5.26932084309133,449.5,427.0
2026-07-03 22:00:00,-0.9508663534685855,5.182926829268308,448.5,426.4
2026-07-03 22:15:00,-0.9863619100156126,5.131208997188375,448.7,426.8
2026-07-03 22:30:00,-1.0226068810964657,5.0783992511116205,449.0,427.3
2026-07-03 22:45:00,-0.9076447828382751,5.245901639344264,449.4,427.0
2026-07-03 23:00:00,-0.8983344260311543,5.259467040673216,450.3,427.8
2026-07-03 23:15:00,-0.89917801934641,5.258237906052821,450.4,427.9
2026-07-03 23:30:00,-0.905072150335368,5.249650023331776,451.1,428.6
2026-07-04 09:45:00,-0.8848804650179235,5.279069767441857,452.7,430.0
2026-07-04 10:00:00,-0.8367359134525442,5.349217472553147,451.0,428.1
2026-07-04 10:15:00,-0.9312570611478871,5.211498013554561,450.2,427.9
2026-07-04 10:30:00,-0.9270726751384449,5.21759475900796,449.7,427.4
2026-07-04 10:45:00,-0.9608491519771344,5.16838166510758,449.7,427.6
2026-07-04 11:00:00,-0.9591892450655505,5.170800187178304,449.5,427.4
2026-07-04 11:15:00,-0.9929507001222433,5.121608980355474,449.5,427.6
2026-07-04 11:30:00,-1.0266805876660177,5.072463768115942,449.5,427.8
2026-07-04 11:45:00,-0.9422966658679935,5.195413058740939,449.5,427.3
2026-07-04 12:00:00,-1.0226068810964657,5.0783992511116205,449.0,427.3
2026-07-04 12:15:00,-1.0057251925957198,5.102996254681647,449.0,427.2
2026-07-04 12:30:00,-1.0957298594273495,4.971857410881819,447.6,426.4
2026-07-04 12:45:00,-1.1671652685076883,4.867774397378888,448.1,427.3
2026-07-04 13:00:00,-1.1302982308724627,4.921490508554016,447.7,426.7
2026-07-04 13:15:00,-1.1608986238117738,4.876905041031665,447.3,426.5
2026-07-04 13:30:00,-1.1946367449893946,4.827747832200613,447.3,426.7
2026-07-04 13:45:00,-1.1247479013095605,4.929577464788726,447.0,426.0
2026-07-04 14:00:00,-1.0957298594273495,4.971857410881819,447.6,426.4
2026-07-04 14:15:00,-1.1616832397513526,4.875761837787151,447.4,426.6
2026-07-04 14:30:00,-1.2765745329081737,4.7083626141953605,447.0,426.9
2026-07-04 14:45:00,-1.096529939231013,4.970691676436112,447.7,426.5
2026-07-04 15:00:00,-1.1463828594016843,4.898054839465682,447.6,426.7
2026-07-04 15:15:00,-1.2107213735186315,4.8043121631122565,447.2,426.7
2026-07-04 15:30:00,-1.1158036031020215,4.942609510424001,448.0,426.9
2026-07-04 15:45:00,-1.1847827936167523,4.842105263157892,448.2,427.5
2026-07-04 16:00:00,-1.1495312437263199,4.893467571997179,448.0,427.1
2026-07-04 16:15:00,-1.2314134406904538,4.774163351275451,447.7,427.3
2026-07-04 16:30:00,-1.1863368209388945,4.839841010053769,448.4,427.7
2026-07-04 16:45:00,-1.233712311210568,4.770813844714672,448.0,427.6
2026-07-04 17:00:00,-1.2367724587907523,4.766355140186906,448.4,428.0
2026-07-04 17:15:00,-1.2528082321398706,4.742990654205603,448.3,428.0
2026-07-04 17:30:00,-1.2543286721164448,4.740775338626824,448.5,428.2
2026-07-04 17:45:00,-1.271868493086112,4.71521942110178,448.6,428.4
2026-07-04 18:00:00,-1.3061523337801288,4.665267086540714,448.7,428.7
2026-07-04 18:15:00,-1.3556517894992217,4.593145255304276,448.6,428.9
2026-07-04 18:30:00,-1.260396255426277,4.731934731934739,449.3,429.0
2026-07-04 18:45:00,-1.261153112561356,4.7308319738988525,449.4,429.1
2026-07-05 09:45:00,-1.960829396881859,3.7113877362839887,449.9,433.8
2026-07-05 10:00:00,-1.178674729706057,4.851004851004848,453.9,432.9
2026-07-05 10:15:00,-1.034381505672588,5.061243355673684,454.6,432.7
2026-07-05 10:30:00,-1.177905460876971,4.8521256931608026,453.8,432.8
2026-07-05 10:45:00,-1.177905460876971,4.8521256931608026,453.8,432.8
2026-07-05 11:00:00,-1.0477112871299947,5.0418215613383,452.1,430.4
2026-07-05 11:15:00,-0.9443667854631292,5.192396847473346,453.8,431.4
2026-07-05 11:30:00,-1.0891363397451652,4.981464318813722,453.1,431.6
2026-07-05 11:45:00,-1.0255282675169561,5.074142724745134,453.5,431.6
2026-07-05 12:00:00,-0.958630631256525,5.17161410018554,453.5,431.2
2026-07-05 12:15:00,-0.9083758973101345,5.244836388953367,453.5,430.9
2026-07-05 12:30:00,-0.8429633529901148,5.340143951706522,453.7,430.7
2026-07-05 12:45:00,-0.8907690947599612,5.270489900162523,453.4,430.7
2026-07-05 13:00:00,-1.0214891327982272,5.080027835768952,453.0,431.1
2026-07-05 13:15:00,-0.9753666733444032,5.147229306747048,453.5,431.3
2026-07-05 13:30:00,-0.9920949564883242,5.1228558182661255,453.5,431.4
2026-07-05 13:45:00,-0.9937242314028516,5.12048192771084,453.7,431.6
2026-07-05 14:00:00,-1.089928309604396,4.98031040074125,453.2,431.7
2026-07-05 14:15:00,-1.0430359548359045,5.048633626679022,453.6,431.8
2026-07-05 14:30:00,-0.9460181772316948,5.1899907321594,454.0,431.6
2026-07-05 14:45:00,-1.0295580545506333,5.068271233510746,454.0,432.1
2026-07-05 15:00:00,-1.125642545937231,4.928273947246642,453.5,432.2
2026-07-05 15:15:00,-1.078796165616473,4.996530187369874,453.9,432.3
2026-07-05 15:30:00,-1.1264249719552801,4.927133934767536,453.6,432.3
2026-07-05 15:45:00,-1.0954618418400173,4.972247918593897,453.9,432.4
2026-07-05 16:00:00,-1.0962508842400644,4.971098265895946,454.0,432.5
2026-07-05 16:15:00,-1.1454126518569467,4.899468453894151,453.9,432.7
2026-07-05 16:30:00,-1.051042041405173,5.036968576709788,454.6,432.8
2026-07-05 16:45:00,-1.0970395618493407,4.969949144706432,454.1,432.6
2026-07-05 17:00:00,-1.1635930404584918,4.872979214780604,454.1,433.0
2026-07-05 17:15:00,-1.2134275111133306,4.800369259173776,454.1,433.3
2026-07-05 17:30:00,-1.1628204654569696,4.87410487410489,454.0,432.9
2026-07-05 17:45:00,-1.277531591050536,4.706968158744807,453.8,433.4
2026-07-05 18:00:00,-1.2134275111133306,4.800369259173776,454.1,433.3
2026-07-05 18:15:00,-1.2149475308184745,4.798154555940015,454.3,433.5
2026-07-05 18:30:00,-1.0613252889566624,5.021985651469563,453.8,432.1
2026-07-05 18:45:00,-1.194528993955129,4.827904827904828,453.8,432.9
2026-07-06 06:45:00,-1.3287074433108572,4.6324037796727335,454.0,433.9
2026-07-06 07:00:00,-1.0621227773724524,5.020823692734844,453.9,432.2
2026-07-06 07:15:00,-1.0629198968368605,5.0196622715706685,454.0,432.3
2026-07-06 07:30:00,-1.0160988562546391,5.087881591119325,454.4,432.4
2026-07-06 07:45:00,-1.0303628930900557,5.067098565478956,454.1,432.2
2026-07-06 08:00:00,-1.0390189895366122,5.054486436355199,453.1,431.3
2026-07-06 08:15:00,-1.0740299751280793,5.003474635163308,453.3,431.7
2026-07-06 08:30:00,-1.0883440028083688,4.982618771726544,453.0,431.5
2026-07-06 08:45:00,-1.1074021215421188,4.954850659874976,453.3,431.9
2026-07-06 09:00:00,-1.1701931756496882,4.863362667901816,452.8,431.8
2026-07-06 09:15:00,-1.0214891327982272,5.080027835768952,453.0,431.1
2026-07-06 09:30:00,-1.0509242480723207,5.037140204271129,452.5,430.8
2026-07-06 09:45:00,-1.0261018799905082,5.073306958343027,451.5,429.7
2026-07-06 10:00:00,-0.9851387741503964,5.132991133924403,450.6,428.6
2026-07-06 10:15:00,-0.9279103353833277,5.216374269005852,449.8,427.5
2026-07-06 10:30:00,-1.0036050609952973,5.1060853345768376,450.8,428.9
2026-07-06 10:45:00,-0.9641643118556649,5.163551401869171,450.1,428.0
2026-07-06 11:00:00,-1.0239137371718028,5.076495132127956,453.3,431.4
2026-07-06 11:15:00,-0.9753666733444032,5.147229306747048,453.5,431.3
2026-07-06 11:30:00,-1.081196409688819,4.993032977241052,452.1,430.6
2026-07-06 11:45:00,-1.0493185137602332,5.039479795633994,452.3,430.6
2026-07-06 12:00:00,-1.03560930904111,5.05945441827933,450.6,428.9
2026-07-06 12:15:00,-0.9431309601019977,5.194197473093132,449.6,427.4
2026-07-06 12:30:00,-0.9937725658042277,5.120411503390243,449.6,427.7
2026-07-06 12:45:00,-1.0065448380507591,5.101802012637502,449.1,427.3
2026-07-06 13:00:00,-1.0531138567898926,5.033949894638257,448.6,427.1
2026-07-06 13:15:00,-1.0258666083266796,5.07364975450082,449.4,427.7
2026-07-06 13:30:00,-1.067572324160176,5.012883579292593,448.3,426.9
2026-07-06 13:45:00,-1.118979139370614,4.937982681956465,448.4,427.3
2026-07-06 14:00:00,-1.0489356186372107,5.040037682524723,446.0,424.6
2026-07-06 14:15:00,-1.0974281598060194,4.969382948657541,445.7,424.6
2026-07-06 14:30:00,-1.1273678943527552,4.92576007541834,445.2,424.3
2026-07-06 14:45:00,-1.1305519794270689,4.921120791146705,445.6,424.7
2026-07-06 15:00:00,-1.0682635245947374,5.0118764845605845,442.1,421.0
2026-07-06 15:15:00,-0.9516124217585276,5.181839790824827,442.5,420.7
2026-07-06 15:30:00,-0.943987809990476,5.192949023344462,441.6,419.8
2026-07-06 15:45:00,-1.0263235586808412,5.072983967456346,439.1,417.9
2026-07-06 16:00:00,-0.9846061545270376,5.133767172812731,436.2,414.9
2026-07-06 16:15:00,-1.0440953424519572,5.047090074861149,435.0,414.1
2026-07-06 16:30:00,-1.0485699671506448,5.040570445045489,427.2,406.7
2026-07-06 16:45:00,-0.9332525976904594,5.208590471488517,426.2,405.1
2026-07-06 17:00:00,-0.8589682371611704,5.316824471959225,433.8,411.9
2026-07-06 17:15:00,-0.7954847051629863,5.4093214199468775,436.5,414.1
2026-07-06 17:30:00,-0.799520787716499,5.403440755997102,435.0,412.7
2026-07-06 17:45:00,-0.9185419542643477,5.230024213075057,434.6,413.0
2026-07-06 18:00:00,-1.1062840671471186,4.956479690522242,434.1,413.6
2026-07-06 18:15:00,-1.0573361474836243,5.02779792119894,434.5,413.7
2026-07-06 18:30:00,-1.063165090177077,5.019305019305032,435.2,414.4
2026-07-06 18:45:00,-0.9367014564620568,5.20356540592628,436.7,415.1
2026-07-06 19:00:00,-0.9184378152315503,5.230175946011095,436.6,414.9
2026-07-06 19:15:00,-0.9184378152315503,5.230175946011095,436.6,414.9
2026-07-06 19:30:00,-0.8236254662735505,5.368319691863266,437.7,415.4
2026-07-06 19:45:00,-0.8879712153644612,5.274566473988451,437.1,415.2
2026-07-06 20:00:00,-0.92822581738716,5.215914604560901,433.7,412.2
2026-07-06 20:15:00,-0.8809143515474386,5.284848484848492,434.3,412.5
2026-07-06 20:30:00,-0.9290940794304828,5.2146495270434245,433.8,412.3
2026-07-06 20:45:00,-0.8791548774409793,5.287412078583564,434.1,412.3
2026-07-06 21:00:00,-0.8975526812284756,5.260606060606055,434.2,412.5
2026-07-06 21:15:00,-0.8660418538025157,5.306518051853648,434.6,412.7
2026-07-06 21:30:00,-1.0182510728128749,5.084745762711873,434.0,413.0
2026-07-06 21:45:00,-0.9850146999633652,5.133171912832935,434.2,413.0
2026-07-06 22:00:00,-1.1253317763519541,4.928726745590728,434.3,413.9
2026-07-06 22:15:00,-0.7096729164905962,5.534351145038174,442.4,419.2
2026-07-06 22:30:00,-0.6367953786843905,5.640535372848965,442.0,418.4
2026-07-06 22:45:00,-0.6268850503544207,5.654974946313529,442.8,419.1
2026-07-06 23:00:00,-0.625032013748232,5.65767486273574,442.6,418.9
2026-07-06 23:15:00,-0.5913287525073673,5.706781279847184,442.7,418.8
2026-07-06 23:30:00,-0.7014730749803656,5.546298500357039,443.4,420.1
2026-07-07 06:45:00,-0.6678843090242759,5.595238095238098,443.5,420.0
2026-07-07 07:00:00,-0.7060921896831129,5.539568345323742,440.1,417.0
2026-07-07 07:15:00,-0.8828509831331675,5.282026768642445,440.5,418.4
2026-07-07 07:30:00,-0.837149346827721,5.348615090735431,441.2,418.8
2026-07-07 07:45:00,-0.966562399317834,5.160057333970358,440.2,418.6
2026-07-07 08:00:00,-1.1757283620137573,4.855297775651746,438.4,418.1
2026-07-07 08:15:00,-0.9140231488276854,5.236608215229399,438.1,416.3
2026-07-07 08:30:00,-0.7839206793612812,5.426170468187275,439.1,416.5
2026-07-07 08:45:00,-0.7719273071260359,5.443645083932847,439.7,417.0
2026-07-07 09:00:00,-0.7005667423262987,5.547619047619046,443.3,420.0
2026-07-07 09:15:00,-0.7650404113563601,5.453679447487514,442.8,419.9
2026-07-07 09:30:00,-1.0132453556493077,5.092039206311272,439.6,418.3
2026-07-07 09:45:00,-0.8515906430815264,5.327573794096474,438.9,416.7
2026-07-07 10:00:00,-0.714198050283215,5.527757922325471,442.9,419.7
2026-07-07 10:15:00,-0.7928407980263019,5.413173652694625,440.1,417.5
2026-07-07 10:30:00,-0.7339142251431887,5.499031007751931,435.5,412.8
2026-07-07 10:45:00,-0.6397793137681842,5.636187711659413,436.7,413.4
2026-07-07 11:00:00,-0.5532211501705531,5.762304921968786,440.5,416.5
2026-07-07 11:15:00,-0.6942024339890365,5.556891989415447,438.8,415.7
2026-07-07 11:30:00,-0.6611819336598418,5.605003608371417,439.0,415.7
2026-07-07 11:45:00,-0.7762070670564738,5.437409376510383,436.3,413.8
2026-07-07 12:00:00,-0.5847711848712736,5.716335804831374,442.0,418.1
2026-07-07 12:15:00,-0.6005390398353277,5.693361682022191,447.4,423.3
2026-07-07 12:30:00,-0.7506654723221698,5.474624060150357,448.9,425.6
2026-07-07 12:45:00,-0.8301542656100348,5.358807082945005,452.2,429.2
2026-07-07 13:00:00,-0.5004158121398117,5.83924349881797,447.7,423.0
2026-07-07 13:15:00,-0.5503469866009009,5.766492643569054,445.7,421.4
2026-07-07 13:30:00,-0.6778418116580358,5.580729787741467,442.7,419.3
2026-07-07 13:45:00,-0.6681157710164964,5.594900849858364,447.3,423.6
2026-07-07 14:00:00,-0.564563670911881,5.74577861163228,450.9,426.4
2026-07-07 14:15:00,-0.6591823416276452,5.607917059377954,448.2,424.4
2026-07-07 14:30:00,-0.7413207815721068,5.488239486813984,444.0,420.9
2026-07-07 14:45:00,-0.5796850270999571,5.723746452223266,447.0,422.8
2026-07-07 15:00:00,-0.6375385386034638,5.639452571967896,447.7,423.8
2026-07-07 15:15:00,-0.7771282969641984,5.436067123611443,446.1,423.1
2026-07-07 15:30:00,-0.6444010879462205,5.629453681710217,444.7,421.0
2026-07-07 15:45:00,-0.7774786779951529,5.435556610491332,444.2,421.3
2026-07-07 16:00:00,-0.7937694707637832,5.411820555423685,444.1,421.3
2026-07-07 16:15:00,-0.8804589371437167,5.28551203397829,446.2,423.8
2026-07-07 16:30:00,-0.9642478710725605,5.16342965419232,444.0,422.2
2026-07-07 16:45:00,-0.9318981840389973,5.210563882940744,442.2,420.3
2026-07-07 17:00:00,-0.9925967228899146,5.122124733222666,443.3,421.7
2026-07-07 17:15:00,-0.83187485743566,5.35630014157622,446.5,423.8
2026-07-07 17:30:00,-0.663844003524673,5.60112491211624,450.6,426.7
2026-07-07 17:45:00,-0.619869891397493,5.665196192245192,455.1,430.7
2026-07-07 18:00:00,-0.4037119968976499,5.98014315400599,459.0,433.1
2026-07-07 18:15:00,-0.42503567268287606,5.949074074074079,457.7,432.0
2026-07-07 18:30:00,-0.38344630010577047,6.009670734515304,460.4,434.3
2026-07-07 18:45:00,-0.3623403385238789,6.040422599908135,461.7,435.4
2026-07-07 19:00:00,-0.6073849588368075,5.683387022549469,459.3,434.6
2026-07-07 19:15:00,-0.6213885820890723,5.662983425414381,459.0,434.4
2026-07-07 19:30:00,-0.6240709020614139,5.659075224292631,459.3,434.7
2026-07-07 19:45:00,-0.6933681999430409,5.558107487367958,459.6,435.4
2026-07-07 20:00:00,-0.5012113524184831,5.83808437856328,464.1,438.5
2026-07-07 20:15:00,-0.4026193537989816,5.981735159817347,464.2,438.0
2026-07-07 20:30:00,-0.4966373126129997,5.844748858447502,463.6,438.0
2026-07-07 20:45:00,-0.4154858736366712,5.962988348183695,463.8,437.7
2026-07-07 21:00:00,-0.4763868481782356,5.874254245066535,461.4,435.8
2026-07-07 21:15:00,-0.46527644408354685,5.89044235617695,462.0,436.3
2026-07-07 21:30:00,-0.47453575388354974,5.876951331496771,461.2,435.6
2026-07-07 21:45:00,-0.5309339844112626,5.794777828676123,461.9,436.6
2026-07-07 22:00:00,-0.44057664961444737,5.926430517711179,466.5,440.4
2026-07-07 22:15:00,-0.48372405429541593,5.8635637691079046,464.0,438.3
2026-07-07 22:30:00,-0.6578821334906655,5.60981149216444,465.0,440.3
2026-07-07 22:45:00,-0.6725988354092771,5.588368923216724,464.8,440.2
2026-07-07 23:00:00,-0.5799431033586744,5.723370429252772,465.5,440.3
2026-07-07 23:15:00,-0.6847159851109313,5.570713960891305,464.3,439.8
2026-07-07 23:30:00,-0.5995787678976141,5.694760820045564,464.0,439.0
2026-07-08 06:45:00,-0.9121871658061569,5.239283284191432,464.0,440.9
2026-07-08 07:00:00,-0.5711212781775189,5.736224028906944,468.2,442.8
2026-07-08 07:15:00,-0.578634419032846,5.725277212038926,467.2,441.9
2026-07-08 07:30:00,-0.7624679814880031,5.457427536231885,465.7,441.6
2026-07-08 07:45:00,-0.5679347980580858,5.740866802813716,466.0,440.7
2026-07-08 08:00:00,-0.7020240622358732,5.545495699411496,466.3,441.8
2026-07-08 08:15:00,-0.6355018164765626,5.642420122365732,466.2,441.3
2026-07-08 08:30:00,-0.8019761107299326,5.399863294600138,462.6,438.9
2026-07-08 08:45:00,-0.7766522797268632,5.436760691537756,463.5,439.6
2026-07-08 09:00:00,-0.7276338831584689,5.508181608665597,457.8,433.9
2026-07-08 09:15:00,-0.8666364769422656,5.305651672433687,456.5,433.5
2026-07-08 09:30:00,-0.8486847266618839,5.331807780320363,460.3,437.0
2026-07-08 09:45:00,-0.842581846149702,5.340699815837957,457.6,434.4
2026-07-08 10:00:00,-0.7527329339429811,5.471611721611724,460.7,436.8
2026-07-08 10:15:00,-0.7601331126993396,5.460829493087549,457.7,434.0
2026-07-08 10:30:00,-0.9307909680589888,5.2121771217712,456.2,433.6
2026-07-08 10:45:00,-0.9357342374103556,5.20497466605252,456.8,434.2
2026-07-08 11:00:00,-1.065510690584612,5.015887426236931,462.7,440.6
2026-07-08 11:15:00,-0.9495455861063855,5.184851217312891,466.6,443.6
2026-07-08 11:30:00,-0.7298213288502465,5.504994450610434,475.3,450.5
2026-07-08 11:45:00,-0.5505167549672867,5.766245287203375,476.9,450.9
2026-07-08 12:00:00,-0.8030970308711408,5.398230088495559,476.4,452.0
2026-07-08 12:15:00,-0.8253179816376628,5.36585365853659,475.2,451.0
2026-07-08 12:30:00,-0.6493642634864695,5.622222222222217,475.3,450.0
2026-07-08 12:45:00,-0.7870894886880428,5.421553441026772,476.4,451.9
2026-07-08 13:00:00,-0.6188606590712492,5.666666666666664,475.5,450.0
2026-07-08 13:15:00,-0.6154005082145387,5.671708185053381,475.1,449.6
2026-07-08 13:30:00,-0.7870894886880428,5.421553441026772,476.4,451.9
2026-07-08 13:45:00,-0.6908952622299548,5.561710613782389,476.4,451.3
2026-07-08 14:00:00,-0.6849653410762645,5.57035064358633,475.7,450.6
2026-07-08 14:15:00,-0.5696043939345813,5.738434163701056,475.4,449.6
2026-07-08 14:30:00,-0.570858335158914,5.736607142857131,473.7,448.0
2026-07-08 14:45:00,-0.8059957016962428,5.394006659267481,474.8,450.5
2026-07-08 15:00:00,-0.8619362567550146,5.312500000000009,471.8,448.0
2026-07-08 15:15:00,-0.8773344664326901,5.2900644587686285,473.7,449.9
2026-07-08 15:30:00,-0.920707936747644,5.226868327402134,473.1,449.6
2026-07-08 15:45:00,-0.8517003254038437,5.327413984461704,474.5,450.5
2026-07-08 16:00:00,-0.6702879687831943,5.591735908376361,470.2,445.3
2026-07-08 16:15:00,-0.7053833324293551,5.540601166442349,470.5,445.8
2026-07-08 16:30:00,-0.8998418473926468,5.257270693512295,470.5,447.0
2026-07-08 16:45:00,-0.9111726353122793,5.24076147816348,469.9,446.5
2026-07-08 17:00:00,-1.0130775213353016,5.092283744718706,472.6,449.7
2026-07-08 17:15:00,-1.0991409206419962,4.966887417218535,475.5,453.0
2026-07-08 17:30:00,-1.2134413357944702,4.800349116299363,480.3,458.3
2026-07-08 17:45:00,-1.1520744513785368,4.889762060685432,480.5,458.1
2026-07-08 18:00:00,-1.1942398067317068,4.828326180257503,488.5,466.0
2026-07-08 18:15:00,-1.2768944921735679,4.707896426278624,489.3,467.3
2026-07-08 18:30:00,-0.9453905557553912,5.190905190905193,490.4,466.2
2026-07-08 18:45:00,-0.8081323797661908,5.390893470790381,490.7,465.6
2026-07-08 19:00:00,-0.8779379829612054,5.289185121479245,489.7,465.1
2026-07-08 19:15:00,-0.9455934840938442,5.190609519707068,488.4,464.3
2026-07-08 19:30:00,-0.8141461136024722,5.382131324004313,489.5,464.5
2026-07-08 19:45:00,-0.7981723877282833,5.405405405405395,487.5,462.5
2026-07-08 20:00:00,-0.746946182465252,5.480043149946057,488.9,463.5
2026-07-08 20:15:00,-0.7945736508767387,5.410648846734212,489.0,463.9
2026-07-08 20:30:00,-0.8391899357028584,5.345641906397591,490.7,465.8
2026-07-08 20:45:00,-0.8631813478431147,5.310685874005583,489.8,465.1
2026-07-08 21:00:00,-1.0432408268350681,5.048335123523096,489.0,465.5
2026-07-08 21:15:00,-1.0054761103804015,5.103359173126632,488.1,464.4
2026-07-08 21:30:00,-0.8950251137414692,5.264288783841864,489.9,465.4
2026-07-08 21:45:00,-0.8289218100361119,5.360602798708292,489.4,464.5
2026-07-08 22:00:00,-0.8017641562855679,5.400172117039581,489.9,464.8
2026-07-08 22:15:00,-0.7757560866147819,5.438066465256797,488.6,463.4
2026-07-08 22:30:00,-0.856901117174722,5.319836312728832,489.0,464.3
2026-07-08 22:45:00,-0.9300407941601494,5.213270142180093,488.4,464.2
2026-07-08 23:00:00,-0.7901975428566378,5.417024935511616,490.4,465.2
2026-07-08 23:15:00,-0.6975812263080688,5.551969012265978,490.5,464.7
2026-07-08 23:30:00,-0.6853177406699517,5.569837189374471,492.8,466.8
2026-07-09 06:45:00,-0.922758509028833,5.223880597014929,493.5,469.0
2026-07-09 07:00:00,-0.9294074149687211,5.214192990047595,486.3,462.2
2026-07-09 07:15:00,-1.1002249976097456,4.965307892454485,484.1,461.2
2026-07-09 07:30:00,-0.8291687129496085,5.360243055555558,485.5,460.8
2026-07-09 07:45:00,-0.8403120753742945,5.344006923409772,486.9,462.2
2026-07-09 08:00:00,-0.9621745725771585,5.166450497189801,486.5,462.6
2026-07-09 08:15:00,-0.9379041321881194,5.2018130800777,487.4,463.3
2026-07-09 08:30:00,-1.1282972058113678,4.9244060475162055,485.8,463.0
2026-07-09 08:45:00,-1.0473265782941412,5.042382090849817,483.3,460.1
2026-07-09 09:00:00,-1.0741752285646675,5.0032629976071386,482.7,459.7
2026-07-09 09:15:00,-1.0369361619555388,5.057521163446932,484.0,460.7
2026-07-09 09:30:00,-1.020524570629953,5.081433224755694,483.9,460.5
2026-07-09 09:45:00,-0.9773458776627404,5.144345561102659,484.4,460.7
2026-07-09 10:00:00,-1.1134736399508518,4.946004319654418,485.9,463.0
2026-07-09 10:15:00,-1.1253747907519809,4.928664072632927,485.4,462.6
2026-07-09 10:30:00,-0.9345239160939856,5.2067381316998285,480.9,457.1
2026-07-09 10:45:00,-0.9524149837988293,5.1806704397039605,483.2,459.4
2026-07-09 11:00:00,-1.0489496045168376,5.040017304780453,485.6,462.3
2026-07-09 11:15:00,-1.1134736399508518,4.946004319654418,485.9,463.0
2026-07-09 11:30:00,-0.8965802880122621,5.262022859607507,488.1,463.7
2026-07-09 11:45:00,-0.7981723877282833,5.405405405405395,487.5,462.5
2026-07-09 12:00:00,-0.7917441480327424,5.414771496642845,486.7,461.7
2026-07-09 12:15:00,-0.8150758059361215,5.380776741158599,485.7,460.9
2026-07-09 12:30:00,-0.971204152340958,5.153294194390101,483.6,459.9
2026-07-09 12:45:00,-0.8312964755343749,5.35714285714286,483.8,459.2
2026-07-09 13:00:00,-0.7573820893108425,5.46483779664706,484.4,459.3
2026-07-09 13:15:00,-0.7666228858667358,5.4513737461840295,483.6,458.6
2026-07-09 13:30:00,-0.7340696105438649,5.498804607693963,485.4,460.1
2026-07-09 13:45:00,-0.8131316531890924,5.383609415867485,483.5,458.8
2026-07-09 14:00:00,-0.8050605772414697,5.395369156837049,482.5,457.8
2026-07-09 14:15:00,-0.740978467475286,5.488738246227842,482.4,457.3
2026-07-09 14:30:00,-0.7461150622746193,5.481254110940581,481.1,456.1
2026-07-09 14:45:00,-0.9668778423699349,5.159597726278964,481.0,457.4
2026-07-09 15:00:00,-0.9676518734911563,5.158469945355204,481.1,457.5
2026-07-09 15:15:00,-0.892643010175051,5.267759562841534,481.6,457.5
2026-07-09 15:30:00,-0.976143936690847,5.146096816397727,482.2,458.6
2026-07-09 15:45:00,-0.8200525191231407,5.373525557011782,482.4,457.8
2026-07-09 16:00:00,-1.1141252252633924,4.94505494505495,477.5,455.0
2026-07-09 16:15:00,-1.1980831980964082,4.822726271746314,476.0,454.1
2026-07-09 16:30:00,-1.0283394981941512,5.070046697798536,472.5,449.7
2026-07-09 16:45:00,-1.1376942877408183,4.910714285714279,470.0,448.0
2026-07-09 17:00:00,-0.9257416792969366,5.219534050179209,469.7,446.4
2026-07-09 17:15:00,-0.9702810501434798,5.154639175257736,469.2,446.2
2026-07-09 17:30:00,-1.1306671279418319,4.920953017145391,471.2,449.1
2026-07-09 17:45:00,-1.1567544860921226,4.882943143812701,470.4,448.5
2026-07-09 18:00:00,-1.2057675932465468,4.811529933481151,472.7,451.0
2026-07-09 18:15:00,-1.2048724176898202,4.812834224598928,470.4,448.8
2026-07-09 18:30:00,-1.258802846830894,4.734256364448419,469.0,447.8
2026-07-09 18:45:00,-1.2194322376429958,4.791620236238026,470.2,448.7
2026-07-09 19:00:00,-1.2054474297417044,4.811996418979403,468.3,446.8
2026-07-09 19:15:00,-1.1529486054920228,4.888488398287905,465.6,443.9
2026-07-09 19:30:00,-1.213309704546323,4.800540906017581,465.0,443.7
2026-07-09 19:45:00,-1.2413013981620764,4.759756372659596,464.4,443.3
2026-07-09 20:00:00,-1.2464517093708378,4.752252252252265,465.1,444.0
2026-07-09 20:15:00,-1.288474627441859,4.691023906179526,464.2,443.4
2026-07-09 20:30:00,-1.254581940704446,4.740406320541757,464.0,443.0
2026-07-09 20:45:00,-1.2494786781096334,4.747841890049975,461.1,440.2
2026-07-09 21:00:00,-1.1916336485103631,4.832123411978229,462.1,440.8
2026-07-09 21:15:00,-1.2642167674081366,4.726368159203997,463.1,442.2
2026-07-09 21:30:00,-1.2316932545625134,4.7737556561086025,463.1,442.0
2026-07-09 21:45:00,-1.210943708062086,4.803988216632682,462.5,441.3
2026-07-09 22:00:00,-1.2642167674081366,4.726368159203997,463.1,442.2
2026-07-09 22:15:00,-1.2124373101069192,4.801812004530004,462.7,441.5
2026-07-09 22:30:00,-1.3064351118545028,4.664855072463769,462.2,441.6
2026-07-09 22:45:00,-1.226496191618459,4.781327894856102,462.4,441.3
2026-07-09 23:00:00,-1.2702188120950149,4.7176230437741,461.7,440.9
2026-07-09 23:15:00,-1.0927893595715026,4.976141785957733,462.0,440.1
2026-07-09 23:30:00,-1.2797375973344804,4.703753957485302,463.0,442.2
2026-07-10 06:45:00,-1.6690423924532403,4.136528028933095,460.7,442.4
2026-07-10 07:00:00,-1.3685037457297282,4.574419663177065,459.5,439.4
2026-07-10 07:15:00,-1.2017720037182347,4.817351598173514,459.1,438.0
2026-07-10 07:30:00,-1.1959328885130385,4.825859321648074,460.5,439.3
2026-07-10 07:45:00,-1.1719560239300328,4.8607941579187575,459.5,438.2
2026-07-10 08:00:00,-1.2136809451680073,4.800000000000004,458.5,437.5
2026-07-10 08:15:00,-1.1094568002334737,4.951856946354893,457.8,436.2
2026-07-10 08:30:00,-1.1094568002334737,4.951856946354893,457.8,436.2
2026-07-10 08:45:00,-1.2592584780399623,4.733592499428307,458.0,437.3
2026-07-10 09:00:00,-1.1961417181617058,4.8255550521069335,462.7,441.4
2026-07-10 09:15:00,-1.214794165243529,4.798378013066018,465.2,443.9
2026-07-10 09:30:00,-1.0601802658647559,5.0236539761207455,466.2,443.9
2026-07-10 09:45:00,-1.039415744202895,5.053908355795156,467.7,445.2
2026-07-10 10:00:00,-1.0161560290492888,5.087798289058987,466.8,444.2
2026-07-10 10:15:00,-0.8496872064798062,5.330347144456882,470.3,446.5
2026-07-10 10:30:00,-0.9441044063935362,5.192779139737014,472.0,448.7
2026-07-10 10:45:00,-1.0164261262982794,5.087404751232638,468.9,446.2
2026-07-10 11:00:00,-1.035698866484714,5.0593239310499305,469.3,446.7
2026-07-10 11:15:00,-1.0679300747120148,5.0123623286131735,467.2,444.9
2026-07-10 11:30:00,-1.098783349575691,4.967408406383456,467.0,444.9
2026-07-10 11:45:00,-1.102728727755145,4.961659900766802,465.4,443.4
2026-07-10 12:00:00,-1.078752896203488,4.996593231887347,462.3,440.3
2026-07-10 12:15:00,-0.9852260600450865,5.132863956393363,462.9,440.3
2026-07-10 12:30:00,-0.9072376791025046,5.246494798733603,465.4,442.2
2026-07-10 12:45:00,-0.8744609026118637,5.294251306521236,463.4,440.1
2026-07-10 13:00:00,-0.8925203798807964,5.267938237965497,463.6,440.4
2026-07-10 13:15:00,-0.8752863477093994,5.293048614266249,463.5,440.2
2026-07-10 13:30:00,-0.9532430832094488,5.1794638800545245,463.0,440.2
2026-07-10 13:45:00,-0.9816519433622471,5.1380715255771925,464.5,441.8
2026-07-10 14:00:00,-1.0376827219506406,5.056433408577865,465.4,443.0
2026-07-10 14:15:00,-1.0471895104014792,5.042581801882573,468.7,446.2
2026-07-10 14:30:00,-0.8990482614245235,5.258426966292129,468.4,445.0
2026-07-10 14:45:00,-0.8274302570838151,5.362776025236604,467.6,443.8
2026-07-10 15:00:00,-0.9039775319382655,5.251244907197816,465.0,441.8
2026-07-10 15:15:00,-0.9285656222665855,5.215419501133778,464.0,441.0
2026-07-10 15:30:00,-1.0919425782258225,4.977375565610864,464.0,442.0
2026-07-10 15:45:00,-1.0422225056765035,5.0498188405796895,463.9,441.6
2026-07-10 16:00:00,-0.9562098434937923,5.175141242937853,465.4,442.5
2026-07-10 16:15:00,-0.894988619174145,5.264341957255336,467.9,444.5
2026-07-10 16:30:00,-1.0024062639629492,5.107832009080582,463.0,440.5
2026-07-10 16:45:00,-0.9370184043468189,5.20310360565952,461.0,438.2
2026-07-10 17:00:00,-0.7684456422612599,5.448717948717952,460.6,436.8
2026-07-10 17:15:00,-0.8495219230689743,5.330587966140454,460.4,437.1
2026-07-10 17:30:00,-0.8618871432975981,5.312571559422952,459.9,436.7
2026-07-10 17:45:00,-0.8206489063859183,5.372656607224502,460.9,437.4
2026-07-10 18:00:00,-0.8734419792766653,5.295735900962861,459.3,436.2
2026-07-10 18:15:00,-0.933100980370296,5.208811381367595,458.5,435.8
2026-07-10 18:30:00,-0.7943283766174595,5.41100621690076,457.8,434.3
2026-07-10 18:45:00,-0.7704674981110412,5.445772058823528,458.9,435.2
2026-07-10 19:00:00,-0.8634154186070492,5.310344827586211,458.1,435.0
2026-07-10 19:15:00,-0.8775239283419742,5.289788408463658,457.8,434.8
2026-07-10 19:30:00,-0.8883464694604495,5.274019720247658,459.1,436.1
2026-07-10 19:45:00,-0.933100980370296,5.208811381367595,458.5,435.8
2026-07-10 20:00:00,-0.9960960330864359,5.11702615878844,458.1,435.8
2026-07-10 20:15:00,-0.9537432639138427,5.178735105407895,459.0,436.4
2026-07-10 20:30:00,-0.9537432639138427,5.178735105407895,459.0,436.4
2026-07-10 20:45:00,-0.9686593269384051,5.157002062800831,458.8,436.3
2026-07-10 21:00:00,-0.9263927065602222,5.21858548867018,459.7,436.9
2026-07-10 21:15:00,-0.9304869881279464,5.212620027434856,460.2,437.4
2026-07-10 21:30:00,-0.9056933884023893,5.24874486535829,461.2,438.2
2026-07-10 21:45:00,-0.9675354479557816,5.158639580004554,460.7,438.1
2026-07-10 22:00:00,-0.8447153578207877,5.337591240875916,461.8,438.4
2026-07-10 22:15:00,-0.8801637502084404,5.285942128047405,462.1,438.9
2026-07-10 22:30:00,-0.8505553678525242,5.329082213618763,462.5,439.1
2026-07-10 22:45:00,-0.7880337464139061,5.420177636073786,462.9,439.1
2026-07-10 23:00:00,-0.7956429119321667,5.409090909090919,463.8,440.0
2026-07-10 23:15:00,-0.7462827546128664,5.481009779395052,463.8,439.7
2026-07-10 23:30:00,-0.8596950006093859,5.315765561108599,463.6,440.2
2026-07-11 09:45:00,-0.8752863477093994,5.293048614266249,463.5,440.2
2026-07-11 10:00:00,-0.7351278191484039,5.497262773722644,462.5,438.4
2026-07-11 10:15:00,-0.7377079028522163,5.4935035331661775,462.8,438.7
2026-07-11 10:30:00,-0.6977223667317614,5.551763367463014,463.9,439.5
2026-07-11 10:45:00,-0.799856790831237,5.402951191827476,464.3,440.5
2026-07-11 11:00:00,-0.8285123064093759,5.361199454793275,463.8,440.2
2026-07-11 11:15:00,-0.9097387660856442,5.242850658193365,463.7,440.6
2026-07-11 11:30:00,-0.9368404617431869,5.203362872074524,463.0,440.1
2026-07-11 11:45:00,-0.9204303845398877,5.227272727272725,463.0,440.0
2026-07-11 12:00:00,-0.9327785534626298,5.209281164695168,462.5,439.6
2026-07-11 12:15:00,-0.8463858342750603,5.335157318741435,462.0,438.6
2026-07-11 12:30:00,-0.9804189040360314,5.139868091880828,462.3,439.7
2026-07-11 12:45:00,-0.9319650627530528,5.210466439135386,462.4,439.5
2026-07-11 13:00:00,-0.9105552697062157,5.241660993873398,463.8,440.7
2026-07-11 13:15:00,-1.065510690584612,5.015887426236931,462.7,440.6
2026-07-11 13:30:00,-0.8045075957786284,5.39617486338797,462.9,439.2
2026-07-11 13:45:00,-0.9138175820637944,5.2369077306733125,464.2,441.1
2026-07-11 14:00:00,-0.8532365862656767,5.325175617493771,464.8,441.3
2026-07-11 14:15:00,-0.8687890698220495,5.302515295717192,464.7,441.3
2026-07-11 14:30:00,-0.722812456686892,5.515206536541073,464.9,440.6
2026-07-11 14:45:00,-0.8351872414036652,5.351473922902494,464.6,441.0
2026-07-11 15:00:00,-0.8129209593093629,5.3839164016356245,463.9,440.2
2026-07-11 15:15:00,-0.7193728767093006,5.5202180826896985,464.5,440.2
2026-07-11 15:30:00,-0.8162756113862605,5.37902859736723,464.3,440.6
2026-07-11 15:45:00,-0.8171133228930978,5.377808032675291,464.4,440.7
2026-07-11 16:00:00,-0.8171133228930978,5.377808032675291,464.4,440.7
2026-07-11 16:15:00,-0.7964864536977135,5.4078618495796205,463.9,440.1
2026-07-11 16:30:00,-0.7462827546128664,5.481009779395052,463.8,439.7
2026-07-11 16:45:00,-0.8120813434805405,5.385139740967948,463.8,440.1
2026-07-11 17:00:00,-0.7159270401060297,5.525238744884042,464.1,439.8
2026-07-11 17:15:00,-0.7020523074763914,5.545454545454542,464.4,440.0
2026-07-11 17:30:00,-0.784276062128801,5.425652667423386,464.4,440.5
2026-07-11 17:45:00,-0.7729349874950516,5.442176870748305,465.0,441.0
2026-07-11 18:00:00,-0.6449264944374081,5.62868815251929,465.4,440.6
2026-07-11 18:15:00,-0.683892409141067,5.571913929784822,466.1,441.5
2026-07-11 18:30:00,-0.7209877199865167,5.517865219357754,466.6,442.2
2026-07-11 18:45:00,-0.783071039691846,5.427408412483037,466.2,442.2
2026-07-12 09:45:00,-1.2676168328585562,4.721414186618933,468.0,446.9
2026-07-12 10:00:00,-0.6491805068333601,5.622489959839361,473.4,448.2
2026-07-12 10:15:00,-0.6338674524080545,5.644801427933954,473.5,448.2
2026-07-12 10:30:00,-0.835650263274434,5.350799289520425,474.5,450.4
2026-07-12 10:45:00,-0.9294634249078114,5.214111382294218,474.2,450.7
2026-07-12 11:00:00,-0.9549401944424611,5.176991150442478,475.4,452.0
2026-07-12 11:15:00,-1.0422121788206702,5.049833887043187,474.3,451.5
2026-07-12 11:30:00,-0.9476329516922342,5.187637969094916,476.5,453.0
2026-07-12 11:45:00,-0.7735546184231542,5.441274054412726,476.7,452.1
2026-07-12 12:00:00,-0.835090875685535,5.351614329942511,476.4,452.2
2026-07-12 12:15:00,-0.8950022803284745,5.2643220526432,475.9,452.1
2026-07-12 12:30:00,-0.7677633890866078,5.449712007089058,476.0,451.4
2026-07-12 12:45:00,-0.8125582091552511,5.384444936849109,475.6,451.3
2026-07-12 13:00:00,-0.9677747571724854,5.158290901040519,475.0,451.7
2026-07-12 13:15:00,-0.8597985976000987,5.31561461794019,475.5,451.5
2026-07-12 13:30:00,-0.7998153894263605,5.403011514614708,476.0,451.6
2026-07-12 13:45:00,-0.7558838223308535,5.467020805666212,476.5,451.8
2026-07-12 14:00:00,-0.6343555178877465,5.644090305444882,477.3,451.8
2026-07-12 14:15:00,-0.7431927029468279,5.485512054855102,476.9,452.1
2026-07-12 14:30:00,-0.7998153894263605,5.403011514614708,476.0,451.6
2026-07-12 14:45:00,-0.8158307458059997,5.379676776621656,476.0,451.7
2026-07-12 15:00:00,-0.8500763547635538,5.329780146568952,474.3,450.3
2026-07-12 15:15:00,-0.8364654508346383,5.349611542730304,474.6,450.5
2026-07-12 15:30:00,-0.9391485054310397,5.200000000000005,473.4,450.0
2026-07-12 15:45:00,-0.8612686937137519,5.313472654513118,473.7,449.8
2026-07-12 16:00:00,-1.0146311966856714,5.09002000444545,472.8,449.9
2026-07-12 16:15:00,-0.8909817064645206,5.270180120080048,473.4,449.7
2026-07-12 16:30:00,-0.920707936747644,5.226868327402134,473.1,449.6
2026-07-12 16:45:00,-0.798584965334414,5.404804270462615,473.9,449.6
2026-07-12 17:00:00,-0.8321170008069633,5.355947333184563,472.1,448.1
2026-07-12 17:15:00,-0.8482502143623946,5.332440874609556,472.1,448.2
2026-07-12 17:30:00,-1.1031350684329926,4.961067853170187,471.8,449.5
2026-07-12 17:45:00,-1.294938161633301,4.6816063900599225,471.8,450.7
2026-07-12 18:00:00,-1.0603967734366702,5.02333851967105,472.5,449.9
2026-07-12 18:15:00,-0.9215056601822197,5.225706026239707,473.2,449.7
2026-07-12 18:30:00,-0.9536104276843592,5.178928650811288,473.2,449.9
2026-07-12 18:45:00,-0.8741035558604368,5.294771968854284,473.3,449.5
2026-07-13 06:45:00,-0.4672405991335713,5.887580537658299,476.6,450.1
2026-07-13 07:00:00,-0.7989940705265749,5.404208194905857,475.9,451.5
2026-07-13 07:15:00,-0.7278813073695246,5.507821105970479,478.9,453.9
2026-07-13 07:30:00,-0.7529297312126302,5.471324983520098,480.0,455.1
2026-07-13 07:45:00,-0.6799889139509617,5.577601410934729,478.9,453.6
2026-07-13 08:00:00,-0.7515018565973797,5.473405429265044,477.9,453.1
2026-07-13 08:15:00,-0.8615579878510666,5.313051146384473,477.7,453.6
2026-07-13 08:30:00,-0.9173313579022756,5.231788079470201,476.7,453.0
2026-07-13 08:45:00,-1.0354714206547142,5.059655324790091,475.5,452.6
2026-07-13 09:00:00,-0.6680294352822645,5.595026642984036,475.6,450.4
2026-07-13 09:15:00,-0.5713556015059696,5.735882614495336,475.6,449.8
2026-07-13 09:30:00,-0.8445974658317025,5.337763012181629,475.6,451.5
2026-07-13 09:45:00,-0.8813650345450242,5.284191829484897,474.2,450.4
2026-07-13 10:00:00,-0.9005480178464764,5.256241787122207,480.6,456.6
2026-07-13 10:15:00,-0.9249961122947612,5.220620358235029,481.7,457.8
2026-07-13 10:30:00,-0.8635699338821268,5.310119695321003,483.9,459.5
2026-07-13 10:45:00,-0.8786482634773585,5.288150226635002,487.8,463.3
2026-07-13 11:00:00,-1.0492273137938777,5.039612676056349,477.3,454.4
2026-07-13 11:15:00,-1.1141252252633924,4.94505494505495,477.5,455.0
2026-07-13 11:30:00,-1.149875240519673,4.892966360856255,480.2,457.8
2026-07-13 11:45:00,-1.1747623232144855,4.856705316123389,479.3,457.1
2026-07-13 12:00:00,-1.105024402542857,4.958315050460715,478.4,455.8
2026-07-13 12:15:00,-1.0598512279481376,5.0241333918385145,478.7,455.8
2026-07-13 12:30:00,-1.1331609867769363,4.917319408181009,482.2,459.6
2026-07-13 12:45:00,-1.0816288751751453,4.9924028652051256,483.7,460.7
2026-07-13 13:00:00,-1.1524748862435965,4.889178617992185,482.7,460.2
2026-07-13 13:15:00,-1.165209464179444,4.87062404870624,482.3,459.9
2026-07-13 13:30:00,-1.1673886432914526,4.867448935245555,482.6,460.2
2026-07-13 13:45:00,-1.1641010285936038,4.872239064530093,484.3,461.8
2026-07-13 14:00:00,-1.147055521006489,4.897074756229691,484.1,461.5
2026-07-13 14:15:00,-1.114370576596932,4.9446974625894535,483.9,461.1
2026-07-13 14:30:00,-1.048830268775882,5.040191179665432,483.5,460.3
2026-07-13 14:45:00,-1.1145359255461715,4.9444565454149325,481.8,459.1
2026-07-13 15:00:00,-1.0868725348236752,4.98476273400088,482.3,459.4
2026-07-13 15:15:00,-0.9750452319127103,5.147697654213745,484.1,460.4
2026-07-13 15:30:00,-1.0010511233930386,5.109806479669499,483.4,459.9
2026-07-13 15:45:00,-0.9194108790447224,5.228758169934644,483.0,459.0
2026-07-13 16:00:00,-0.9248754462408962,5.220796171416131,483.7,459.7
2026-07-13 16:15:00,-0.9068118953945357,5.247115175266703,483.4,459.3
2026-07-13 16:30:00,-0.8573728850838672,5.319148936170204,485.1,460.6
2026-07-13 16:45:00,-0.9899525103519587,5.125977410947002,484.0,460.4
2026-07-13 17:00:00,-0.8785064104728272,5.288356909684433,483.8,459.5
2026-07-13 17:15:00,-0.9764781846683198,5.14560980950296,480.2,456.7
2026-07-13 17:30:00,-1.005000207843304,5.104052573932094,479.8,456.5
2026-07-13 17:45:00,-1.0869643908581372,4.984628897672394,478.1,455.4
2026-07-13 18:00:00,-1.0779324853599936,4.997788589119856,474.8,452.2
2026-07-13 18:15:00,-1.1144596864604073,4.944567627494467,473.3,451.0
2026-07-13 18:30:00,-1.0817210183140942,4.992268610558881,475.3,452.7
2026-07-13 18:45:00,-1.1157894132582653,4.94263018534864,475.6,453.2
2026-07-13 19:00:00,-1.049107121877405,5.0397877984085016,475.2,452.4
2026-07-13 19:15:00,-0.902180561007304,5.253863134657832,476.8,453.0
2026-07-13 19:30:00,-0.9826040371178033,5.136684303350969,476.9,453.6
2026-07-13 19:45:00,-1.0190190787876197,5.083626760563376,477.5,454.4
2026-07-13 20:00:00,-0.9938611059789351,5.12028249834473,476.3,453.1
2026-07-13 20:15:00,-1.0454171761994537,5.045164133068969,476.8,453.9
2026-07-13 20:30:00,-0.965618907593257,5.161432022842072,478.8,455.3
2026-07-13 20:45:00,-0.8752590662621629,5.293088363954501,481.4,457.2
2026-07-13 21:00:00,-1.127498913954603,4.925569176882672,479.3,456.8
2026-07-13 21:15:00,-1.1641367469546033,4.872187022066865,480.0,457.7
2026-07-13 21:30:00,-1.3740697902317272,4.566309809919167,478.6,457.7
2026-07-13 21:45:00,-1.3468420630670568,4.605981226806377,479.2,458.1
2026-07-13 22:00:00,-1.2890216539788955,4.690226876090753,479.9,458.4
2026-07-13 22:15:00,-1.299794659336276,4.674530362603746,479.2,457.8
2026-07-13 22:30:00,-1.277211109401029,4.707435107787061,476.0,454.6
2026-07-13 22:45:00,-1.2821783867540488,4.700197671864692,476.7,455.3
2026-07-13 23:00:00,-1.116361516717437,4.941796617614758,477.8,455.3
2026-07-13 23:15:00,-1.1306939862316976,4.920913884007039,477.6,455.2
2026-07-13 23:30:00,-1.125277289874838,4.928806133625407,479.0,456.5
2026-07-14 06:45:00,-1.0816745432274817,4.992336325815638,479.5,456.7
2026-07-14 07:00:00,-1.3268951026857003,4.635044401126276,483.1,461.7
2026-07-14 07:15:00,-1.4045825594723398,4.521852012115968,483.1,462.2
2026-07-14 07:30:00,-1.479483930299451,4.41271901362752,482.7,462.3
2026-07-14 07:45:00,-1.449791907831686,4.455980964741513,482.9,462.3
2026-07-14 08:00:00,-1.4282840185891115,4.487318447864719,482.0,461.3
2026-07-14 08:15:00,-1.3057875319373975,4.665798611111116,482.3,460.8
2026-07-14 08:30:00,-1.490413449940772,4.396794455273989,482.0,461.7
2026-07-14 08:45:00,-1.4154170880596575,4.506065857885599,482.4,461.6
2026-07-14 09:00:00,-1.4420890634760848,4.467204183918061,479.4,458.9
2026-07-14 09:15:00,-1.405334541437338,4.520756357313616,480.9,460.1
2026-07-14 09:30:00,-1.4309522327571151,4.483430799220267,482.4,461.7
2026-07-14 09:45:00,-1.342446052242563,4.612386314421824,483.1,461.8
2026-07-14 10:00:00,-1.2052684275929841,4.812257229175665,485.7,463.4
2026-07-14 10:15:00,-1.0690029423692577,5.010799136069122,486.2,463.0
2026-07-14 10:30:00,-1.1409390452074541,4.905986600389012,485.4,462.7
2026-07-14 10:45:00,-1.210115588807785,4.805194805194812,484.2,462.0
2026-07-14 11:00:00,-1.2031288453465505,4.815374649103865,485.4,463.1
2026-07-14 11:15:00,-1.0690029423692577,5.010799136069122,486.2,463.0
2026-07-14 11:30:00,-0.9880459142254012,5.1287553648068585,489.9,466.0
2026-07-14 11:45:00,-0.9740761468736577,5.149109633125937,490.1,466.1
2026-07-14 12:00:00,-1.133154573538049,4.917328752415728,488.6,465.7
2026-07-14 12:15:00,-1.0062301672397578,5.102260495156075,488.2,464.5
2026-07-14 12:30:00,-0.9804759694774754,5.139784946236548,488.9,465.0
2026-07-14 12:45:00,-1.1222489865653835,4.933218440327458,487.1,464.2
2026-07-14 13:00:00,-1.142110001532554,4.904280490428059,487.7,464.9
2026-07-14 13:15:00,-1.1207895808604658,4.935344827586197,486.9,464.0
2026-07-14 13:30:00,-1.1713265454333046,4.861711322385487,485.3,462.8
2026-07-14 13:45:00,-1.1770845155395713,4.853321829163071,486.1,463.6
2026-07-14 14:00:00,-0.9382523168355983,5.201305767138198,483.4,459.5
2026-07-14 14:15:00,-0.8667397536587139,5.3055011959121545,484.3,459.9
2026-07-14 14:30:00,-0.8675313472387932,5.3043478260869525,484.4,460.0
2026-07-14 14:45:00,-0.948540876980111,5.186315101329275,482.7,458.9
2026-07-14 15:00:00,-0.9696653809380321,5.155536219273427,483.4,459.7
2026-07-14 15:15:00,-0.9421325536890518,5.195652173913046,483.9,460.0
2026-07-14 15:30:00,-1.024307158104339,5.075921908893699,484.4,461.0
2026-07-14 15:45:00,-0.9216479552830119,5.225498699045983,485.3,461.2
2026-07-14 16:00:00,-0.9200920237139398,5.227765726681133,485.1,461.0
2026-07-14 16:15:00,-0.932653164443134,5.209463859344465,484.7,460.7
2026-07-14 16:30:00,-0.9968879472821464,5.115872321818982,480.8,457.4
2026-07-14 16:45:00,-1.0434180378311457,5.048076923076916,480.7,457.6
2026-07-14 17:00:00,-0.9274739562620423,5.2170100832968025,480.0,456.2
2026-07-14 17:15:00,-0.9306107028811901,5.212439772229516,480.4,456.6
2026-07-14 17:30:00,-0.8192467472850518,5.374699584880927,482.3,457.7
2026-07-14 17:45:00,-0.8270036865717583,5.363397548161131,481.3,456.8
2026-07-14 18:00:00,-0.7108996876405889,5.5325637116096615,484.5,459.1
2026-07-14 18:15:00,-0.7424391087024687,5.486610058785102,484.5,459.3
2026-07-14 18:30:00,-0.7893278111836085,5.418292154312954,486.4,461.4
2026-07-14 18:45:00,-1.15359728837437,4.88754325259515,485.0,462.4
2026-07-14 19:00:00,-1.1248528593464957,4.9294245385450575,483.2,460.5
2026-07-14 19:15:00,-1.1517455675442383,4.890241251901761,482.6,460.1
2026-07-14 19:30:00,-0.9876585844369493,5.12931971310584,483.7,460.1
2026-07-14 19:45:00,-1.0786513028555018,4.996741255702797,483.3,460.3
2026-07-14 20:00:00,-1.1630274401860836,4.873803307223668,482.0,459.6
2026-07-14 20:15:00,-1.1936150544236965,4.829236458559927,481.9,459.7
2026-07-14 20:30:00,-1.1608425657368147,4.876986718920096,481.7,459.3
2026-07-14 20:45:00,-1.160113639853477,4.878048780487809,481.6,459.2
2026-07-14 21:00:00,-1.080156988654721,4.994547437295527,481.4,458.5
2026-07-14 21:15:00,-1.1204390076013306,4.935855620787133,482.6,459.9
2026-07-14 21:30:00,-0.9650410226181768,5.162274014375945,482.8,459.1
2026-07-14 21:45:00,-0.9500915323253866,5.184055761272033,482.9,459.1
2026-07-14 22:00:00,-1.0098894934965783,5.096928773687637,482.5,459.1
2026-07-14 22:15:00,-1.0344922323204833,5.061082024432828,481.6,458.4
2026-07-14 22:30:00,-0.9604045612885489,5.169029443838591,482.2,458.5
2026-07-14 22:45:00,-0.6359201316913905,5.641810627596766,483.1,457.3
2026-07-14 23:00:00,-0.6084617030206007,5.681818181818188,483.6,457.6
2026-07-14 23:15:00,-0.6393041387618011,5.6368800524361,483.5,457.7
2026-07-14 23:30:00,-0.55537802684585,5.759162303664933,484.8,458.4
2026-07-15 06:45:00,-0.9238967032234371,5.222222222222217,473.5,450.0
2026-07-15 07:00:00,-0.8517003254038437,5.327413984461704,474.5,450.5
2026-07-15 07:15:00,-0.8068172894726138,5.39280958721704,474.9,450.6
2026-07-15 07:30:00,-0.9006283635525759,5.256124721603572,472.6,449.0
2026-07-15 07:45:00,-0.9417199511199188,5.196253345227486,471.7,448.4
2026-07-15 08:00:00,-1.0564721587115673,5.029056772463125,469.9,447.4
2026-07-15 08:15:00,-0.8852981476477126,5.27846119436366,470.7,447.1
2026-07-15 08:30:00,-1.0425294376300114,5.049371633752253,468.1,445.6
2026-07-15 08:45:00,-0.9679008376483871,5.158107198923534,468.9,445.9
2026-07-15 09:00:00,-0.7420877060229819,5.487122060470329,471.0,446.5
2026-07-15 09:15:00,-0.8505063697166027,5.3291536050156685,470.4,446.6
2026-07-15 09:30:00,-0.7798519045960172,5.432098765432092,469.7,445.5
2026-07-15 09:45:00,-0.8040121189718042,5.396896784349003,468.7,444.7
2026-07-15 10:00:00,-0.7003428900434053,5.547945205479454,462.3,438.0
2026-07-15 10:15:00,-0.8120813434805405,5.385139740967948,463.8,440.1
2026-07-15 10:30:00,-0.7952333559446696,5.4096876414667205,465.7,441.8
2026-07-15 10:45:00,-0.8321273848556119,5.355932203389835,466.2,442.5
2026-07-15 11:00:00,-0.6561324456522096,5.612360827084761,464.8,440.1
2026-07-15 11:15:00,-0.7133385464664989,5.529010238907861,463.8,439.5
2026-07-15 11:30:00,-0.6296949866518059,5.650880805307712,461.8,437.1
2026-07-15 11:45:00,-0.6602185208927901,5.606407322654472,461.5,437.0
2026-07-15 12:00:00,-0.6812354623645496,5.575785161583968,463.9,439.4
2026-07-15 12:15:00,-0.6907916899141698,5.561861520998868,465.0,440.5
2026-07-15 12:30:00,-0.7771650387232681,5.436013590033983,465.5,441.5
2026-07-15 12:45:00,-0.7020240622358732,5.545495699411496,466.3,441.8
2026-07-15 13:00:00,-0.6284687751044269,5.652667423382507,465.4,440.5
2026-07-15 13:15:00,-0.5580754964968013,5.755232029117363,464.9,439.6
2026-07-15 13:30:00,-0.6107738996339224,5.678449258836937,463.4,438.5
2026-07-15 13:45:00,-0.5977973223852674,5.697356426618039,463.8,438.8
2026-07-15 14:00:00,-0.6742553716036702,5.5859553123575045,463.1,438.6
2026-07-15 14:15:00,-0.5043438179499378,5.833520305137996,471.7,445.7
2026-07-15 14:30:00,-0.6016187454394746,5.691788526434194,469.8,444.5
2026-07-15 14:45:00,-0.46718556312664583,5.887660726370392,469.4,443.3
2026-07-15 15:00:00,-0.7234400320748149,5.514292144947097,468.8,444.3
2026-07-15 15:15:00,-0.6701871862298889,5.591882750845545,468.3,443.5
2026-07-15 15:30:00,-0.7182284613329404,5.521885521885528,470.1,445.5
2026-07-15 15:45:00,-0.588391483103446,5.71106094808127,468.3,443.0
2026-07-15 16:00:00,-0.5300122037210937,5.7961208840775935,469.1,443.4
2026-07-15 16:15:00,-0.4863563141001613,5.859728506787332,467.9,442.0
2026-07-15 16:30:00,-0.35837811321575364,6.046195652173902,468.3,441.6
2026-07-15 16:45:00,-0.44795197794154856,5.915684496826845,467.3,441.2
2026-07-15 17:00:00,-0.40754593470911826,5.974557019536575,466.5,440.2
2026-07-15 17:15:00,-0.6304933895685819,5.649717514124286,467.5,442.5
2026-07-15 17:30:00,-0.6795566066321314,5.578231292517022,465.6,441.0
2026-07-15 17:45:00,-0.7115436239714904,5.531625481750169,465.5,441.1
2026-07-15 18:00:00,-0.7401000305219324,5.49001814882033,465.0,440.8
2026-07-15 18:15:00,-0.7158422274565915,5.5253623188405765,466.0,441.6
2026-07-15 18:30:00,-0.674340648028083,5.585831062670299,465.0,440.4
2026-07-15 18:45:00,-0.6225907193937682,5.66123188405796,466.6,441.6
2026-07-15 19:00:00,-0.7011623809680948,5.546751188589538,466.2,441.7
2026-07-15 19:15:00,-0.7037462550683473,5.542986425339369,466.5,442.0
2026-07-15 19:30:00,-0.806126355100354,5.393816294290232,467.0,443.1
2026-07-15 19:45:00,-0.9006904307464808,5.256034288292355,466.6,443.3
2026-07-15 20:00:00,-0.9423111786694801,5.195391913259551,465.7,442.7
2026-07-15 20:15:00,-0.9088655419157474,5.244122965641962,465.6,442.4
2026-07-15 20:30:00,-0.8851625159222736,5.278658812868153,464.7,441.4
2026-07-15 20:45:00,-0.9195124142230648,5.228610230873687,464.9,441.8
2026-07-15 21:00:00,-0.8351872414036652,5.351473922902494,464.6,441.0
2026-07-15 21:15:00,-0.7859660072887252,5.423190378942588,464.6,440.7
2026-07-15 21:30:00,-0.7590721499009507,5.462375339981862,465.3,441.2
2026-07-15 21:45:00,-0.7910266520402155,5.415816904600046,465.2,441.3
2026-07-15 22:00:00,-0.7582222296851061,5.463613693040115,465.2,441.1
2026-07-15 22:15:00,-0.791868755250447,5.414589941096515,465.3,441.4
2026-07-15 22:30:00,-0.7469260634775325,5.480072463768115,465.8,441.6
2026-07-15 22:45:00,-0.6657360983131316,5.598368087035355,465.9,441.2
2026-07-15 23:00:00,-0.6484304796778398,5.623582766439905,465.8,441.0
2026-07-15 23:15:00,-0.6631216727356524,5.602177364481742,465.6,440.9
2026-07-15 23:30:00,-0.48092845193329165,5.867637025244488,465.5,439.7
2026-07-16 06:45:00,-0.48092845193329165,5.867637025244488,465.5,439.7
2026-07-16 07:00:00,-0.6184424195226024,5.667276051188286,462.4,437.6
2026-07-16 07:15:00,-0.6288074865979564,5.652173913043468,461.7,437.0
2026-07-16 07:30:00,-0.8776034496713631,5.289672544080615,459.8,436.7
2026-07-16 07:45:00,-0.7815989609771798,5.429553264604814,460.2,436.5
2026-07-16 08:00:00,-0.45774783524197243,5.901411710252247,457.6,432.1
2026-07-16 08:15:00,-0.6634769269399786,5.601659751037347,458.1,433.8
2026-07-16 08:30:00,-0.49971915706167197,5.84025854108956,458.5,433.2
2026-07-16 08:45:00,-0.45406095962907583,5.906783571758201,459.0,433.4
2026-07-16 09:00:00,-0.5355819901133724,5.78800557880057,455.1,430.2
2026-07-16 09:15:00,-0.45953284421651214,5.898810911634422,454.2,428.9
2026-07-16 09:30:00,-0.6141067118503347,5.673593275741307,452.6,428.3
2026-07-16 09:45:00,-0.704036766816278,5.542563143124402,451.3,427.6
2026-07-16 10:00:00,-0.6375385386034638,5.639452571967896,447.7,423.8
2026-07-16 10:15:00,-0.7338161236688461,5.499173943828173,447.0,423.7
2026-07-16 10:30:00,-0.8380256707415726,5.34733826688949,441.3,418.9
2026-07-16 10:45:00,-0.7151878309087758,5.52631578947369,441.1,418.0
2026-07-16 11:00:00,-0.9804300986881648,5.139851781018412,439.8,418.3
2026-07-16 11:15:00,-1.120181706126747,4.936230514879547,444.3,423.4
2026-07-16 11:30:00,-1.0013880366831966,5.1093155893536135,442.3,420.8
2026-07-16 11:45:00,-1.0437322919975158,5.047619047619034,441.2,420.0
2026-07-16 12:00:00,-0.8575486105874324,5.318892900120353,437.6,415.5
2026-07-16 12:15:00,-0.681374354493208,5.575582792597933,439.3,416.1
2026-07-16 12:30:00,-0.8336398622433998,5.353728489483767,440.8,418.4
2026-07-16 12:45:00,-0.9546781448792431,5.1773729626078735,438.8,417.2
2026-07-16 13:00:00,-1.055963858215421,5.029797377830758,440.6,419.5
2026-07-16 13:15:00,-0.9544112251778202,5.177761870675246,440.8,419.1
2026-07-16 13:30:00,-0.9985157355294774,5.1135005973715675,439.9,418.5
2026-07-16 13:45:00,-1.0379487562211858,5.056045790603392,440.5,419.3
2026-07-16 14:00:00,-1.0886270224408465,4.982206405693956,442.5,421.5
2026-07-16 14:15:00,-1.1700423367163484,4.8635824436536135,442.0,421.5
2026-07-16 14:30:00,-1.0658106080051861,5.015450439743296,441.8,420.7
2026-07-16 14:45:00,-1.0764147252995235,5.000000000000004,443.1,422.0
2026-07-16 15:00:00,-1.2484070055643408,4.7494033412887715,438.9,419.0
2026-07-16 15:15:00,-1.2522921822228024,4.7437425506555275,439.4,419.5
2026-07-16 15:30:00,-1.236726826995586,4.7664216267488735,441.8,421.7
2026-07-16 15:45:00,-1.1286568641647914,4.923882017126546,441.1,420.4
2026-07-16 16:00:00,-1.2305090205902312,4.775481111903068,441.0,420.9
2026-07-16 16:15:00,-1.2944797903079894,4.682274247491636,438.2,418.6
2026-07-16 16:30:00,-1.2898669810758736,4.688995215311009,437.6,418.0
2026-07-16 16:45:00,-1.3093473641776876,4.660611854684515,437.9,418.4
2026-07-16 17:00:00,-1.1685397050770276,4.865771812080544,437.5,417.2
2026-07-16 17:15:00,-1.230415103961669,4.7756179505639595,436.6,416.7
2026-07-16 17:30:00,-1.0879802469542992,4.983148772267709,436.1,415.4
2026-07-16 17:45:00,-1.069834369601127,5.009587727708542,438.1,417.2
2026-07-16 18:00:00,-1.0036821425175808,5.1059730250481605,436.4,415.2
2026-07-16 18:15:00,-0.9740265439731883,5.149181905678524,437.0,415.6
2026-07-16 18:30:00,-0.9341184993027891,5.207328833172609,436.4,414.8
2026-07-16 18:45:00,-1.1226545491243352,4.932627526467748,436.1,415.6
2026-07-16 19:00:00,-0.886226589337166,5.277108433734945,436.9,415.0
2026-07-16 19:15:00,-0.8280549502309208,5.361865833132962,438.2,415.9
2026-07-16 19:30:00,-0.930509603291825,5.21258707662744,438.0,416.3
2026-07-16 19:45:00,-0.9939230066285563,5.120192307692317,437.3,416.0
2026-07-16 20:00:00,-0.9035975420118683,5.251798561151078,438.9,417.0
2026-07-16 20:15:00,-0.9694326594547918,5.155875299760182,438.5,417.0
2026-07-16 20:30:00,-0.8862702254817008,5.277044854881274,438.9,416.9
2026-07-16 20:45:00,-1.0146202085520093,5.090036014405763,437.7,416.5
2026-07-16 21:00:00,-1.0928341295900155,4.976076555023923,438.8,418.0
2026-07-16 21:15:00,-1.1396748338096678,4.90782858510892,438.2,417.7
2026-07-16 21:30:00,-1.0978316823121306,4.968795007201154,437.3,416.6
2026-07-16 21:45:00,-1.1348293837187464,4.914888515943416,437.6,417.1
2026-07-16 22:00:00,-1.0442506867578774,5.0468637346791745,437.1,416.1
2026-07-16 22:15:00,-1.0137812436112121,5.091258405379451,437.6,416.4
2026-07-16 22:30:00,-1.0805343597493557,4.9939975990396235,437.3,416.5
2026-07-16 22:45:00,-1.1605158451132285,4.877462758289286,436.5,416.2
2026-07-16 23:00:00,-1.135637926585061,4.91371045062321,437.7,417.2
2026-07-16 23:15:00,-1.2531347089625409,4.742514970059886,437.3,417.5
2026-07-16 23:30:00,-1.20919447415092,4.806536890170632,436.1,416.1
2026-07-17 06:45:00,-1.3809021434730258,4.55635491606714,436.0,417.0
2026-07-17 07:00:00,-0.8012892005991281,5.400864138262129,439.1,416.6
2026-07-17 07:15:00,-0.8820468033058327,5.2831984769157625,442.4,420.2
2026-07-17 07:30:00,-1.045528200222526,5.045002368545726,443.5,422.2
2026-07-17 07:45:00,-1.3056252535024613,4.666035054476558,441.9,422.2
2026-07-17 08:00:00,-1.0282196112062174,5.070221375862882,441.4,420.1
2026-07-17 08:15:00,-1.0493680017763558,5.03940769047051,439.8,418.7
2026-07-17 08:30:00,-1.0764147252995235,5.000000000000004,441.0,420.0
2026-07-17 08:45:00,-1.1326713727866062,4.918032786885251,441.6,420.9
2026-07-17 09:00:00,-1.2987840465913365,4.67600284832661,441.0,421.3
2026-07-17 09:15:00,-1.3211264771380333,4.643449419568824,441.7,422.1
2026-07-17 09:30:00,-1.3433843773256007,4.61101915346418,442.4,422.9
2026-07-17 09:45:00,-1.1521669116736641,4.889627343935432,441.9,421.3
2026-07-17 10:00:00,-1.2530021672692933,4.742708086317293,441.7,421.7
2026-07-17 10:15:00,-1.2763566032292404,4.708680142687283,440.3,420.5
2026-07-17 10:30:00,-1.3398831334422214,4.616120545324076,437.4,418.1
2026-07-17 10:45:00,-1.197473846493832,4.823614110871133,436.8,416.7
2026-07-17 11:00:00,-1.242983852283134,4.757304998792566,433.8,414.1
2026-07-17 11:15:00,-1.321180962259845,4.6433700335088535,437.2,417.8
2026-07-17 11:30:00,-1.3470082501186393,4.605739088497707,433.8,414.7
2026-07-17 11:45:00,-1.3162171575998933,4.650602409638549,434.3,415.0
2026-07-17 12:00:00,-1.3913658989939415,4.541108986615683,437.4,418.4
2026-07-17 12:15:00,-1.348196601470423,4.604007633587792,438.5,419.2
2026-07-17 12:30:00,-1.3578055537413773,4.590007171886201,437.5,418.3
2026-07-17 12:45:00,-1.43079269574464,4.483663248270919,438.1,419.3
2026-07-17 13:00:00,-1.3150670260301023,4.652278177458036,436.4,417.0
2026-07-17 13:15:00,-1.250013217221439,4.747063054423384,436.9,417.1
2026-07-17 13:30:00,-1.2850135695573484,4.696066746126348,439.2,419.5
2026-07-17 13:45:00,-1.3398831334422214,4.616120545324076,437.4,418.1
2026-07-17 14:00:00,-1.2711244099346246,4.716303567153446,437.4,417.7
2026-07-17 14:15:00,-1.2862463324648796,4.694270582571014,434.9,415.4
2026-07-17 14:30:00,-1.2924391703112026,4.685247477174426,435.7,416.2
2026-07-17 14:45:00,-1.3150670260301023,4.652278177458036,436.4,417.0
2026-07-17 15:00:00,-1.3973609228337491,4.532374100719427,435.9,417.0
2026-07-17 15:15:00,-1.4062869179533448,4.519368723098993,437.1,418.2
2026-07-17 15:30:00,-1.2602386925747673,4.732164304588027,436.0,416.3
2026-07-17 15:45:00,-1.254768331480912,4.7401347449470554,435.3,415.6
2026-07-17 16:00:00,-1.3139081247585056,4.653966722932235,434.0,414.7
2026-07-17 16:15:00,-1.2342874963347146,4.769975786924929,432.7,413.0
2026-07-17 16:30:00,-1.378599105589008,4.559710494571778,433.4,414.5
2026-07-17 16:45:00,-1.3023126669998326,4.6708615682478305,432.5,413.2
2026-07-17 17:00:00,-1.383066190430607,4.5532018504991445,429.4,410.7
2026-07-17 17:15:00,-1.4673628198616626,4.430379746835444,429.0,410.8
2026-07-17 17:30:00,-1.550625663181,4.309063893016329,421.2,403.8
2026-07-17 17:45:00,-1.4260998277278838,4.490500863557845,423.5,405.3
2026-07-17 18:00:00,-1.5564733044243635,4.300543746910512,422.0,404.6
2026-07-17 18:15:00,-1.5732710725354033,4.276069017254325,417.0,399.9
2026-07-17 18:30:00,-1.6950963926725644,4.098566758863464,414.0,397.7
2026-07-17 18:45:00,-1.7876970183569962,3.963645544054528,411.8,396.1
2026-07-17 19:00:00,-1.7544329574281052,4.012112036336113,412.2,396.3
2026-07-17 19:15:00,-1.6911044735071399,4.104383075753737,410.9,394.7
2026-07-17 19:30:00,-1.667238094210349,4.139156932453014,410.1,393.8
2026-07-17 19:45:00,-1.4865972481980627,4.402354747888393,407.9,390.7
2026-07-17 20:00:00,-1.647634975952036,4.167719120990143,412.4,395.9
2026-07-17 20:15:00,-1.714862259571554,4.06976744186045,411.7,395.6
2026-07-17 20:30:00,-1.5815822857292228,4.263959390862948,410.8,394.0
2026-07-17 20:45:00,-1.7024775373416225,4.087812263436796,412.5,396.3
2026-07-17 21:00:00,-1.5277887504919012,4.342337793486495,413.3,396.1
2026-07-17 21:15:00,-1.534545056094845,4.332493702770779,414.2,397.0
2026-07-17 21:30:00,-1.890851779963256,3.8133467134972454,413.8,398.6
2026-07-17 21:45:00,-1.9475206202299686,3.7307789261406654,411.5,396.7
2026-07-17 22:00:00,-1.905702555141987,3.7917087967644036,410.6,395.6
2026-07-17 22:15:00,-1.8918144430697408,3.811944091486663,408.5,393.5
2026-07-17 22:30:00,-1.980949617525815,3.6820721178263183,408.3,393.8
2026-07-17 22:45:00,-1.9467431947626754,3.7319116527037455,408.6,393.9
2026-07-17 23:00:00,-1.9037275733558474,3.7945863900834764,410.3,395.3
2026-07-17 23:15:00,-2.203550246941142,3.3577379449633904,409.4,396.1
2026-07-17 23:30:00,-2.188803678551635,3.379224030037542,413.0,399.5
2026-07-18 09:45:00,-1.839196152817562,3.8886101354741687,414.1,398.6
2026-07-18 10:00:00,-2.119050980143431,3.480855295872698,416.2,402.2
2026-07-18 10:15:00,-2.1496615639126806,3.436254980079667,415.4,401.6
2026-07-18 10:30:00,-2.3200159077941986,3.1880448318804433,414.3,401.5
2026-07-18 10:45:00,-2.3398102813029844,3.159203980099501,414.7,402.0
2026-07-18 11:00:00,-2.2066619157218423,3.3532041728763007,416.1,402.6
2026-07-18 11:15:00,-2.1743059973923127,3.4003474807644762,416.6,402.9
2026-07-18 11:30:00,-2.259479874203243,3.2762472077438654,416.1,402.9
2026-07-18 11:45:00,-2.208375548116688,3.3507073715562274,416.4,402.9
2026-07-18 12:00:00,-2.233411956062415,3.3142287565412376,414.6,401.3
2026-07-18 12:15:00,-2.1626633721759556,3.417311050137206,414.6,400.9
2026-07-18 12:30:00,-2.1626633721759556,3.417311050137206,414.6,400.9
2026-07-18 12:45:00,-2.3238240580178395,3.1824962705121917,415.0,402.2
2026-07-18 13:00:00,-1.797278206998803,3.949685534591185,413.2,397.5
2026-07-18 13:15:00,-1.981381727062068,3.681442524417733,414.0,399.3
2026-07-18 13:30:00,-2.0562753879879843,3.5723207594304363,414.6,400.3
2026-07-18 13:45:00,-2.2128776262570837,3.3441477414524634,414.1,400.7
2026-07-18 14:00:00,-2.1632482616647017,3.416458852867832,414.7,401.0
2026-07-18 14:15:00,-2.165001181146654,3.413904809369539,415.0,401.3
2026-07-18 14:30:00,-2.075244058591164,3.544682975536695,414.8,400.6
2026-07-18 14:45:00,-2.03727826437891,3.600000000000003,414.4,400.0
2026-07-18 15:00:00,-2.0581114799755413,3.5696455317024256,414.9,400.6
2026-07-18 15:15:00,-2.092979505583336,3.518842026453717,414.8,400.7
2026-07-18 15:30:00,-1.9743460338679917,3.6916936891993046,415.7,400.9
2026-07-18 15:45:00,-2.0287974416267063,3.6123567513701937,415.9,401.4
2026-07-18 16:00:00,-1.9762406431811623,3.688933200398803,416.0,401.2
2026-07-18 16:15:00,-2.0123207698573693,3.6363636363636376,416.1,401.5
2026-07-18 16:30:00,-1.9439440725380803,3.735990037359893,416.5,401.5
2026-07-18 16:45:00,-1.9426661626704036,3.7378519810615574,416.3,401.3
2026-07-18 17:00:00,-2.048347018793395,3.583872573419611,416.2,401.8
2026-07-18 17:15:00,-2.012942221414191,3.635458167330663,416.2,401.6
2026-07-18 17:30:00,-2.150248670872609,3.4353995519044167,415.5,401.7
2026-07-18 17:45:00,-2.0275615130223255,3.6141575274177384,415.7,401.2
2026-07-18 18:00:00,-2.1331630074585575,3.4602937515558985,415.6,401.7
2026-07-18 18:15:00,-2.134344847326462,3.458571784025888,415.8,401.9
2026-07-18 18:30:00,-2.049570761680573,3.5820895522387985,416.4,402.0
2026-07-18 18:45:00,-2.255566365393047,3.281949278965679,415.4,402.2
2026-07-19 09:45:00,-2.3505442414055073,3.1435643564356353,416.7,404.0
2026-07-19 10:00:00,-2.2050593779314624,3.3555391068344376,418.9,405.3
2026-07-19 10:15:00,-2.1915548091042134,3.375215570337531,419.6,405.9
2026-07-19 10:30:00,-2.1915548091042134,3.375215570337531,419.6,405.9
2026-07-19 10:45:00,-2.124506551881543,3.4729064039408897,420.1,406.0
2026-07-19 11:00:00,-2.2124226688741713,3.3448106246925624,420.2,406.6
2026-07-19 11:15:00,-2.036939753355799,3.60049321824909,420.1,405.5
2026-07-19 11:30:00,-2.226496757071304,3.3243043585323706,419.6,406.1
2026-07-19 11:45:00,-2.159472910130867,3.4219596258000973,420.1,406.2
2026-07-19 12:00:00,-2.19724789195726,3.3669206193168044,420.6,406.9
