quarter,bars,pnl_0.8/0.7,trades_0.8/0.7,pnl_1.3/1.1,trades_1.3/1.1,pnl_1.4/1.3,trades_1.4/1.3
2025-Q2,1294,-5744.698133279585,19,2997.400773972773,13,12858.412379102721,19
2025-Q3,5152,130078.10621449935,141,100221.45633207912,80,65656.52966769834,82
2025-Q4,5008,126147.7419147041,146,129380.7728233427,99,112094.48514604148,134
2026-Q1,4644,-7917.432438766547,65,46791.09680262928,82,57166.50309815703,118
2026-Q2,3823,54250.2747359271,39,57184.29709128805,34,80666.24844277959,68
