test_quarter,train_quarter,wf_entry,wf_exit,wf_gap,train_pnl_is,oos_pnl,oos_trades
2025-Q3,2025-Q2,1.7,1.4,0.3,16855.7790070467,43020.33755035915,36
2025-Q4,2025-Q3,0.4,0.1,0.3,152107.85124329018,122102.31440693556,78
2026-Q1,2025-Q4,0.7,0.5,0.2,146713.2852280232,-14948.4653997682,40
2026-Q2,2026-Q1,1.8,1.7,0.1,74375.80710328148,31160.762332170685,31
